Code LPP;Libellé;Tarif;Prix unitaire réglementé;Date début validité;Date fin validité
01011100028;EMULSION HYALURONATE SODIUM 0,18 POUR CENT HORUS,NEOVIS TOTAL MULTI,FLACON 15 ML;1.28;0.0;01/01/2023;06/07/2023
2876161;D01.1;7.0;0.0;01/05/2016;06/07/2023
1141487;PERFUSION, INSULINE, INSULET, OMNIPOD, FORFAIT JOURNALIER POD;1.02;0.0;01/01/2021;06/07/2023
1111782;B01.5;6.66;0.0;09/12/2006;03/08/2009
1220293;ESCARRES,SURMATELAS AIR MOTORISE,WINNCARE,AXTAIR ONE PLUS,FORFAIT LOCATION HEBDO;1.09;0.0;07/07/2023;20/07/2023
1199558;E04.21;1.52;0.0;20/11/2003;12/03/2004
1144586;A03.3111;5.2;0.0;06/07/2023;16/09/2011
1161024;D03.07;8.45;0.0;01/06/2015;06/07/2023
1196270;D01.22;8.08;0.0;30/09/2008;06/07/2023
1202266;NUTRITION ENTERALE, FORFAIT HEBDOMADAIRE SANS POMPE OU PAR GRAVITE;6.04;0.0;01/11/2016;06/07/2023
1199297;BOUCLE SEMI-FERMEE, INSULET, OMNIPOD 5, FORFAIT DE FORMAT TECH INITIALE;3.91;0.0;20/05/2024;11/11/2025
1115047;D03.11;1.09;0.0;01/07/2018;06/07/2023
1123414;D04.31;1.74;0.0;01/04/2018;06/07/2023
1153480;B06.211;0.0;0.0;30/07/2007;01/05/2016
1133690;D03.06;1.17;0.0;01/07/2018;06/07/2023
1163030;D04.31;2.5;0.0;05/05/2008;06/07/2023
1176480;D01.2;1.12;0.0;18/09/2017;07/01/2018
1213896;ESCARRES, COUSSIN EN MOUSSE VISCOELASTIQUE, CLASSE II, PHARMA OUEST, PHARMA FORM;1.02;0.0;20/05/2013;04/09/2013
1188684;NUT. ORALE, MEL POLY HYPERPROT. HYPERENERG, NUTRISENS, BISCUITS NUTRISENS;1.58;0.0;08/09/2003;01/12/2005
2876181;OXYGENOTHERAPIE A COURT TERME, OCT 3.00;4.45;0.0;01/07/2018;06/07/2023
1126660;DISPOSITIF ASSISTANCE CIRCULAT, LOC MAINTENANCE, MENSUEL, BERLIN, EXCOR;5.98;0.0;20/09/2012;06/07/2023
3485825;OXYGENOTHERAPIE A LONG TERME, OXYGENE LIQUIDE, OLT 2.00;1.05;0.0;01/07/2018;06/07/2023
1143470;OXYGENOTHERAPIE A LONG TERME EN POSTE FIXE, OLT 1.00;4.74;0.0;12/03/2015;06/07/2023
1171471;DIGESTIF, 50 POCHES DE RECUEIL VIDABLES, 50 CLAMPS ET 50 FILTRES;5.64;0.0;18/09/2017;07/01/2018
1116880;ESCARRES, COUSSIN PNEUMATIQUE, CLASSE II, ASKLE, OPTIMAIR 10;0.0;0.0;10/01/2008;30/01/2020
2876191;DIGESTIF, COLLECTEUR MATIERES FECALES, 50 POCHES AVEC ADHESIF;5.98;0.0;20/09/2012;14/09/2015
3476430;SONDE DE STIMULATEUR CARDIAQUE, SUPPLEMENT FIXATION ACTIVE PROTEGEE;7.41;0.0;21/05/2005;29/06/2006
1199506;FORFAIT JOUR DEXCOM, DEXCOM G6, POUR BOUCLE SEMI-FERMEE.;6.57;0.0;14/08/2023;18/10/2023
1111902;D01.23;6.22;0.0;01/06/2015;06/07/2023
2876151;D01.1;7.45;0.0;09/12/2022;12/03/2023
2876171;D01.1;1.42;0.0;01/07/2018;06/07/2023
1130354;D01.3;0.0;0.0;08/09/2003;26/06/2003
2878061;P02.32;0.0;0.0;30/07/2007;01/05/2016
1187472;TIRE-LAIT SIMPLE;5.73;0.0;24/10/2019;01/05/2020
1130325;AUTOCONTROLE DU GLUCOSE INTERSTITIEL, FORFAIT INIT, DEXCOM, DEXCOM G6;1.83;0.0;12/12/2022;06/07/2023
1173323;PERFUSION,SYSTEME ACTIF AMBULATOIRE,ACHAT DE LA POMPE PROGRAMMABLE HORS INSULINE;2.98;0.0;30/07/2007;01/05/2016
2878091;M01;3.33;0.0;05/03/2012;01/06/2017
1160958;FILTRE RESPIRATOIRE POUR LARYNGECTOMISES, LA PAIRE,COLLIN;2.54;0.0;01/07/2019;06/07/2023
1102375;ESCARRES,SURMATELAS AIR MOTORISE,WINNCARE,AXTAIR ONE PLUS,FORFAIT LOCATION HEBDO;1.09;0.0;21/07/2023;04/07/2023
1151190;D03.12;5.74;0.0;01/07/2018;06/07/2023
1136581;PERFUSION, SYSTEME ACTIF EN POSTE FIXE, LOCATION DE LA POMPE PROGRAMMABLE;4.57;0.0;30/07/2007;01/05/2016
1186202;BOUCLE SEMI-FERMEE, INSULET, OMNIPOD 5, FORFAIT JOUR PRESTATION;4.69;0.0;20/05/2024;11/11/2025
1117201;D03.04;1.01;0.0;01/06/2015;06/07/2023
1145723;D04.31;2.43;0.0;01/07/2021;06/07/2023
2878081;NUTRITION ENTERALE, FORFAIT HEBDOMADAIRE AVEC POMPE OU REGULATEUR DE DEBIT;8.22;0.0;01/11/2016;06/07/2023
1154739;N01.15;1.56;0.0;01/03/2022;06/07/2023
2876201;PPC, APNEE SOMMEIL, PATIENT NON TELEOBSERVE, FORFAIT HEBDO 9.4;1.59;0.0;18/09/2017;07/01/2018
1130897;D03.10;5.56;0.0;01/06/2015;06/07/2023
2878071;D01.3;1.4;0.0;01/05/2016;06/07/2023
1130236;AUTOCONTROLE DU SUCRE DANS LE SANG, SET DAUTOSURVEILLANCE DE LA GLYCEMIE;3.89;0.0;01/01/2022;06/07/2023
1117454;AUTOCONTROLE, AUTOPIQUEUR,STERILANCE;1.44;0.0;01/04/2025;17/05/2024
1198033;AUTOCONTROLE , SET DAUTOSURVEILLANCE DE LA GLYCEMIE,BIOGINE FARMA;1.46;0.0;03/04/2004;06/07/2023
1122509;VENTILATION ASSISTEE POUR TRACHEOTOMISES;1.25;0.0;06/07/2023;16/09/2011
1204035;C03.16;0.0;0.0;08/09/2003;01/02/2006
1249374;C03.11;8.1;0.0;07/07/2023;03/07/2023
1265410;C03.17;6.66;0.0;07/07/2023;02/01/2024
1289652;ESCARRES, COUSSIN EN MOUSSE VISCOELASTIQUE, CLASSE II, ABC, MEMOBA ANATOMIQUE;1.02;0.0;20/05/2013;04/09/2013
1298119;SOULEVE-MALADE, ACHAT DES SANGLES,SCALEO MEDICAL;0.0;0.0;08/09/2003;06/07/2023
1201700;C03.17;6.66;0.0;07/07/2023;03/07/2023
1251840;LIT MEDICAL, FORFAIT DE LIVRAISON DU LIT AVEC OU SANS ACCESSOIRES;0.0;0.0;08/09/2003;02/12/2009
1204220;APPAREIL DE SOUTIEN PARTIEL DE LA TETE;0.0;0.0;07/07/2023;03/07/2023
1227332;A07;6.66;0.0;09/12/2006;03/08/2009
1286978;VPH, LCD, FORFAIT DE LOCATION HEBDOMADAIRE FMPR, 14 A 26 SEMAINES INCLUSES;0.0;0.0;08/09/2003;01/02/2006
1252815;A04.21;1.35;0.0;13/05/2019;06/07/2023
1243510;LIT, COMPRESSEUR POUR SURMATELAS PNEUMATIQUE, FORFAIT DE LIVRAISON;1.75;0.0;07/07/2023;30/03/2024
1280562;A04.21;1.35;0.0;08/03/2017;06/07/2023
1251460;A04.32;2.97;0.0;07/07/2023;03/07/2023
1261725;A04.32;2.97;0.0;01/11/2016;06/07/2023
1228857;A04.23;4.94;0.0;07/07/2023;16/07/2023
1277749;LIT MEDICAL, LIT STANDARD OU ENFANT, FORFAIT DE LIVRAISON DU LIT ET ACCESSOIRES;2.3;0.0;14/10/2013;06/07/2023
1273415;A04.21;1.35;0.0;08/03/2017;06/07/2023
1249523;A04.28;2.27;0.0;13/05/2019;06/07/2023
1146349;ESCARRES, COUSSIN PNEUMATIQUE, CLASSE II, SYST'AM, POLYAIR P301C;0.0;0.0;10/08/2009;06/07/2023
1230972;C03.17;6.66;0.0;09/12/2006;06/07/2023
1247665;C03.23;1.36;0.0;01/01/2021;26/06/2023
1217374;ESCARRES, MATELAS AIR MOTORISE, MEDIDEV, SENTRY 1200 ST LIVRAISON SANS LIT.;1.7;0.0;11/02/2019;06/07/2023
1264764;A04.28;2.27;0.0;07/07/2023;02/01/2024
1283365;ESCARRES MATELAS EN MOUSSE VISCOELASTIQUE, CLASSE II, WINNCARE, VITAFORM;2.97;0.0;08/03/2017;06/07/2023
1290968;ESCARRES, COUSSIN PNEUMATIQUE, CLASSE II, SYST'AM, POLYAIR P302C;0.0;0.0;10/08/2009;06/07/2023
1215702;C03.12;0.0;0.0;08/09/2003;01/02/2006
1273875;A04.23;4.94;0.0;01/11/2016;06/07/2023
1252206;A04.28;2.3;0.0;09/12/2006;19/12/2016
1286955;A04.28;2.27;0.0;13/02/2017;06/07/2023
1265166;C08.11;0.0;0.0;07/07/2023;01/12/2025
1283537;C08.11;1.02;0.0;20/05/2013;04/09/2013
1371030;PANSEMENT, FIXATION, BANDE, CREPE, COTON, 4 M X 10 CM,LABOKIT;9.91;0.0;15/11/2024;14/11/2025
1397620;B01.22;8.15;0.0;01/07/2021;06/07/2023
1330277;PELOTE INGUINALE OU CRURALE SANS SOUS-CUISSE - B33N - SUR MESURE;0.0;0.0;15/07/2025;26/06/2025
1351173;B01.52;0.0;0.0;01/07/2021;06/07/2023
4933507;E00.05;0.0;0.0;15/07/2025;26/06/2025
4933505;BAS CUISSE EN 21 EN SERIE ELASTIQUE EN 2 SENS - V4;0.0;0.0;15/07/2025;26/06/2025
2187356;CORRECTION ORTHOPEDIQUE, PIED, ATTELLE RELEVEUR DE PIED DE SERIE,ORTHONOV;0.0;0.0;01/01/2023;06/07/2023
3283613;ENDOPROTHESE POUR EMBOLISATION, MEDTRONIC, PIPELINE VANTAGE, DIAM 2,5;7.86;0.0;02/01/2026;10/12/2024
3120510;HANCHE, CUPULE BIPOLAIRE MOBILE OU CUPULE FEMORALE UNIPOLAIRE;2.87;0.0;01/01/2020;06/07/2023
3186293;HANCHE, COTYLE STD, 1 MOB, MODULR, METAL-BACK, INSERT-, CIMENTE-,I.CERAM;5.32;0.0;01/09/2025;23/07/2025
3133262;ENDOPROTHESE NUE AUTO-EXPANSIBLE,MEDICUT STENT;6.5;0.0;07/07/2023;31/03/2025
3127942;LIGAMENT ARTICULAIRE ARTIFICIEL, SYSTEME FIXATION OU SERTISSAGE,COMPANION SPINE;6.0;0.0;01/09/2025;23/07/2025
3104987;IMPLANT CMF, PLAQUE NASALE PREFORMEE, POUR GENIOPLASTIE,ZIMMER BIOMET;1.23;0.0;07/07/2023;31/08/2025
3144314;RECONSTRUCTION MASSIVE BASSIN, MODULAIRE, INSERT, IMPLANTCAST, ECOFIT 2M;1.56;0.0;21/05/2005;15/03/2006
3130950;DOIGT, IMPLANT METACARPIEN OU METATARSIEN, MODULAIRE, TIGE;5.68;0.0;01/01/2020;06/07/2023
3107460;IMPLANT OSSEUX ANATOMIQUE, CHIRURGIE ORTHOPEDIQUE, F. HOSPITALIERES, EUROCER;7.17;0.0;08/09/2003;01/03/2005
3121810;HANCHE, COTYLE STANDARD, MONOBLOC, CERAMIQUE MASSIVE, CIMENTE;5.04;0.0;01/01/2020;06/07/2023
3280106;LIGAMENT ARTICULAIRE ARTIFICIEL DU RACHIS, DE REMPLACEMENT OU DE RENFORT;2.32;0.0;07/07/2023;03/07/2023
3288310;GENOU, PROTHESE TOTALE SPECIALE REALISEE A L UNITE;4.2;0.0;01/01/2020;06/07/2023
3137283;ALLOGREFFE VASCULAIRE, NON SAPHENE, CRYOCONSERVEE,EFS;1.56;0.0;07/07/2023;01/01/2024
3104830;GENOU, IMPL BICOMPARTIMENT OU INSERT TIBIAL EN POLYETHYLENE SEUL,FH ORTHOPEDICS;3.24;0.0;01/09/2025;23/07/2025
3101606;GENOU, EMBASE TIBIALE UNICOMPARTIMENT, METALLIQUE, NON CIMENTEE,GRP BIOIMPIANTI;5.07;0.0;01/09/2025;23/07/2025
3120762;EPAULE, TETE OU CALOTTE SEULE METALLIQUE,LINK WALDEMAR;2.73;0.0;01/09/2025;23/07/2025
3170665;GENOU, IMPLANT TIBIAL BICOMPARTIMENTAL, EMBASE METALLIQUE, NON CIMENTEE;8.76;0.0;01/01/2020;06/07/2023
3120041;HANCHE, COTYLE STD, MONOBLOC, POLYMERE MASSIF, CIMENTE,UNITED ORTHOPED;8.93;0.0;01/05/2019;06/07/2023
3150450;RACHIS, IMPLANT D UNION TRANSVERSALE,ISOTIS;6.12;0.0;01/07/2021;06/07/2023
3151254;HANCHE, TIGE DE REPRISE, COL INCLUS, DROITE, MODULAIRE, CIMENTEE;7.83;0.0;01/01/2020;06/07/2023
3133180;RACHIS, PROTHESE DISQUE LOMBAIRE, LDR, MOBIDISC, PLATEAU INFERIEUR.;7.7;0.0;07/07/2023;03/07/2023
3198994;HANCHE, COTYLE, MONOBLOC MIXTE, ALLIAGE METALLIQUE, ZIMMER, METASUL;1.02;0.0;24/11/2010;18/11/2013
3107916;RACHIS, CAGE INTERSOMATIQUE OU EQUIVALENT,FOURN HOSP IND;4.48;0.0;01/05/2019;01/01/2022
3131903;HANCHE, IMPLANT SUR MESURE, TIGE SPECIALE,FRANCEMED;2.11;0.0;01/05/2019;06/07/2023
3114939;EPAULE, TIGE SPECIALE,IMPLANTCAST;2.09;0.0;07/07/2023;31/08/2025
3196009;A03.11;1.31;0.0;02/04/2018;20/09/2021
3122169;HANCHE, TIGE DE RECONSTRUCTION, COL INCLUS, DROITE, NON CIMENTEE,SOC ETU REC FAB;1.16;0.0;01/07/2022;06/07/2023
3189200;HANCHE, ANNEAU DE SOUTIEN OU FOND DE COTYLE;2.26;0.0;01/01/2020;06/07/2023
3145785;EPAULE, TETE OU CALOTTE SEULE EN POLYETHYLENE,EVOLUTIS;8.26;0.0;01/02/2026;11/01/2025
3192017;DOIGT, IMPLANT METACARPIEN OU METATARSIEN, CUPULE,3SORTHO;3.56;0.0;01/05/2019;06/07/2023
3112917;ACCESSOIRE, VIS DE FIXATION POUR IMPLANT ARTICULAIRE,LINK WALDEMAR;6.12;0.0;07/07/2023;03/07/2023
3122382;RACHIS, IMPLANT D'UNION LONGITUDINALE, PLAQUE,MEDICREA;1.66;0.0;01/05/2019;06/07/2023
3283866;RECONSTRUCTION TIBIALE, MODULAIRE, CHARNIERE FIXE HAP, STRYKER, METS.;3.8;0.0;07/07/2023;03/07/2023
3294350;ENDOPROTHESE CORONAIRE LIB. RIDAFOROLIMUS, VASCULAR, ELUNIR, DIAM 3,00.;4.3;0.0;01/07/2024;30/06/2025
3299531;J01.15;8.34;0.0;21/05/2005;20/03/2009
3107862;HANCHE, ANNEAU DE SOUTIEN OU FOND DE COTYLE,FRANCEMED;2.26;0.0;01/05/2019;06/07/2023
3163659;GENOU, IMPL TIBIAL BICOMPART, EMBASE METALLIQUE, NON CIMENTEE,SOC ETU REC FAB;8.76;0.0;07/07/2023;31/08/2025
3287396;ENDOPROTHESE POUR EMBOLISATION, MEDTRONIC, PIPELINE VANTAGE, DIAM 2,5;8.4;0.0;02/01/2025;01/01/2026
3116588;HANCHE, COTYLE STD, 1 MOB, MODULR, METAL-BACK, INSERT-, CIMENTE-,LINK S.A.R.L.;5.4;0.0;07/07/2023;31/08/2025
3104148;E03.82;1.1;0.0;01/01/2020;06/07/2023
3136421;E04.23;7.47;0.0;21/05/2005;15/03/2006
3292747;ENDOPROTHESE POUR EMBOLISATION, MEDTRONIC, PIPELINE VANTAGE, DIAM 2,5;8.94;0.0;07/07/2023;01/01/2025
3298649;CHEVILLE, IMPLANT INTERMEDIAIRE OU COUSSIN;1.84;0.0;21/05/2005;04/10/2005
3132446;ENDOPROTHESE POUR EMBOLISATION, MEDTRONIC, PIPELINE FLEX, DIAM 3,25.;8.94;0.0;07/07/2023;01/01/2025
3163300;HANCHE, TIGE DE REPRISE, COL INCLUS, DROITE, MODULAIRE, NON CIMENTEE;8.84;0.0;01/01/2020;06/07/2023
3140150;IMPLANT MAMMAIRE, ROND, GEL, LISSE, EUROSILICONE, PERLE.;3.35;0.0;01/10/2025;17/09/2025
3135663;HANCHE, TIGE DE REPRISE, COL INCLUS, DROITE, MODULR, NON CIMENTE,GROUPE LEPINE;8.84;0.0;01/05/2019;06/07/2023
3128290;IMPLANT CRANIO-MAXILLO-FACIAL, PLAQUE, CONSTRUCTION TOTALE DE LA MANDIBULE;5.43;0.0;07/07/2023;31/08/2025
3151047;RACHIS, IMPLANT DUNION LONGITUDINALE, CONNECTEUR,SILONY MEDICAL;6.57;0.0;07/07/2023;03/07/2023
3143148;HANCHE, TIGE STANDARD, COL INCLUS,;6.15;0.0;07/07/2023;31/08/2025
3111390;HANCHE, TIGE DE REPRISE, COL INCLUS, DROITE, MODULR, NON CIMENTE,MED PARTNER;8.84;0.0;01/05/2019;06/07/2023
3151627;E01.721;1.55;0.0;07/07/2023;03/07/2023
3211275;ENDOPROTHESE CORONAIRE, STENT LIB. BIOLIMUS, CARDINAL, LUMENO ALPHA, 3,5 MM.;6.14;0.0;21/05/2005;20/03/2009
3131079;IMPLANT PLASTIE ENDOCANALAIRE, DIGESTIVE, METALLIQUE NU.;8.78;0.0;07/07/2023;01/01/2024
3110657;J03.211;3.26;0.0;21/05/2005;15/03/2006
3137768;GENOU, CALE DE RATTRAPAGE;2.49;0.0;01/01/2020;06/07/2023
3170984;HANCHE, TETE ET TETE A JUPE ALLIAGE METALLIQUE, BIOMET MERCK, REF. 650-01XX;3.74;0.0;24/09/2007;31/03/2008
3135692;RACHIS, IMPLANT D ANCRAGE, CROCHET, PINCE-CROCHET,ULRICH MED;1.37;0.0;01/05/2019;06/07/2023
3125653;DOIGT, IMPLANT METACARPIEN OU METATARSIEN, MONOBLOC, METALLIQUE OU MIXTE;6.33;0.0;01/01/2020;06/07/2023
3111556;GENOU, EMBASE DE REPRISE, CIMENTEE,EUROS;9.87;0.0;07/07/2023;31/08/2025
3181752;IMPLANT OSSEUX, ANATOMIQUE, CHIRURGIE ORTHOPEDIQUE,ULRICH MED;2.09;0.0;07/07/2023;31/08/2025
3164890;CLIPS SUR BARETTE, NON RESTERILISABLES;1.4;0.0;21/05/2005;15/03/2006
3128657;J03.44;1.52;0.0;08/09/2003;01/03/2005
3187134;IMPLANT VASCULAIRE DE PONTAGE NON TEXTILE, BIFURQUE OU MULTIFURQUE;7.76;0.0;07/06/2006;01/03/2014
3162950;AGRAFAGE, TETE ARTICULEE, SUTURE ET ANASTOMOSE LINEAIRES;3.42;0.0;21/05/2005;15/03/2006
3191845;IMPLANT NEUROLOGIQUE, VALVE D'HYDROCEPHALIE PREREGLEE, REGULATION DE DEBIT;3.98;0.0;21/05/2005;15/03/2006
3155855;GENOU, IMPLANT FEMORAL, BICONDYLIEN, NON CIMENTE;1.4;0.0;01/01/2020;06/07/2023
3140931;SYSTEME DE POSE A CLIPS SANS SECTION, POUR CHIRURGIE CONVENTIONNELLE;8.57;0.0;21/05/2005;15/03/2006
3122608;IMPLANT OSSEUX ANATOMIQUE, CHIRURGIE NON ORTHOPEDIQUE, ORTHOTECHNIQUE,OSTEOSET T;1.52;0.0;21/05/2005;02/08/2006
3161130;HANCHE, INSERT EN POLYMERE MASSIF,EUROS;6.12;0.0;01/07/2021;06/07/2023
3110539;IMPLANT CRANIO-MAXILLO-FACIAL, PLAQUE NON DROITE,ZIMMER BIOMET;5.87;0.0;07/07/2023;31/08/2025
3101405;OSTEOSYNTHESE, VIS D'INTERFERENCE, RESORBABLE, LIGAMENTOPLASTIE,FH ORTHOPEDICS;2.02;0.0;01/09/2025;23/07/2025
3157570;GENOU, PROTHESE TOTALE SPECIALE REALISEE A L'UNITE,FRANCEMED;4.2;0.0;07/07/2023;03/07/2023
3183633;LIGAMENT ARTICULAIRE ARTIFICIEL, SYSTEME FIXATION OU SERTISSAGE,NEOMEDTECH;1.04;0.0;01/09/2025;23/07/2025
3131949;ENDOPROTHESE CAROTIDIENNE, ABBOTT, RX ACCULINK.;7.8;0.0;25/04/2023;06/07/2023
3189771;GENOU, EMBASE DE REPRISE, NON CIMENTEE;1.18;0.0;01/01/2020;06/07/2023
3151662;GENOU, IMPLANT FEMORAL, UNICONDYLIEN OU UNICOMPARTIMENT, CIMENTE,GRP BIOIMPIANTI;5.36;0.0;01/09/2025;23/07/2025
3122376;E04.12;2.81;0.0;21/05/2005;15/03/2006
3149323;HANCHE, TIGE DE REPRISE, COL INCLUS, DROITE, MODULAIRE, CIMENTEE,I.CERAM;7.83;0.0;01/05/2019;06/07/2023
3167309;EPAULE, TIGE HUMERALE STANDARD, MODULAIRE;1.03;0.0;01/01/2020;06/07/2023
3141801;E04.12;5.42;0.0;07/06/2006;01/03/2014
3115689;IMPLANT CRANIO-MAXILLO-FACIAL, PLAQUE MICRO, NON DROITE,GEBRUDER MARTIN;7.77;0.0;07/07/2023;31/08/2025
3175711;OSTEOSYNTHESE, VIS D INTERFERENCE, NON RESORB, LIGAMENTOPLASTIE,VID INTERV MED;8.48;0.0;01/05/2019;06/07/2023
3168042;RACHIS, IMPLANT D'UNION LONGITUDINALE, TIGE,BIOTECHNI;6.99;0.0;01/05/2019;06/07/2023
3199491;IMPLANT OPHTALMOLOGIQUE, VISCO-ELASTIQUE, BAUSCH, DOMIVISC PHACO RC CRETE DE COQ;5.34;0.0;02/04/2018;20/09/2021
3104556;RACHIS, IMPLANT DANCRAGE, VIS SPECIFIQUE SIMPLE,SILONY MEDICAL;2.79;0.0;01/05/2019;06/07/2023
3107566;C01.12;2.64;0.0;30/06/2005;20/03/2009
3124895;B01.21;1.52;0.0;02/04/2018;20/09/2021
3158368;A05.1;5.34;0.0;02/04/2018;20/09/2021
3279110;D01.2;3.05;0.0;02/04/2018;20/09/2021
3415919;STIM CEREBRALE, BOSTON, VERCISE PC, UNE TELECOMMANDE ET UN KIT.;6.99;0.0;01/01/2021;23/12/2021
3492239;A02.27;7.01;0.0;21/05/2005;29/06/2006
3402087;STIMULATEUR CARDIAQUE SIMPLE CHAMBRE FREQ.ASSERV., C.P.I, PULSARMAX SR 1170;1.89;0.0;20/09/2012;14/09/2015
3407073;COAGUL TISSUS CARD PAR RADIOFR, ATRICURE, EPI-SENSE GUIDED COAGULATION SYSTEM;;0.0;;
3460736;IMPLANT COCH OU TRONC CEREBRAL, MED-EL, PROCESSEUR.;6.0;0.0;21/09/2021;06/07/2023
3442106;STIMULATION CEREBRALE, MEDTRONIC,ACTIVA PC, TELECOMMANDE;6.99;0.0;01/01/2021;06/07/2023
3453802;SONDE DE STIMULATEUR CARDIAQUE ENDOCAVITAIRE BIPOLAIRE;4.59;0.0;21/05/2005;29/06/2006
3462824;STIM CEREBRALE, BOSTON, VERCISE PC ET VERCISE GEVIA, UNE EXTENSION.;3.87;0.0;09/12/2022;06/07/2023
3458024;STIMULATEUR CARDIAQUE DOUBLE CHAMBRE FREQ.ASSERV., BIOTRONIK, EVIA DR-T;5.04;0.0;21/05/2005;29/06/2006
1125086;COAGUL TISSUS CARD PAR RADIOFR, ATRICURE, EPI-SENSE GUIDED COAGULATION SYSTEM;5.25;0.0;01/11/2013;06/07/2023
1189815;SOLUTE DE REHYDRATATION ORALE, LE CONDITIONNEMENT,NUTRICIA;6.2;0.0;24/10/2003;06/07/2023
1175983;GILET DE SERIE CONTENTION ET IMMOBILISATION SCAPULO-HUMERALE,CIMATEL;0.0;0.0;08/09/2003;06/07/2023
1134240;ALIMENT SANS GLUTEN, FARINE, 500 G,NOGLUDIS;2.25;0.0;03/04/2004;06/07/2023
1101803;ACCESSOIRES, SPRAY ANTI ADHESIF,EAKIN;1.59;0.0;03/04/2004;06/07/2023
1118287;PESSAIRE,OUEST MEDICAL;1.2;0.0;01/07/2019;06/07/2023
1186722;AUTOCONTROLE , 100 BANDELETTES, CAPTEURS OU ELECTRODES,SYLAMED;3.64;0.0;01/01/2022;06/07/2023
1101909;ALIMENT SANS GLUTEN, FARINE, 1000 G,COOPERATIVE U;4.5;0.0;03/04/2004;06/07/2023
1105899;NEUROSTIMULATION ELECTRIQUE TRANSCUTANEE, ELECTRODES SOUPLES,KINETEC;1.7;0.0;01/01/2023;30/06/2023
1151497;ALIMENT SANS GLUTEN, PATES, 500 G,LIDL;2.8;0.0;03/04/2004;06/07/2023
1192220;ALIMENT SANS GLUTEN, FARINE, 1000 G,PROCELI;1.43;0.0;15/02/2020;06/07/2023
1168380;ALIMENT SANS GLUTEN, FARINE, 500 G,NOGLUDIS;2.54;0.0;03/04/2004;06/07/2023
1134866;BOUTON DE GASTROSTOMIE, PROLONGATEUR ADAPTABLE, RENOUVELLEMENT,VYGON;1.14;0.0;25/02/2010;06/07/2023
1188224;NUT. ENTERALE, SONDE GASTROSTOMIE OU JEJUNOSTOMIE, RENOUV,MYHOMECARE;7.63;0.0;07/07/2023;03/07/2023
1116443;DRAINAGE, SONDE VESICALE A BALLONNET, A 3 VOIES.,CARDINAL HEALTH;6.21;0.0;07/07/2023;01/01/2025
1190132;DRAINAGE, SONDE VESICALE A BALLONNET, 2 VOIES,;3.62;0.0;07/07/2023;03/07/2023
1160830;AUTOCONTROLE, AUTOPIQUEUR,SYLAMED;1.2;0.0;01/07/2019;06/07/2023
1121250;ALIMENT SANS GLUTEN, FARINE, 500 G,BMD;1.2;0.0;01/07/2019;06/07/2023
1195796;PESSAIRE,OUEST MEDICAL;4.05;0.0;06/06/2005;11/05/2005
1122975;ALIMENT SANS GLUTEN, PAIN, 100 G,PROCELI;4.81;0.0;08/09/2003;06/07/2023
1110529;AUTOCONTROLE, APP POUR LECTURE AUTOMATIQUE GLYCEMIE,GROUPE SNM;7.63;0.0;01/01/2023;06/07/2023
1176741;ALIMENT SANS GLUTEN, FARINE, 1000 G,MOULIN CHAMB;4.5;0.0;03/04/2004;06/07/2023
1127435;DRAINAGE, SONDE VESICALE A BALLONNET, A 3 VOIES.,MYHOMECARE;1.46;0.0;07/07/2023;01/01/2025
1114266;GILET DE SERIE CONTENTION ET IMMOBILISATION SCAPULO-HUMERALE,ORTHO EUROPE;1.45;0.0;01/06/2024;31/03/2025
1153208;PESSAIRE,OUEST MEDICAL;1.92;0.0;03/04/2004;06/07/2023
1152060;BOUTON DE GASTROSTOMIE, PROLONGATEUR ADAPTABLE, RENOUVELLEMENT,OIARSO;2.35;0.0;07/07/2023;01/01/2025
1199535;AUTOCONTROLE, APP POUR LECTURE AUTOMATIQUE GLYCEMIE,AILSY;2.19;0.0;07/07/2023;01/01/2025
1156684;GILET DE SERIE CONTENTION ET IMMOBILISATION SCAPULO-HUMERALE,GIMED LAB;9.03;0.0;07/07/2023;31/05/2025
1168411;NUT. ENTERALE, SONDE GASTROSTOMIE OU JEJUNOSTOMIE, RENOUV,LABOKIT;2.4;0.0;03/04/2004;06/07/2023
1193780;AUTOCONTROLE, 200 LANCETTES POUR AUTOPIQUEUR NON REUTILIS STERI,STERILANCE;1.32;0.0;07/07/2023;09/08/2024
1154099;AUTOCONTROLE , SET DAUTOSURVEILLANCE DE LA GLYCEMIE,BIOGINE FARMA;3.31;0.0;10/08/2024;31/07/2025
1128044;AUTOCONTROLE, APP POUR LECTURE AUTOMATIQUE GLYCEMIE,GROUPE SNM;2.22;0.0;10/08/2024;31/07/2025
1138077;GILET DE SERIE CONTENTION ET IMMOBILISATION SCAPULO-HUMERALE,GIMED LAB;0.0;0.0;08/09/2003;06/07/2023
1181050;URO-GENITAL, ELECTROSTIMULATEUR NEUROMUSCULAIRE, ACHAT,VERITY MEDICAL;0.0;0.0;08/09/2003;06/07/2023
1107786;GILET DE SERIE CONTENTION ET IMMOBILISATION SCAPULO-HUMERALE,CIMATEL;2.74;0.0;07/07/2023;01/01/2025
1189270;GILET DE SERIE CONTENTION ET IMMOBILISATION SCAPULO-HUMERALE,CAMP SCANDINAV;0.0;0.0;08/09/2003;06/07/2023
1126513;URO-GENITAL, ELECTROSTIMULATEUR NEUROMUSCULAIRE, ACHAT,PIERENKEMPER;0.0;0.0;08/09/2003;06/07/2023
1134783;ALIMENT SANS GLUTEN, FARINE, 1000 G,PROCELI;2.44;0.0;25/02/2010;06/07/2023
1128423;GILET DE SERIE CONTENTION ET IMMOBILISATION SCAPULO-HUMERALE,ORTHO EUROPE;2.1;0.0;03/04/2004;06/07/2023
1144238;NUT. ENTERALE, ADULTE, MEL POLY NORMOPROT. HE, 500 ML,NESTLE;8.28;0.0;01/01/2023;30/06/2023
1163069;ACCESSOIRES, SPRAY ANTI ADHESIF,EAKIN;3.33;0.0;07/07/2023;03/07/2023
1100086;ALIMENT SANS GLUTEN, PAIN, 100 G,DR. SCHAR FRANCE;2.86;0.0;03/04/2004;06/07/2023
1132548;ALIMENT SANS GLUTEN, PATES, 500 G,BIOALIMENTA;6.41;0.0;03/04/2004;06/07/2023
1162680;AUTOCONTROLE , 50 BANDELETTES, CAPTEURS OU ELECTRODES,SYLAMED;1.8;0.0;10/08/2024;31/07/2025
1136894;AUTOCONTROLE , 50 BANDELETTES, CAPTEURS OU ELECTRODES,SYLAMED;1.82;0.0;01/01/2022;06/07/2023
1141412;ALIMENT SANS GLUTEN, FARINE, 500 G,TIPIAK EPICERIE;2.25;0.0;07/07/2023;03/07/2023
1195862;NUT. ENTERALE, SONDE GASTROSTOMIE OU JEJUNOSTOMIE, RENOUV,MYHOMECARE;2.07;0.0;07/07/2023;01/01/2025
1159429;NUT. ENTERALE, SONDE GASTROSTOMIE OU JEJUNOSTOMIE, RENOUV,MYHOMECARE;9.81;0.0;02/01/2025;04/12/2024
1131307;NUT. ENTERALE, SONDE GASTROSTOMIE OU JEJUNOSTOMIE, RENOUV,MYHOMECARE;6.09;0.0;02/01/2025;04/12/2024
1172772;GILET DE SERIE CONTENTION ET IMMOBILISATION SCAPULO-HUMERALE,GOURAL ORTHO;0.0;0.0;08/09/2003;06/07/2023
1127978;DRAINAGE, SONDE VESICALE A BALLONNET, A 3 VOIES.,CARDINAL HEALTH;6.52;0.0;02/01/2025;04/12/2024
1131804;DRAINAGE, SONDE VESICALE A BALLONNET, A 3 VOIES.,CARDINAL HEALTH;1.43;0.0;02/01/2025;04/12/2024
1124566;ACCESSOIRES, SPRAY ANTI ADHESIF,B.BRAUN MEDICAL;6.15;0.0;01/07/2019;06/07/2023
1197080;GILET DE SERIE CONTENTION ET IMMOBILISATION SCAPULO-HUMERALE,PETERS SURGICAL;1.13;0.0;01/01/2023;30/06/2023
1120597;SET DE SONDAGE A DEMEURE,MYHOMECARE;1.45;0.0;01/06/2024;31/03/2025
1172364;NUT. ENTERALE, SONDE GASTROSTOMIE OU JEJUNOSTOMIE, RENOUV,MYHOMECARE;2.94;0.0;02/01/2025;04/12/2024
1190557;AUTOCONTROLE, AUTOPIQUEUR,STERILANCE;1.2;0.0;07/07/2023;09/08/2024
1158559;ALIMENT SANS GLUTEN, BISCUITS, 100 G,ARTZ;9.61;0.0;03/04/2004;06/07/2023
1191858;PESSAIRE,OUEST MEDICAL;3.89;0.0;07/07/2023;01/01/2025
1132086;AUTOCONTROLE , SET D'AUTOSURVEILLANCE DE LA GLYCEMIE,SYLAMED;4.3;0.0;01/07/2020;06/07/2023
1179596;CHAMBRE D'INHALATION, RESPIRATOIRE, VALVE DE RECHANGE,GSK;5.03;0.0;08/09/2003;06/07/2023
1158536;SET DE SONDAGE A DEMEURE,PANSCARE;4.9;0.0;01/07/2019;06/07/2023
1154449;AUTOCONTROLE, APP POUR LECTURE AUTOMATIQUE GLYCEMIE,AILSY;2.04;0.0;01/08/2025;28/07/2024
1112250;SOLUTE DE REHYDRATATION ORALE, LE CONDITIONNEMENT,NHS;6.75;0.0;06/06/2005;06/07/2023
1119424;GILET DE SERIE CONTENTION ET IMMOBILISATION SCAPULO-HUMERALE,ACTIV ' ORTHO;6.24;0.0;01/06/2025;17/05/2025
1187147;ALIMENT SANS GLUTEN, FARINE, 500 G,GOJO;1.0;0.0;01/07/2019;06/07/2023
1136990;NUT. ENTERALE, SONDE GASTROSTOMIE OU JEJUNOSTOMIE, RENOUV,PANSCARE;6.94;0.0;01/01/2023;30/06/2023
1146898;PESSAIRE,OUEST MEDICAL;9.05;0.0;01/07/2019;06/07/2023
1104776;ALIMENT SANS GLUTEN, PATES, 250 G,ALDINO;3.02;0.0;01/07/2019;06/07/2023
1120373;ALIMENT SANS GLUTEN, PATES, 250 G,ALDINO;1.43;0.0;15/02/2020;06/07/2023
1185119;AUTOCONTROLE, 200 LANCETTES POUR AUTOPIQUEUR NON REUTILIS STERI,GROUPE SNM;1.28;0.0;10/08/2024;28/07/2024
1166100;BOUTON DE GASTROSTOMIE, PROLONGATEUR ADAPTABLE, RENOUVELLEMENT,OIARSO;1.14;0.0;07/07/2023;03/07/2023
1101720;AUTOCONTROLE, APP POUR LECTURE AUTOMATIQUE GLYCEMIE,GROUPE SNM;1.43;0.0;15/02/2020;06/07/2023
1140252;URO-GENITAL, ELECTROSTIMULATEUR NEUROMUSCULAIRE, ACHAT,C.I.G.;0.0;0.0;08/09/2003;06/07/2023
1121987;TENS, GEL, POSE ELECTRODE SILICONE GRAPHITE,SCHWA MEDICO;3.05;0.0;08/09/2003;06/07/2023
1177545;ALIMENT SANS GLUTEN, PAIN, 100 G,SCHNITZER;1.46;0.0;03/04/2004;06/07/2023
1168049;NUT. ORALE, HYDROLYSAT PROT, ENFANT, PDR, 17 RATIONS 200 ML,NESTLE;2.32;0.0;01/11/2016;06/07/2023
1140045;ACCESSOIRES, POUDRE ABSORBANTE MINIMUM 25G,B.BRAUN MEDICAL;3.91;0.0;07/07/2023;01/01/2025
1187408;AUTOCONTROLE , 200 BANDELETTES, CAPTEURS OU ELECTRODES,ABBOTT FRANCE;7.28;0.0;01/01/2022;06/07/2023
1135854;SOLUTE DE REHYDRATATION ORALE, LE CONDITIONNEMENT,NHS;4.51;0.0;08/09/2003;06/07/2023
1137600;SOLUTE DE REHYDRATATION ORALE, LE CONDITIONNEMENT,NHS;6.31;0.0;08/09/2003;06/07/2023
1172766;SOLUTE DE REHYDRATATION ORALE, LE CONDITIONNEMENT,NHS;1.43;0.0;15/02/2020;06/07/2023
1142883;AUTOCONTROLE, APP POUR LECTURE AUTOMATIQUE GLYCEMIE,AILSY;1.43;0.0;07/07/2023;03/07/2023
1183468;TENS, ACHAT DE L'APPAREIL FOURNI AVEC DEUX CABLES,VERITY MEDICAL;1.43;0.0;15/02/2020;06/07/2023
1180837;AIGUILLE SERTIE POUR SUTURE,MEDTRONIC;1.27;0.0;03/04/2004;06/07/2023
1128200;NUT. ENTERALE, SONDE GASTROSTOMIE OU JEJUNOSTOMIE, RENOUV,MYHOMECARE;6.57;0.0;01/07/2019;06/07/2023
1101826;AUTOCONTROLE, 200 LANCETTES POUR AUTOPIQUEUR NON REUTILIS STERI,AXIMED;1.28;0.0;10/08/2024;28/07/2024
1153059;TENS, ACHAT DE L'APPAREIL FOURNI AVEC DEUX CABLES,DJO FRANCE;2.77;0.0;01/07/2020;06/07/2023
1186774;AUTOCONTROLE , SET D'AUTOSURVEILLANCE DE LA GLYCEMIE,SYLAMED;2.09;0.0;10/08/2024;28/07/2024
1144161;NEUROSTIMULATION ELECTRIQUE TRANSCUTANEE, ELECTRODES SOUPLES,PERFORM HEALTH;3.6;0.0;06/06/2005;06/07/2023
1163514;DRAINAGE, SONDE VESICALE A BALLONNET, A 3 VOIES.,MYHOMECARE;5.81;0.0;01/06/2025;17/05/2025
1193998;ALIMENT SANS GLUTEN, FARINE, 1000 G,PROCELI;4.5;0.0;03/04/2004;06/07/2023
1168776;NEUROSTIMULATION ELECTRIQUE TRANSCUTANEE, ELECTRODES SOUPLES,FLOWSTIM TECHNO;8.9;0.0;01/01/2023;30/06/2023
1177060;ACCESSOIRES, SPRAY ANTI ADHESIF,EAKIN;4.7;0.0;07/07/2023;03/07/2023
1163224;ACCESSOIRES, SPRAY ANTI ADHESIF,EAKIN;7.56;0.0;07/07/2023;01/01/2025
1139964;AIGUILLE SERTIE POUR SUTURE,PETERS SURGICAL;2.29;0.0;08/09/2003;06/07/2023
1131610;SET DE SONDAGE A DEMEURE,IDC GROUP;4.9;0.0;01/07/2019;06/07/2023
1126542;AIGUILLE SERTIE POUR SUTURE,MEDTRONIC;2.86;0.0;03/04/2004;06/07/2023
1168552;NUT. ENTERALE, SONDE GASTROSTOMIE OU JEJUNOSTOMIE, RENOUV,NUTRICIA;1.57;0.0;01/01/2023;30/06/2023
1113210;ALIMENT SANS GLUTEN, PAIN, 100 G,DR. SCHAR FRANCE;4.1;0.0;07/07/2023;01/01/2025
1155331;AUTOCONTROLE, 200 LANCETTES POUR AUTOPIQUEUR NON REUTILIS STERI,PIKDARE;9.61;0.0;03/04/2004;06/07/2023
1181529;GILET DE SERIE CONTENTION ET IMMOBILISATION SCAPULO-HUMERALE,PAVIS;1.46;0.0;03/04/2004;06/07/2023
1189896;GILET DE SERIE CONTENTION ET IMMOBILISATION SCAPULO-HUMERALE,PAVIS;1.0;0.0;06/06/2005;06/07/2023
1149610;ACCESSOIRES, SPRAY ANTI ADHESIF,EAKIN;7.21;0.0;07/07/2023;03/07/2023
1129061;ALIMENT SANS GLUTEN, FARINE, 3000 G,MILLBAKER;1.19;0.0;07/07/2023;31/05/2025
1118040;PESSAIRE,GAYA;1.66;0.0;01/07/2019;06/07/2023
1130578;NUT. ENTERALE, SONDE GASTROSTOMIE OU JEJUNOSTOMIE, RENOUV,SYLAMED;3.95;0.0;01/11/2016;06/07/2023
1120120;PESSAIRE,OUEST MEDICAL;1.44;0.0;03/04/2004;06/07/2023
1185214;ACCESSOIRES, PATE PROTECTION PERISTOMIALE, TUBE OU BARRETTES 60G,COLOPLAST;1.43;0.0;15/02/2020;06/07/2023
1123710;NUT. ENTERALE, SONDE GASTROSTOMIE OU JEJUNOSTOMIE, RENOUV,MYHOMECARE;2.01;0.0;02/01/2025;04/12/2024
1192533;ACCESSOIRES, SPRAY ANTI ADHESIF,EAKIN;1.14;0.0;02/01/2025;04/12/2024
1161662;ACCESSOIRES, SPRAY ANTI ADHESIF,EAKIN;9.3;0.0;07/07/2023;03/07/2023
1161550;ALIMENT SANS GLUTEN, PATES, 250 G,ALDINO;3.1;0.0;07/07/2023;01/01/2025
1160800;AUTOCONTROLE , 100 BANDELETTES, CAPTEURS OU ELECTRODES,BIOSYNEX;3.6;0.0;10/08/2024;31/07/2025
1104612;ALIMENT SANS GLUTEN, PATES, 500 G,ALDINO;2.38;0.0;01/01/2023;30/06/2023
1107591;GILET DE SERIE CONTENTION ET IMMOBILISATION SCAPULO-HUMERALE,ACTIV ' ORTHO;9.63;0.0;01/01/2023;30/06/2023
1148259;NUT. ENTERALE, SONDE GASTROSTOMIE OU JEJUNOSTOMIE, RENOUV,ASEPT INMED;9.18;0.0;01/01/2023;30/06/2023
1131827;NUT. ENTERALE, SONDE GASTROSTOMIE OU JEJUNOSTOMIE, RENOUV,PANSCARE;1.4;0.0;01/01/2023;30/06/2023
1145692;GILET DE SERIE CONTENTION ET IMMOBILISATION SCAPULO-HUMERALE,CIMATEL;9.52;0.0;01/01/2023;30/06/2023
1153786;BOUTON DE GASTROSTOMIE, PROLONGATEUR ADAPTABLE, RENOUVELLEMENT,ASEPT INMED;6.5;0.0;01/01/2023;30/06/2023
1160792;GILET DE SERIE CONTENTION ET IMMOBILISATION SCAPULO-HUMERALE,ACTIV ' ORTHO;7.49;0.0;01/01/2023;30/06/2023
1164420;DRAINAGE, SONDE VESICALE A BALLONNET, A 3 VOIES.,MYHOMECARE;5.24;0.0;01/11/2016;06/07/2023
1190020;NUT. ENTERALE, ADULTE, MEL POLY NORMOPROT. NORMOENERG, 1 000 ML,NESTLE;6.56;0.0;01/11/2013;06/07/2023
1108142;NUT. ENTERALE, MEL POLY NP. NE., UN AN A 3 ANS, 500 ML,NESTLE;4.26;0.0;01/11/2013;06/07/2023
1141814;NUT. ENTERALE, MEL POLY HP. HE., UN AN A 3 ANS, 500 ML,NESTLE;4.26;0.0;01/11/2013;06/07/2023
1129724;NUT. ENTERALE, MEL POLY HP. HE., UN AN A 3 ANS, 500 ML,NESTLE;5.25;0.0;01/11/2013;06/07/2023
1164264;SOLUTE DE REHYDRATATION ORALE, LE CONDITIONNEMENT,LACTALIS NUT;6.2;0.0;24/10/2003;06/07/2023
1129747;NUT. ENTERALE, ADULTE, MEL POLY NORMOPROT. HE, 500 ML,LACTALIS NUT;3.81;0.0;01/11/2013;06/07/2023
1146071;NUT. ENTERALE, AD., MEL POLY NORMOPROT. NORMOENERG, 500 ML,LACTALIS NUT;3.28;0.0;01/11/2013;06/07/2023
1191002;NUT. ENTERALE, ADULTE, MEL POLY HP HE, 500 ML,LACTALIS NUT;3.85;0.0;01/11/2013;06/07/2023
1192007;SET DE SONDAGE A DEMEURE,HARTMANN;4.9;0.0;01/07/2019;06/07/2023
1124690;NUT. ENTERALE, ADULTE, MEL POLY NORMOPROT. NORMOENERG, 1 000 ML,LACTALIS NUT;6.56;0.0;01/11/2013;06/07/2023
1100413;NUT. ENTERALE, ADULTE, MEL POLY NORMOPROT. HE, 500 ML,NUTRICIA;3.81;0.0;01/11/2013;06/07/2023
1128630;NUT. ENTERALE, ADULTE, MEL POLY HP HE, 500 ML,NUTRICIA;3.85;0.0;01/11/2013;06/07/2023
1121600;NUT. ENTERALE, MEL POLY NP. NE., UN AN A 3 ANS, 500 ML,NUTRICIA;4.26;0.0;01/11/2013;06/07/2023
1199788;NUT. ENTERALE, MEL POLY HP. HE., UN AN A 3 ANS, 500 ML,NUTRICIA;2.44;0.0;25/02/2010;06/07/2023
1157560;GILET DE SERIE CONTENTION ET IMMOBILISATION SCAPULO-HUMERALE,ACTIV ' ORTHO;5.93;0.0;01/01/2023;30/06/2023
1145730;APPAREIL MODULAIRE DE VERTICALISATION, APPUI FRONTAL, ACHAT,SCHUCHMANN;0.0;0.0;07/07/2023;03/07/2023
1139349;NUT. ENTERALE, SONDE GASTROSTOMIE OU JEJUNOSTOMIE, RENOUV,ASEPT INMED;9.48;0.0;01/01/2023;30/06/2023
1192869;DISPOSITIF STERILE DE RECUEIL DES SAIGNEES ET ACCESSOIRES,IDC GROUP;2.88;0.0;03/04/2004;06/07/2023
1112669;DISPOSITIF STERILE DE RECUEIL DES SAIGNEES ET ACCESSOIRES,IDC GROUP;1.0;0.0;11/05/2006;06/07/2023
1179308;CHAMBRE D'INHALATION, RESPIRATOIRE, VALVE DE RECHANGE,GSK;2.05;0.0;07/07/2023;01/01/2025
1123006;AUTOCONTROLE, 50 LANCETTES POUR AUTOPIQUEUR NON REUTILIS STERI,ROCHE DIAG;7.47;0.0;07/07/2023;03/07/2023
1155130;ACCESSOIRES, SPRAY ANTI ADHESIF,EAKIN;6.52;0.0;02/01/2025;04/12/2024
1195098;ACCESSOIRES, PATE PROTECTION PERISTOMIALE, TUBE OU BARRETTES 60G,COLOPLAST;2.88;0.0;01/07/2019;06/07/2023
1101565;COLOSTOMIE, SET POUR IRRIGATION COLIQUE,B.BRAUN MEDICAL;1.06;0.0;07/07/2023;01/01/2025
1193610;ACCESSOIRES, PATE PROTECTION PERISTOMIALE, TUBE OU BARRETTES 60G,EAKIN;1.37;0.0;07/07/2023;03/07/2023
1183267;PROTECTION TRACHEALE POUR LARYNGECTOMISES AVEC COL OFFICIER,CEREDAS;1.45;0.0;01/06/2024;31/03/2025
1111724;ACCESSOIRES, SPRAY ANTI ADHESIF,EAKIN;2.3;0.0;01/07/2019;06/07/2023
1186254;ACCESSOIRES, PATE PROTECTION PERISTOMIALE, TUBE OU BARRETTES 60G,EAKIN;6.87;0.0;02/01/2025;04/12/2024
1182842;COLOSTOMIE, SET POUR IRRIGATION COLIQUE,B.BRAUN MEDICAL;4.83;0.0;07/07/2023;01/01/2025
1162510;NUT. ENTERALE, ADULTE, MEL POLY HP. NORMOENERG, 500 ML,NESTLE;3.72;0.0;01/11/2013;06/07/2023
1125420;NUT. ORALE, HYDROLYSAT PROT, ENFANT, PDR, 15 RATIONS 200 ML,MEAD JOHNSON;2.05;0.0;01/11/2016;06/07/2023
1131218;NUT. ENTERALE, SONDE GASTROSTOMIE OU JEJUNOSTOMIE, RENOUV,ALBYN;1.22;0.0;01/01/2023;30/06/2023
1141330;NEUROSTIMULATION ELECTRIQUE TRANSCUTANEE, ELECTRODES SOUPLES,SCHWA MEDICO;1.26;0.0;01/01/2023;30/06/2023
1131810;NUT. ORALE, HYDROLYSAT PROT, ENFANT, PDR, 15 RATIONS 200 ML,MEAD JOHNSON;2.91;0.0;01/01/2023;30/06/2023
1102777;DISPOSITIF STERILE DE RECUEIL DES SAIGNEES ET ACCESSOIRES,HOMESET;1.44;0.0;03/04/2004;06/07/2023
1188000;NUT. ORALE, HYDROLYSAT PROT, ENFANT, PDR, 15 RATIONS 200 ML,MEAD JOHNSON;5.21;0.0;01/01/2023;30/06/2023
1136121;FILTRE RESPIRATOIRE POUR LARYNGECTOMISES, LA PAIRE,COLLIN;3.32;0.0;07/07/2023;01/01/2025
1192875;ACCESSOIRES, SPRAY ANTI ADHESIF,EAKIN;3.83;0.0;02/01/2025;04/12/2024
1101795;SOLUTE DE REHYDRATATION ORALE, LE CONDITIONNEMENT,ALTER;7.56;0.0;07/07/2023;01/01/2025
1113901;ACCESSOIRES, SPRAY ANTI ADHESIF,EAKIN;1.04;0.0;02/01/2025;04/12/2024
1119795;ACCESSOIRES, SPRAY ANTI ADHESIF,EAKIN;6.79;0.0;07/07/2023;03/07/2023
1195537;TENS, ACHAT DE L APPAREIL FOURNI AVEC DEUX CABLES,BLUETENS FRANCE;6.21;0.0;01/01/2023;30/06/2023
1151451;TENS, ACHAT DE L APPAREIL FOURNI AVEC DEUX CABLES,BLUETENS FRANCE;5.62;0.0;01/01/2023;30/06/2023
1133915;DISPOSITIF STERILE DE RECUEIL DES SAIGNEES ET ACCESSOIRES,INNOSET;1.0;0.0;11/05/2006;06/07/2023
1183126;DRAINAGE, SONDE VESICALE A BALLONNET, A 3 VOIES.,MYHOMECARE;5.24;0.0;01/11/2016;06/07/2023
1176557;GILET DE SERIE CONTENTION ET IMMOBILISATION SCAPULO-HUMERALE,ORTHO MORINIERE;2.17;0.0;01/07/2019;06/07/2023
1143523;SOLUTE DE REHYDRATATION ORALE, LE CONDITIONNEMENT,ALTERRA;2.3;0.0;02/01/2025;04/12/2024
1153792;ACCESSOIRES, POUDRE ABSORBANTE MINIMUM 25G,LABO CONVATEC;7.63;0.0;07/07/2023;03/07/2023
1175693;ACCESSOIRES, SPRAY ANTI ADHESIF,EAKIN;2.52;0.0;07/07/2023;01/01/2025
1181989;ACCESSOIRES, SPRAY ANTI ADHESIF,EAKIN;2.35;0.0;07/07/2023;01/01/2025
1120396;PESSAIRE,OUEST MEDICAL;4.58;0.0;04/10/2024;20/09/2024
1100235;COLOSTOMIE, SET POUR IRRIGATION COLIQUE,COLOPLAST;3.33;0.0;07/07/2023;03/07/2023
1197281;ACCESSOIRES, SPRAY ANTI ADHESIF,EAKIN;7.56;0.0;07/07/2023;01/01/2025
1155897;ACCESSOIRES, POUDRE ABSORBANTE MINIMUM 25G,OUSOFT;3.89;0.0;07/07/2023;01/01/2025
1139020;ACCESSOIRES, PATE PROTECTION PERISTOMIALE, TUBE OU BARRETTES 60G,B.BRAUN MEDICAL;7.42;0.0;02/01/2025;04/12/2024
1110370;GILET DE SERIE CONTENTION ET IMMOBILISATION SCAPULO-HUMERALE,PRIM;1.2;0.0;07/07/2023;03/07/2023
1198085;PESSAIRE,OUEST MEDICAL;2.54;0.0;07/07/2023;03/07/2023
1147314;ACCESSOIRES, SPRAY ANTI ADHESIF,EAKIN;1.16;0.0;07/07/2023;01/01/2025
1140849;ACCESSOIRES, SPRAY ANTI ADHESIF,EAKIN;3.26;0.0;02/01/2025;04/12/2024
1123911;GILET DE SERIE CONTENTION ET IMMOBILISATION SCAPULO-HUMERALE,ORTHO EUROPE;0.0;0.0;07/07/2023;03/07/2023
1198240;DRAINAGE, SONDE VESICALE A BALLONNET, 2 VOIES,;6.82;0.0;07/07/2023;01/01/2025
1147509;DRAINAGE, SONDE VESICALE A BALLONNET, A 3 VOIES.,MYHOMECARE;1.44;0.0;01/04/2025;17/05/2024
1198926;DRAINAGE, SONDE VESICALE A BALLONNET, A 3 VOIES.,CARDINAL HEALTH;1.46;0.0;07/07/2023;01/01/2025
1146935;GILET DE SERIE CONTENTION ET IMMOBILISATION SCAPULO-HUMERALE,ORTHO EUROPE;1.43;0.0;15/02/2020;06/07/2023
1157471;AUTOCONTROLE, APP POUR LECTURE AUTOMATIQUE GLYCEMIE,AILSY;2.86;0.0;07/07/2023;03/07/2023
1185042;COLOSTOMIE, SET POUR IRRIGATION COLIQUE,COLOPLAST;6.15;0.0;01/07/2019;06/07/2023
1153898;ACCESSOIRES, POUDRE ABSORBANTE MINIMUM 25G,COLOPLAST;3.91;0.0;07/07/2023;01/01/2025
1108283;NUT. ENTERALE, SONDE GASTROSTOMIE OU JEJUNOSTOMIE, RENOUV,MYHOMECARE;2.19;0.0;07/07/2023;03/07/2023
1173487;AUTOCONTROLE , 10 BANDELETTES, CAPTEURS OU ELECTRODES,MED TRUST;3.64;0.0;01/01/2022;06/07/2023
1154544;GILET DE SERIE CONTENTION ET IMMOBILISATION SCAPULO-HUMERALE,ACTIV ' ORTHO;7.23;0.0;01/01/2023;30/06/2023
1141961;NUT. ENTERALE, SONDE GASTROSTOMIE OU JEJUNOSTOMIE, RENOUV,LABOKIT;3.95;0.0;01/11/2016;06/07/2023
1115219;NUT. ORALE, HYDROLYSAT PROT, ENFANT, PDR, 17 RATIONS 200 ML,NESTLE;2.05;0.0;01/11/2016;06/07/2023
1150523;NUT. ENTERALE, ADULTE, MEL POLY HP. NORMOENERG, 500 ML,NESTLE;5.25;0.0;01/11/2013;06/07/2023
1125117;ACCESSOIRES, SPRAY ANTI ADHESIF,EAKIN;9.05;0.0;07/07/2023;01/01/2025
1156052;ALIMENT SANS GLUTEN, PAIN, 100 G,DR. SCHAR FRANCE;6.58;0.0;02/01/2025;04/12/2024
1157732;ALIMENT SANS GLUTEN, PAIN, 100 G,DR. SCHAR FRANCE;9.81;0.0;02/01/2025;04/12/2024
1176497;GILET DE SERIE CONTENTION ET IMMOBILISATION SCAPULO-HUMERALE,RESAMEDIC;0.0;0.0;07/07/2023;03/07/2023
1103216;NUT. ENTERALE, SONDE GASTROSTOMIE OU JEJUNOSTOMIE, RENOUV,MYHOMECARE;2.17;0.0;01/07/2019;06/07/2023
1146964;NEUROSTIMULATION ELECTRIQUE TRANSCUTANEE, ELECTRODES SOUPLES,PERFORM HEALTH;0.0;0.0;06/06/2005;06/07/2023
1160964;GILET DE SERIE CONTENTION ET IMMOBILISATION SCAPULO-HUMERALE,PERFORM HEALTH;0.0;0.0;08/09/2003;06/07/2023
1113249;URO-GENITAL, ELECTROSTIMULATEUR NEUROMUSCULAIRE, ACHAT,PERFORM HEALTH;0.0;0.0;08/09/2003;06/07/2023
1161107;AUTOCONTROLE, AUTOPIQUEUR,SYLAMED;1.17;0.0;01/07/2019;06/07/2023
1108320;NUT. ENTERALE, SONDE GASTROSTOMIE OU JEJUNOSTOMIE, RENOUV,ALBYN;3.95;0.0;01/11/2016;06/07/2023
1129210;AUTOCONTROLE, AUTOPIQUEUR,BEURER FRANCE;8.31;0.0;01/07/2020;06/07/2023
1121237;URO-GENITAL, ELECTROSTIMULATEUR NEUROMUSCULAIRE, ACHAT,EFFIK;3.48;0.0;02/01/2025;04/12/2024
1155006;ACCESSOIRES, POUDRE ABSORBANTE MINIMUM 25G,OUSOFT;2.52;0.0;07/07/2023;03/07/2023
1124827;ALIMENT SANS GLUTEN, PAIN, 100 G,SCHNITZER;3.73;0.0;07/07/2023;01/01/2025
1130147;INCONTINENCE, ETUI PENIEN EXTENSIBLE AUTOADH;2.43;0.0;07/07/2023;01/01/2025
1185266;DISPOSITIF CONTRACEPTIF, DIAPHRAGME EN SILICONE,BIVEA;3.14;0.0;06/07/2015;06/07/2023
1105570;URO-GENITAL, ELECTROSTIMULATEUR NEUROMUSCULAIRE, ACHAT,ATL;0.0;0.0;08/09/2003;06/07/2023
1207507;APPAREIL MODULAIRE DE VERTICALISATION, JEU DE ROULETTES, ACHAT,OTTO BOCK;0.0;0.0;08/09/2003;06/07/2023
1238152;APPAREIL MODULAIRE DE VERTICALISATION, MODELE ENFANT ET ADULTE,REHA-TRANS;0.0;0.0;08/09/2003;06/07/2023
1266846;PROTHESE CAPILLAIRE TOTALE - CLASSE IV,SAVOIR F. CAP;0.0;0.0;01/01/2026;16/10/2025
1296787;PROTHESE CAPILLAIRE TOTALE, CLASSE II,SANOU;7.0;0.0;30/09/2020;06/07/2023
1243302;CHAISE PERCEE AVEC ACCOUDOIRS ET SEAU,CARBAM;0.0;0.0;08/09/2003;06/07/2023
1245407;COQUILLE POUR BAIN EN MAT. PLASTIQUE,;0.0;0.0;08/09/2003;06/07/2023
1254895;PROTHESE CAPILLAIRE TOTALE, CLASSE I,EQUILIBRE;3.5;0.0;30/09/2020;06/07/2023
1220471;CHAISE PERCEE AVEC ACCOUDOIRS ET SEAU,CARBAM;0.0;0.0;08/09/2003;06/07/2023
1285619;LIT MEDICAL, ACHAT, ALESE IMPERMEABLE REUTILISABLE,WINNCARE FRANCE;6.86;0.0;27/05/2010;06/07/2023
1203633;PROTHESE CAPILLAIRE TOTALE - CLASSE II,MODEN-CARES;7.0;0.0;01/01/2026;16/10/2025
1207453;PROTHESE CAPILLAIRE TOTALE - CLASSE I,MODESS;3.5;0.0;01/01/2026;16/10/2025
1225675;LIT, COMPRESSEUR POUR SURMATELAS PNEUMATIQUE, ACHAT,INVACARE;1.58;0.0;01/11/2016;06/07/2023
1203248;SIEGE DE SERIE, SIEGE MODULABLE ET EVOLUTIF, TABLETTE AMOVIBLE.,REHA-TRANS;0.0;0.0;08/09/2003;06/07/2023
1216481;PROTHESE CAPILLAIRE PARTIELLE,LES FRANJYNES;1.25;0.0;02/04/2019;06/07/2023
1215636;DEAMBULATEUR, ACHAT, MEDICAL66;0.0;0.0;08/09/2003;06/07/2023
1277057;PROTHESE CAPILLAIRE TOTALE - CLASSE I,COLY SUZIE;3.5;0.0;01/01/2026;16/10/2025
1296971;PROTHESE CAPILLAIRE TOTALE - CLASSE IV,COLY SUZIE;0.0;0.0;01/01/2026;16/10/2025
1241651;APPAREIL MODULAIRE DE VERTICALISATION, MODELE ENFANT ET ADULTE,ETAC SAS;0.0;0.0;08/09/2003;06/07/2023
1240054;CHAISE PERCEE AVEC ACCOUDOIRS ET SEAU,DRIVE DEVILBISS;0.0;0.0;08/09/2003;06/07/2023
1205477;ESCARRES SURMATELAS, SUPPORT DE PLUS DE 5 CM POUR SURMATELAS,HERDEGEN;0.0;0.0;08/09/2003;06/07/2023
1201114;SIEGE DE SERIE, SIEGE MODUL EVOLUTIF, TOUT MODELE ET ADJONCTIONS,ARIA WHEELS;0.0;0.0;01/01/2018;06/07/2023
1279027;APPAREIL DE SOUTIEN PARTIEL DE LA TETE,EUROMOVE;0.0;0.0;08/09/2003;06/07/2023
1269224;APPAREIL DE SOUTIEN PARTIEL DE LA TETE,EUROMOVE;0.0;0.0;08/09/2003;06/07/2023
1235662;PROTHESE CAPILLAIRE TOTALE - CLASSE I,ROKOKO;3.5;0.0;01/01/2026;16/10/2025
1206880;CANNE EN BOIS VERNI, A L'ACHAT,CANNES FAYET SE;6.1;0.0;08/09/2003;06/07/2023
1270463;SIEGE DE SERIE, SIEGE MODUL EVOLUTIF, TOUT MODELE ET ADJONCTIONS,ERGOCONCEPT;0.0;0.0;01/01/2018;06/07/2023
1269336;SOULEVE-MALADE, ACHAT DES SANGLES,MOBIAK SA;0.0;0.0;08/09/2003;06/07/2023
1292424;LIT MEDICAL, LIT SPECIFIQUE, ACHAT, LIT ET ACCESSOIRES,SIT UP;0.0;0.0;27/05/2010;06/07/2023
1280533;CASQUE DE PROTECTION POUR ENFANT HANDICAPE,CREE;8.96;0.0;08/09/2003;06/07/2023
1200764;LIT, COMPRESSEUR POUR SURMATELAS PNEUMATIQUE, ACHAT,WINNCARE FRANCE;1.58;0.0;01/11/2016;06/07/2023
1211383;CHAISE PERCEE AVEC ACCOUDOIRS ET SEAU,MOBIAK SA;0.0;0.0;08/09/2003;06/07/2023
1237253;DEAMBULATEUR, ACHAT,IMPROV MOBILITY;0.0;0.0;08/09/2003;06/07/2023
1211489;APPAREIL DE SOUTIEN PARTIEL DE LA TETE,EUROMOVE;0.0;0.0;08/09/2003;06/07/2023
1283684;PROTHESE CAPILLAIRE TOTALE - CLASSE IV,SAVOIR F. CAP;3.5;0.0;01/01/2026;16/10/2025
1281372;PROTHESE CAPILLAIRE TOTALE, CLASSE I,EVEBRI;3.5;0.0;30/09/2020;06/07/2023
1278571;PROTHESE CAPILLAIRE TOTALE - CLASSE I,HAIR HAIRFLEX;9.97;0.0;01/06/2019;06/07/2023
1261872;APPAREIL MODULAIRE DE VERTICALISATION, MODELE ENFANT ET ADULTE,DGK MEDICAL;0.0;0.0;08/09/2003;06/07/2023
1202674;SIEGE DE SERIE, SIEGE MODULABLE ET EVOLUTIF, TABLETTE AMOVIBLE.,DRIVE DEVILBISS;0.0;0.0;01/01/2018;06/07/2023
1221855;LIT MEDICAL, ACHAT, ALESE IMPERMEABLE REUTILISABLE,PERFORM HEALTH;6.86;0.0;27/05/2010;06/07/2023
1281202;CASQUE DE PROTECTION POUR ENFANT HANDICAPE,IDENTITES 49;8.96;0.0;08/09/2003;06/07/2023
1380915;POCHETTE DE SUTURE ADHESIVE STERILE, 10 BANDES, 10 CM x 0,6 CM.,MARQUE VERTE;3.57;0.0;15/07/2023;14/12/2025
1330892;POCHETTE DE SUTURE ADHESIVE STERILE, 10 BANDES, 10 CM;4.16;0.0;15/07/2023;14/12/2025
1364129;PANSEMENT, FIXATION, BANDE, CREPE, COTON, 5 M X 20 CM.,SOINEO;4.03;0.0;15/11/2024;14/11/2025
1309343;POCHETTE DE SUTURE ADHESIVE STERILE, 10 BANDES, 10 CM x 0,6 CM.,MARQUE VERTE;4.0;0.0;01/04/2016;06/07/2023
1389112;PANSEMENT, FIXATION, BANDE, CREPE, COTON, 4 M X 10 CM,LABOKIT;5.49;0.0;05/06/2021;06/07/2023
1359097;POCHETTE DE SUTURE ADHESIVE STERILE, 3 BANDES, 7,5 CM X 0,6 CM.,GIPHAR;5.68;0.0;05/06/2021;06/07/2023
1348679;POCHETTE DE SUTURE ADHESIVE STERILE, 3 BANDES, 7,5 CM X 0,6 CM.,GIPHAR;2.11;0.0;05/06/2021;06/07/2023
1307700;POCHETTE DE SUTURE ADHESIVE STERILE, 3 BANDES, 7,5 CM X 0,6 CM.,GIPHAR;3.83;0.0;05/06/2021;06/07/2023
1321982;PANSEMENT, FIXATION, BANDE, CREPE, COTON, 4 M X 7 CM.,HYDREX;1.48;0.0;01/06/2019;06/07/2023
1322326;PANS., FIX., BANDE, EXTENS, AUTOADH, 4 M ETIRAGE ET LARG. 2,5 CM,SYLAMED;2.49;0.0;05/06/2021;06/07/2023
1314976;POCHETTE DE SUTURE ADHESIVE STERILE, 3 BANDES, 7,5 CM X 0,6 CM.,GIPHAR;4.95;0.0;15/10/2015;06/07/2023
1353752;PANS., FIX., BANDE, EXTENSIBLE, 4 M A L ETIRAGE, LARGEUR 7 CM.,LABOKIT;7.56;0.0;07/07/2023;03/07/2023
1367837;COTON HYDROPHYLE, NON STERILE, PAQUET DE 100 G,NEP DEVELOP;2.28;0.0;29/06/2017;06/07/2023
1393616;POCHETTE DE SUTURE ADHESIVE STERILE, 5 BANDES, 7,5 CM X 0,3 CM.,GIPHAR;3.27;0.0;05/06/2021;06/07/2023
1337026;POCHETTE DE SUTURE ADHESIVE STERILE, 10 BANDES, 10 CM x 0,6 CM.,MARQUE VERTE;4.39;0.0;05/06/2021;06/07/2023
1330308;DMN-TSM, INSU RENALE CHRONIQUE DIALYSE TRANSPLANT FORFAIT MENSUEL,NEW CARD;5.0;0.0;01/07/2023;31/03/2025
1339090;PANSEMENT, FIXATION, BANDE, CREPE, COTON, 4 M X 10 CM,LABOKIT;3.33;0.0;15/07/2023;29/06/2023
1312776;POCHETTE DE SUTURE ADHESIVE STERILE, 3 BANDES, 7,5 CM X 0,6 CM.,GIPHAR;1.39;0.0;15/11/2024;14/11/2025
1306534;POCHETTE DE SUTURE ADHESIVE STERILE, 5 BANDES, 7,5 CM X 0,3 CM.,GIPHAR;3.22;0.0;15/11/2024;14/11/2025
1307692;PANS., FIX., BANDE, EXTENSIBLE, 4 M A L'ETIRAGE, LARGEUR 10 CM.,SYLAMED;2.14;0.0;01/04/2016;06/07/2023
1381056;POCHETTE DE SUTURE ADHESIVE STERILE, 10 BANDES, 10 CM x 0,6 CM.,MARQUE VERTE;4.42;0.0;05/06/2021;06/07/2023
1340399;COTON HYDROPHYLE, NON STERILE, PAQUET DE 100 G,SAFE CARE MED;1.56;0.0;01/06/2019;24/05/2019
1313391;PANS., FIX., BANDE, EXTENSIBLE, 4 M A L ETIRAGE, LARGEUR 10 CM.,LABO TECHNO;7.31;0.0;01/06/2019;06/07/2023
1358152;PANS., FIX., BANDE, EXTENSIBLE, 4 M A L ETIRAGE, LARGEUR 15 CM.,LABO TECHNO;8.01;0.0;03/04/2004;06/07/2023
1397732;POCHETTE DE SUTURE ADHESIVE STERILE, 5 BANDES, 7,5 CM X 0,3 CM.,GIPHAR;1.49;0.0;05/06/2021;06/07/2023
1308668;COTON HYDROPHYLE, NON STERILE, PAQUET DE 100 G,NEP DEVELOP;2.5;0.0;05/06/2021;06/07/2023
1307226;PANSEMENT, FIXATION, BANDE, CREPE, COTON, 4 M X 10 CM,LABOKIT;6.64;0.0;15/07/2023;14/12/2025
1321924;POCHETTE DE SUTURE ADHESIVE STERILE, 5 BANDES, 7,5 CM X 0,3 CM.,GIPHAR;1.48;0.0;01/06/2019;06/07/2023
1314367;PANSEMENT, FIXATION, BANDE, CREPE, COTON, 4 M X 7 CM.,NEP DEVELOP;5.2;0.0;07/07/2023;03/07/2023
1372672;COTON HYDROPHYLE, NON STERILE, PAQUET DE 100 G,NEP DEVELOP;3.53;0.0;05/06/2021;06/07/2023
1370800;PANS., FIX., BANDE, EXTENS., AUTOADH, 4 M ETIRAGE ET LARG. 7 CM.,SYLAMED;3.3;0.0;05/06/2021;06/07/2023
1330805;POCHETTE DE SUTURE ADHESIVE STERILE, 10 BANDES, 10 CM x 0,6 CM.,MARQUE VERTE;7.28;0.0;05/06/2021;06/07/2023
1337820;PANSEMENT, FIXATION, BANDE, CREPE, COTON, 4 M X 10 CM,LABOKIT;1.01;0.0;01/06/2022;06/07/2023
1351262;POCHETTE DE SUTURE ADHESIVE STERILE, 3 BANDES, 7,5 CM X 0,6 CM.,GIPHAR;9.12;0.0;01/06/2022;06/07/2023
1306497;POCHETTE DE SUTURE ADHESIVE STERILE, 10 BANDES, 10 CM x 0,6 CM.,MARQUE VERTE;7.83;0.0;01/06/2022;06/07/2023
1381576;POCHETTE DE SUTURE ADHESIVE STERILE, 10 BANDES, 10 CM X 0,6 CM.,EUROMEDIS;3.57;0.0;15/07/2023;14/12/2025
1375618;RONDELLES OCULAIRES STERILES DE GAZE HYDROPHILE, BOITE DE 10,SYLAMED;1.89;0.0;05/06/2021;06/07/2023
1314278;POCHETTE DE SUTURE ADHESIVE STERILE, 3 BANDES, 7,5 CM X 0,6 CM.,GIPHAR;2.87;0.0;01/04/2016;06/07/2023
1388153;COTON HYDROPHYLE, NON STERILE, PAQUET DE 100 G,NEP DEVELOP;4.14;0.0;05/06/2021;06/07/2023
1392574;PANS., FIX., BANDE, EXTENS., AUTOADH, 4 M ETIRAGE ET LARG. 6 CM.,LABOKIT;5.36;0.0;05/06/2021;06/07/2023
1319904;COTON HYDROPHYLE, NON STERILE, PAQUET DE 100 G,SEPTONA SA;3.9;0.0;05/06/2021;06/07/2023
1356408;COTON HYDROPHYLE, NON STERILE, PAQUET DE 100 G,SYLAMED;5.27;0.0;07/07/2023;03/07/2023
1344842;POCHETTE DE SUTURE ADHESIVE STERILE, 10 BANDES, 10 CM;2.3;0.0;07/07/2023;03/07/2023
1331911;PANSEMENT, FIXATION, BANDE, CREPE, COTON, 4 M X 10 CM,LABOKIT;1.43;0.0;01/06/2019;06/07/2023
1366074;PANS., FIX., BANDE, EXTENS., AUTOADH, 4 M ETIRAGE ET LARG. 7 CM.,SYLAMED;6.94;0.0;15/11/2025;16/10/2024
1325589;PANSEMENT, FIXATION, BANDE, CREPE, COTON, 4 M X 7 CM.,HYDREX;2.89;0.0;07/07/2023;30/06/2024
1368908;PANSEMENT, FIXATION, BANDE, CREPE, COTON, 4 M X 7 CM.,HYDREX;1.53;0.0;15/11/2025;16/10/2024
1313882;POCHETTE DE SUTURE ADHESIVE STERILE, 10 BANDES, 10 CM x 0,6 CM.,MARQUE VERTE;1.66;0.0;15/07/2023;29/06/2023
1382883;POCHETTE DE SUTURE ADHESIVE STERILE, 10 BANDES, 10 CM x 0,6 CM.,MARQUE VERTE;9.97;0.0;01/06/2019;06/07/2023
1348633;POCHETTE DE SUTURE ADHESIVE STERILE, 5 BANDES, 7,5 CM X 0,3 CM.,LABOKIT;3.74;0.0;07/07/2023;14/07/2023
1383397;PANSEMENT, FIXATION, BANDE, CREPE, COTON, 4 M X 7 CM.,LABOKIT;1.6;0.0;01/04/2016;06/07/2023
1364342;COTON HYDROPHYLE, NON STERILE, PAQUET DE 100 G,NEP DEVELOP;6.17;0.0;01/06/2022;06/07/2023
1310033;POCHETTE DE SUTURE ADHESIVE STERILE, 5 BANDES, 7,5 CM X 0,3 CM.,LABOKIT;2.18;0.0;05/06/2021;06/07/2023
1314284;COTON HYDROPHYLE, NON STERILE, PAQUET DE 100 G,SEPTONA SA;6.7;0.0;05/06/2021;06/07/2023
1364974;RONDELLES OCULAIRES STERILES DE GAZE HYDROPHILE, BOITE DE 10,CEORA;4.09;0.0;05/06/2021;06/07/2023
1354600;COTON HYDROPHYLE, NON STERILE, PAQUET DE 100 G,SEPTONA SA;3.79;0.0;05/06/2021;06/07/2023
1373565;POCHETTE DE SUTURE ADHESIVE STERILE, 5 BANDES, 7,5 CM X 0,3 CM.,LABOKIT;5.29;0.0;05/06/2021;06/07/2023
1337150;PANS., FIX., BANDE, EXTENSIBLE, 4 M A L'ETIRAGE, LARGEUR 10 CM.,SYLAMED;7.31;0.0;01/06/2019;06/07/2023
1305457;PANSEMENT, FIXATION, BANDE, CREPE, COTON, 4 M X 7 CM.,SYLAMED;7.76;0.0;01/04/2016;06/07/2023
1368222;RONDELLES OCULAIRES STERILES DE GAZE HYDROPHILE, BOITE DE 10,CEORA;2.31;0.0;15/11/2024;14/11/2025
1325299;POCHETTE DE SUTURE ADHESIVE STERILE, 10 BANDES, 10 CM x 0,6 CM.,MARQUE VERTE;4.67;0.0;15/07/2023;29/06/2023
1379088;POCHETTE DE SUTURE ADHESIVE STERILE, 10 BANDES, 10 CM X 0,6 CM.,EUROMEDIS;5.48;0.0;15/11/2025;16/10/2024
1301117;PANS., FIX., BANDE, EXTENS., AUTOADH, 4 M ETIRAGE ET LARG. 6 CM.,LABOKIT;6.49;0.0;29/06/2017;15/06/2017
1371388;PANSEMENT, FIXATION, BANDE, CREPE, COTON, 4 M X 10 CM,LABOKIT;4.48;0.0;01/04/2016;06/07/2023
1355165;PANS., FIX., BANDE, EXTENS., AUTOADH, 4 M ETIRAGE ET LARG. 6 CM.,LABOKIT;2.64;0.0;15/07/2023;29/06/2023
1344397;PANS., FIX., BANDE, EXTENS., AUTOADH, 4 M ETIRAGE ET LARG. 6 CM.,LABOKIT;1.19;0.0;07/07/2023;14/07/2023
1389320;POCHETTE DE SUTURE ADHESIVE STERILE, 3 BANDES, 7,5 CM X 0,6 CM.,GIPHAR;1.43;0.0;01/06/2019;06/07/2023
1356207;POCHETTE DE SUTURE ADHESIVE STERILE, 10 BANDES, 10 CM x 0,6 CM.,MARQUE VERTE;2.34;0.0;05/06/2021;06/07/2023
1368363;PANS., FIX., BANDE, EXTENS., AUTOADH, 4 M ETIRAGE ET LARG. 7 CM.,SYLAMED;5.74;0.0;05/06/2021;06/07/2023
1342872;POCHETTE DE SUTURE ADHESIVE STERILE, 3 BANDES, 7,5 CM X 0,6 CM.,CEORA;1.43;0.0;01/06/2019;06/07/2023
1333198;PANSEMENT, FIXATION, BANDE, CREPE, COTON, 4 M X 10 CM,LABOKIT;4.39;0.0;05/06/2021;06/07/2023
1389603;PANSEMENT, FIXATION, BANDE, CREPE, COTON, 4 M X 7 CM.,HYDREX;4.0;0.0;15/11/2024;14/11/2025
1330633;PANSEMENT, FIXATION, BANDE, CREPE, COTON, 4 M X 7 CM.,NEP DEVELOP;9.81;0.0;01/06/2019;06/07/2023
1332313;POCHETTE DE SUTURE ADHESIVE STERILE, 5 BANDES, 7,5 CM X 0,3 CM.,CEORA;1.48;0.0;01/06/2019;06/07/2023
1383530;PANS., FIX., BANDE, EXTENSIBLE, 4 M A L ETIRAGE, LARGEUR 7 CM.,LABOKIT;8.9;0.0;01/04/2016;06/07/2023
1385663;PANS., FIX., BANDE, EXTENSIBLE, 4 M A L ETIRAGE, LARGEUR 5 CM.,IDC GROUP;1.55;0.0;15/11/2024;14/11/2025
1377860;PANSEMENT, FIXATION, BANDE, CREPE, COTON, 4 M X 10 CM,LABOKIT;5.4;0.0;15/11/2024;14/11/2025
1301130;PANS., FIX., BANDE, EXTENSIBLE, 4 M A L ETIRAGE, LARGEUR 7 CM.,LABOKIT;8.01;0.0;03/04/2004;06/07/2023
1396218;POCHETTE DE SUTURE ADHESIVE STERILE, 10 BANDES, 10 CM;4.03;0.0;15/11/2024;14/11/2025
1383010;PANSEMENT, FIXATION, BANDE, CREPE, COTON, 5 M X 20 CM.,SOINEO;8.01;0.0;03/04/2004;06/07/2023
1365896;POCHETTE DE SUTURE ADHESIVE STERILE, 3 BANDES, 7,5 CM X 0,6 CM.,GIPHAR;5.68;0.0;07/07/2023;14/11/2024
1394159;PANS., FIX., BANDE, EXTENS., AUTOADH, 4 M ETIRAGE ET LARG. 6 CM.,LABOKIT;6.4;0.0;01/04/2016;06/07/2023
1323308;POCHETTE DE SUTURE ADHESIVE STERILE, 3 BANDES, 7,5 CM X 0,6 CM.,GIPHAR;2.79;0.0;15/11/2024;14/11/2025
1301650;PANS., FIX., BANDE, EXTENS., AUTOADH, 4 M ETIRAGE ET LARG. 6 CM.,SYLAMED;1.24;0.0;07/07/2023;03/07/2023
1326761;POCHETTE DE SUTURE ADHESIVE STERILE, 3 BANDES, 7,5 CM X 0,6 CM.,GIPHAR;1.96;0.0;15/10/2015;06/07/2023
1382541;POCHETTE DE SUTURE ADHESIVE STERILE, 5 BANDES, 7,5 CM X 0,3 CM.,GIPHAR;5.59;0.0;15/11/2024;14/11/2025
1336340;PANSEMENT, FIXATION, BANDE, CREPE, COTON, 4 M X 15 CM.,DIAS DE ANDRADE;4.67;0.0;15/07/2023;29/06/2023
1338385;POCHETTE DE SUTURE ADHESIVE STERILE, 5 BANDES, 7,5 CM X 0,3 CM.,GIPHAR;1.6;0.0;01/04/2016;06/07/2023
1355685;POCHETTE DE SUTURE ADHESIVE STERILE, 3 BANDES, 7,5 CM X 0,6 CM.,GIPHAR;1.86;0.0;15/11/2024;14/11/2025
1301850;PANS., FIX., BANDE, EXTENS., AUTOADH, 4 M ETIRAGE ET LARG. 7 CM.,SYLAMED;5.01;0.0;01/07/2017;06/07/2023
1378462;RONDELLES OCULAIRES STERILES DE GAZE HYDROPHILE, BOITE DE 10,SYLAMED;9.97;0.0;01/06/2019;06/07/2023
1371508;POCHETTE DE SUTURE ADHESIVE STERILE, 3 BANDES, 7,5 CM X 0,6 CM.,GIPHAR;2.08;0.0;15/11/2024;14/11/2025
1370526;PANS., FIX., BANDE, EXTENS., AUTOADH, 4 M ETIRAGE ET LARG. 6 CM.,LABOKIT;2.71;0.0;07/07/2023;03/07/2023
1374300;PANS., FIX., BANDE, EXTENSIBLE, 4 M A L'ETIRAGE, LARGEUR 5 CM.,MEDISTOCK;2.94;0.0;15/07/2023;29/06/2023
1330751;POCHETTE DE SUTURE ADHESIVE STERILE, 3 BANDES, 7,5 CM X 0,6 CM.,GIPHAR;9.8;0.0;01/04/2016;06/07/2023
1382558;PANS., FIX., BANDE, EXTENSIBLE, 4 M A L'ETIRAGE, LARGEUR 5 CM.,MEDISTOCK;2.36;0.0;15/07/2023;29/06/2023
1358703;POCHETTE DE SUTURE ADHESIVE STERILE, 5 BANDES, 7,5 CM X 0,3 CM.,GIPHAR;4.03;0.0;15/07/2023;29/06/2023
1395526;PANS., FIX., BANDE, EXTENS., AUTOADH, 4 M ETIRAGE ET LARG. 6 CM.,LABOKIT;1.8;0.0;07/07/2023;14/07/2023
1368370;PANS., FIX., BANDE, EXTENS., AUTOADH, 4 M ETIRAGE ET LARG. 6 CM.,LABOKIT;3.07;0.0;01/07/2017;06/07/2023
1387314;POCHETTE DE SUTURE ADHESIVE STERILE, 3 BANDES, 7,5 CM X 0,6 CM.,GIPHAR;4.8;0.0;15/07/2023;14/12/2025
1334743;POCHETTE DE SUTURE ADHESIVE STERILE, 10 BANDES, 10 CM x 0,6 CM.,MYHOMECARE;6.86;0.0;01/04/2016;06/07/2023
1362797;PANSEMENT, FIXATION, BANDE, CREPE, COTON, 4 M X 10 CM,LABOKIT;3.74;0.0;15/07/2023;29/06/2023
1307195;PANS., FIX., BANDE, EXTENS., AUTOADH, 4 M ETIRAGE ET LARG. 6 CM.,LABOKIT;2.29;0.0;15/11/2024;14/11/2025
1375475;POCHETTE DE SUTURE ADHESIVE STERILE, 10 BANDES, 10 CM x 0,6 CM.,MYHOMECARE;3.36;0.0;01/04/2016;06/07/2023
1329452;PANSEMENT, FIXATION, BANDE, CREPE, COTON, 4 M X 7 CM.,HYDREX;5.46;0.0;01/01/2017;06/07/2023
1394751;PANSEMENT, FIXATION, BANDE, CREPE, COTON, 4 M X 15 CM.,DIAS DE ANDRADE;4.95;0.0;07/07/2023;14/07/2023
1335872;POCHETTE DE SUTURE ADHESIVE STERILE, 3 BANDES, 7,5 CM X 0,6 CM.,GIPHAR;1.45;0.0;15/07/2023;29/06/2023
1395839;PANSEMENT, FIXATION, BANDE, CREPE, COTON, 4 M X 10 CM,LABOKIT;5.46;0.0;01/01/2017;06/07/2023
1324957;PANS., FIX., BANDE, EXTENSIBLE, 4 M A L ETIRAGE, LARGEUR 7 CM.,LABOKIT;2.51;0.0;01/01/2017;06/07/2023
1395816;POCHETTE DE SUTURE ADHESIVE STERILE, 10 BANDES, 10 CM;5.53;0.0;15/07/2023;14/12/2025
1316981;POCHETTE DE SUTURE ADHESIVE STERILE, 5 BANDES, 7,5 CM X 0,3 CM.,GIPHAR;1.45;0.0;15/07/2023;29/06/2023
1328493;COTON HYDROPHYLE, NON STERILE, PAQUET DE 100 G,NEP DEVELOP;7.84;0.0;01/06/2022;06/07/2023
1351747;PANS., FIX., BANDE, EXTENS, AUTOADH, 4 M ETIRAGE ET LARG. 2,5 CM,SYLAMED;2.3;0.0;01/04/2016;06/07/2023
1333399;COTON HYDROPHYLE, NON STERILE, PAQUET DE 100 G,NEP DEVELOP;2.63;0.0;05/06/2021;06/07/2023
1320913;POCHETTE DE SUTURE ADHESIVE STERILE, 3 BANDES, 7,5 CM X 0,6 CM.,GIPHAR;2.87;0.0;01/04/2016;06/07/2023
1340330;POCHETTE DE SUTURE ADHESIVE STERILE, 10 BANDES, 10 CM;3.25;0.0;15/11/2024;14/11/2025
1335004;PANS., FIX., BANDE, EXTENSIBLE, 4 M A L ETIRAGE, LARGEUR 7 CM.,LABOKIT;6.51;0.0;15/07/2023;14/12/2025
1396632;BANDE EN MOUSSE POUR CAPITONNAGE, TOUT MODELE,SYLAMED;2.51;0.0;01/01/2017;06/07/2023
1316633;POCHETTE DE SUTURE ADHESIVE STERILE, 10 BANDES, 10 CM X 0,6 CM.,EUROMEDIS;1.57;0.0;01/06/2019;06/07/2023
1342174;PANS., FIX., BANDE, EXTENS, AUTOADH, 4 M ETIRAGE ET LARG. 2,5 CM,SYLAMED;1.16;0.0;07/07/2023;03/07/2023
1383641;PANSEMENT, FIXATION, BANDE, CREPE, COTON, 4 M X 7 CM.,SYLAMED;2.28;0.0;01/04/2016;06/07/2023
1303263;PANSEMENT, FIXATION, BANDE, CREPE, COTON, 4 M X 7 CM.,L2N TRADING;7.39;0.0;01/07/2017;15/06/2017
1303688;BANDE EN MOUSSE POUR CAPITONNAGE, TOUT MODELE,SYLAMED;8.02;0.0;29/06/2017;06/07/2023
1304363;PANS., FIX., BANDE, EXTENSIBLE, 3 M A L'ETIRAGE, LARGEUR 10 CM.,MEDISTOCK;8.01;0.0;01/06/2019;06/07/2023
1310346;PANSEMENT, FIXATION, BANDE, CREPE, COTON, 4 M X 15 CM.,DIAS DE ANDRADE;3.25;0.0;01/04/2016;06/07/2023
1305718;PANS., FIX., BANDE, EXTENSIBLE, 3 M A L'ETIRAGE, LARGEUR 10 CM.,HARTMANN;0.0;0.0;03/04/2004;06/07/2023
1307002;COUSSINS POUR CONTENTION, PANS.S ELASTO-COMPRESSIFS, TOUT MODELE,SYLAMED;4.04;0.0;08/09/2003;06/07/2023
1307309;PANSEMENT, FIXATION, BANDE, CREPE, COTON, 5 M X 20 CM.,SYLAMED;2.54;0.0;15/11/2025;16/10/2024
1311624;PANSEMENT, FIXATION, BANDE, CREPE, COTON, 4 M X 7 CM.,RAFFIN MEDICAL;2.56;0.0;01/06/2019;06/07/2023
1350802;PANS., FIX., BANDE, EXTENS., AUTOADH, 4 M ETIRAGE ET LARG. 6 CM.,LABOKIT;2.51;0.0;01/01/2017;06/07/2023
1313037;COTON HYDROPHYLE, NON STERILE, PAQUET DE 100 G,NEP DEVELOP;1.56;0.0;01/06/2019;06/07/2023
1326927;COTON HYDROPHYLE, NON STERILE, PAQUET DE 100 G,NEP DEVELOP;5.11;0.0;29/06/2017;06/07/2023
1319643;PANSEMENT, FIXATION, BANDE, CREPE, COTON, 4 M X 7 CM.,HYDREX;9.81;0.0;01/06/2019;06/07/2023
1320014;PANS., FIX., BANDE, EXTENS., AUTOADH, 4 M ETIRAGE ET LARG. 6 CM.,LABOKIT;6.64;0.0;15/07/2023;14/12/2025
1321321;BANDE EN MOUSSE POUR CAPITONNAGE, TOUT MODELE,SYLAMED;1.62;0.0;01/01/2017;06/07/2023
1321491;PANS., FIX., BANDE, EXTENSIBLE, 4 M A L ETIRAGE, LARGEUR 20 CM.,RAFFIN MEDICAL;4.48;0.0;01/04/2016;06/07/2023
1321835;PANSEMENT, FIXATION, BANDE, CREPE, COTON, 5 M X 20 CM.,RAFFIN MEDICAL;2.99;0.0;01/06/2019;06/07/2023
1324868;PANS., FIX., BANDE, EXTENSIBLE, 4 M A L'ETIRAGE, LARGEUR 10 CM.,SYLAMED;4.61;0.0;15/07/2023;29/06/2023
1325460;PANSEMENT, FIXATION, BANDE, CREPE, COTON, 4 M X 5 CM.,LABO TECHNO;0.0;0.0;03/04/2004;06/07/2023
1335866;PANS., FIX., BANDE, EXTENS., AUTOADH, 4 M ETIRAGE ET LARG. 7 CM.,SYLAMED;4.38;0.0;05/06/2021;06/07/2023
1385249;PANS., FIX., BANDE, EXTENSIBLE, 3 M A L'ETIRAGE, LARGEUR 10 CM.,MEDISTOCK;6.11;0.0;01/06/2019;06/07/2023
1336558;COTON HYDROPHYLE, NON STERILE, PAQUET DE 100 G,NEP DEVELOP;4.75;0.0;01/06/2022;06/07/2023
1378858;BANDE EN MOUSSE POUR CAPITONNAGE, TOUT MODELE,THUASNE;0.0;0.0;03/04/2004;06/07/2023
1326560;COTON HYDROPHYLE, NON STERILE, PAQUET DE 100 G,NEP DEVELOP;3.48;0.0;05/06/2021;06/07/2023
1328501;PANSEMENT, FIXATION, BANDE, CREPE, COTON, 5 M X 20 CM.,SYLAMED;6.51;0.0;15/07/2023;14/12/2025
1330082;PANSEMENT, FIXATION, BANDE, CREPE, COTON, 4 M X 10 CM,IDC GROUP;2.33;0.0;07/07/2023;14/07/2023
1393987;PANSEMENT, FIXATION, BANDE, CREPE, COTON, 4 M X 5 CM.,HARTMANN;0.0;0.0;03/04/2004;06/07/2023
1340873;PANSEMENT, FIXATION, BANDE, CREPE, COTON, 4 M X 5 CM.,HARTMANN;1.05;0.0;01/06/2019;06/07/2023
1321261;PANS., FIX., BANDE, EXTENSIBLE, 4 M A L ETIRAGE, LARGEUR 20 CM.,RAFFIN MEDICAL;1.5;0.0;29/06/2017;15/06/2017
1387113;BANDE EN MOUSSE POUR CAPITONNAGE, TOUT MODELE,SYLAMED;1.3;0.0;01/01/2017;06/07/2023
1328665;PANS., FIX., BANDE, EXTENSIBLE, 4 M A L'ETIRAGE, LARGEUR 5 CM.,MEDISTOCK;2.43;0.0;01/07/2017;06/07/2023
1331733;COTON HYDROPHYLE, NON STERILE, PAQUET DE 100 G,GIPHAR;3.02;0.0;15/11/2024;14/11/2025
1333028;PANS., FIX., BANDE, EXTENSIBLE, 3 M A L'ETIRAGE, LARGEUR 7 CM.,MEDISTOCK;1.96;0.0;01/06/2019;06/07/2023
1333962;PANS., FIX., BANDE, EXTENS, AUTOADH, 4 M ETIRAGE ET LARG. 2,5 CM,SYLAMED;4.69;0.0;07/07/2023;30/06/2024
1334690;POCHETTE DE SUTURE ADHESIVE STERILE, 3 BANDES, 7,5 CM X 0,6 CM.,LABOKIT;1.09;0.0;01/01/2017;06/07/2023
1300709;PANS., FIX., BANDE, EXTENSIBLE, 3 M A L'ETIRAGE, LARGEUR 7 CM.,HARTMANN;4.36;0.0;01/04/2016;06/07/2023
1390010;PANS., FIX., BANDE, EXTENSIBLE, 3 M A L'ETIRAGE, LARGEUR 7 CM.,HARTMANN;1.6;0.0;29/06/2017;06/07/2023
1301175;POCHETTE DE SUTURE ADHESIVE STERILE, 5 BANDES, 7,5 CM x 0,3 CM.,MYHOMECARE;2.87;0.0;01/04/2016;06/07/2023
1307864;PANS., FIX., BANDE, EXTENSIBLE, 4 M A L ETIRAGE, LARGEUR 5 CM.,IDC GROUP;2.34;0.0;01/07/2024;17/05/2024
1347533;PANS., FIX., BANDE, EXTENS., AUTOADH, 4 M ETIRAGE ET LARG. 6 CM.,LABOKIT;7.19;0.0;01/06/2019;06/07/2023
1364520;POCHETTE DE SUTURE ADHESIVE STERILE, 10 BANDES, 10 CM x 0,6 CM.,MARQUE VERTE;0.0;0.0;03/04/2004;06/07/2023
1325550;PANS., FIX., BANDE, EXTENS., AUTOADH, 4 M ETIRAGE ET LARG. 6 CM.,LABOKIT;5.28;0.0;15/11/2024;14/11/2025
1393326;PANS., FIX., BANDE, EXTENSIBLE, 4 M A L ETIRAGE, LARGEUR 7 CM.,LABOKIT;1.6;0.0;01/04/2016;07/03/2016
1391089;PANS., FIX., BANDE, EXTENS., AUTOADH, 4 M ETIRAGE ET LARG. 7 CM.,SYLAMED;9.04;0.0;15/11/2024;14/11/2025
1319040;PANS., FIX., BANDE, EXTENSIBLE, 4 M A L'ETIRAGE, LARGEUR 10 CM.,SYLAMED;3.26;0.0;01/06/2019;06/07/2023
1323805;BANDE EN MOUSSE POUR CAPITONNAGE, TOUT MODELE,SYLAMED;3.81;0.0;01/01/2017;06/07/2023
1363325;PANS., FIX., BANDE, EXTENSIBLE, 4 M A LETIRAGE, LARGEUR 5 CM.,L2N TRADING;1.41;0.0;05/06/2021;06/07/2023
1337635;POCHETTE DE SUTURE ADHESIVE STERILE, 10 BANDES, 10 CM x 0,6 CM.,SYLAMED;1.57;0.0;01/06/2019;06/07/2023
1340778;PANS., FIX., BANDE, EXTENS, AUTOADH, 4 M ETIRAGE ET LARG. 10 CM.,SYLAMED;1.44;0.0;01/06/2019;06/07/2023
1351635;PANS., FIX., BANDE, EXTENS., AUTOADH, 4 M ETIRAGE ET LARG. 4 CM.,SYLAMED;1.13;0.0;01/06/2019;06/07/2023
1373625;PANS., FIX., BANDE, EXTENS, AUTOADH, 4 M ETIRAGE ET LARG. 12 CM.,SYLAMED;1.53;0.0;01/06/2019;06/07/2023
1365117;PANS., FIX., BANDE, EXTENS., AUTOADH, 4 M ETIRAGE ET LARG. 6 CM.,LABOKIT;2.32;0.0;05/06/2021;06/07/2023
1345362;PANS., FIX., BANDE, EXTENSIBLE, 3 M A L ETIRAGE, LARGEUR 10 CM.,LABO TECHNO;1.45;0.0;15/07/2023;29/06/2023
1349147;BANDE EN MOUSSE POUR CAPITONNAGE, TOUT MODELE,THUASNE;0.0;0.0;03/04/2004;06/07/2023
1308898;POCHETTE DE SUTURE ADHESIVE STERILE, 3 BANDES, 7,5 CM X 0,6 CM.,GIPHAR;2.17;0.0;15/07/2023;29/06/2023
1384847;PANS., FIX., BANDE, EXTENSIBLE, 4 M A L ETIRAGE, LARGEUR 5 CM.,IDC GROUP;3.81;0.0;01/06/2019;06/07/2023
1349319;RONDELLES OCULAIRES STERILES DE GAZE HYDROPHILE, BOITE DE 10,CEORA;3.06;0.0;05/06/2021;06/07/2023
1372420;POCHETTE DE SUTURE ADHESIVE STERILE, 10 BANDES, 10 CM x 0,6 CM.,EVOLUPHARM;4.23;0.0;15/11/2025;16/10/2024
1328613;BANDE EN MOUSSE POUR CAPITONNAGE, TOUT MODELE,SYLAMED;6.95;0.0;01/01/2017;06/07/2023
1356319;POCHETTE DE SUTURE ADHESIVE STERILE, 3 BANDES, 7,5 CM X 0,6 CM.,GIPHAR;2.21;0.0;05/06/2021;06/07/2023
1361154;PANS., FIX., BANDE, EXTENSIBLE, 4 M A L ETIRAGE, LARGEUR 15 CM.,LABO TECHNO;6.94;0.0;15/11/2025;16/10/2024
1349727;PANS., FIX., BANDE, EXTENS., AUTOADH, 4 M ETIRAGE ET LARG. 6 CM.,LABOKIT;3.58;0.0;29/06/2017;06/07/2023
1349756;PANS., FIX., BANDE, EXTENS., AUTOADH, 4 M ETIRAGE ET LARG. 6 CM.,LABOKIT;4.36;0.0;01/07/2017;06/07/2023
1384853;PANS., FIX., BANDE, EXTENS., AUTOADH, 4 M ETIRAGE ET LARG. 6 CM.,LABOKIT;3.48;0.0;01/07/2017;06/07/2023
1365519;PANS., FIX., BANDE, EXTENSIBLE, 4 M A L'ETIRAGE, LARGEUR 5 CM.,MEDISTOCK;1.52;0.0;07/07/2023;03/07/2023
1399205;PANS., FIX., BANDE, EXTENSIBLE, 4 M A L'ETIRAGE, LARGEUR 5 CM.,MEDISTOCK;7.66;0.0;15/07/2023;29/06/2023
1326040;PANS., FIX., BANDE, EXTENS., AUTOADH, 4 M ETIRAGE ET LARG. 6 CM.,LABOKIT;2.61;0.0;07/07/2023;03/07/2023
1355350;PANS., FIX., BANDE, EXTENS, AUTOADH, 4 M ETIRAGE ET LARG. 10 CM.,HARTMANN;3.25;0.0;15/07/2023;14/12/2025
1356390;COTON HYDROPHYLE, NON STERILE, PAQUET DE 100 G,NEP DEVELOP;8.9;0.0;01/04/2016;06/07/2023
1366016;PANS., FIX., BANDE, EXTENS., AUTOADH, 4 M ETIRAGE ET LARG. 6 CM.,LABOKIT;3.54;0.0;07/07/2023;14/07/2023
1396773;COUSSINS POUR CONTENTION, PANS.S ELASTO-COMPRESSIFS, TOUT MODELE,BSN-RADIANTE;4.04;0.0;08/09/2003;06/07/2023
1312032;BANDE EN MOUSSE POUR CAPITONNAGE, TOUT MODELE,SYLAMED;3.99;0.0;08/09/2003;06/07/2023
1358330;PANS., FIX., BANDE, EXTENSIBLE, 3 M A L ETIRAGE, LARGEUR 10 CM.,LABO TECHNO;3.28;0.0;15/07/2023;14/12/2025
1361728;PANS., FIX., BANDE, EXTENSIBLE, 4 M A L'ETIRAGE, LARGEUR 20 CM.,MEDISTOCK;1.53;0.0;01/06/2019;06/07/2023
1364030;PANS., FIX., BANDE, EXTENSIBLE, 4 M A L'ETIRAGE, LARGEUR 5 CM.,MEDISTOCK;2.03;0.0;01/07/2017;06/07/2023
1369322;PANS., FIX., BANDE, EXTENS., AUTOADH, 4 M ETIRAGE ET LARG. 6 CM.,LABOKIT;8.54;0.0;07/07/2023;03/07/2023
1370236;POCHETTE DE SUTURE ADHESIVE STERILE, 10 BANDES, 10 CM x 0,6 CM.,MARQUE VERTE;4.75;0.0;05/06/2021;06/07/2023
1371974;POCHETTE DE SUTURE ADHESIVE STERILE, 5 BANDES, 7,5 CM X 0,3 CM.,GIPHAR;4.87;0.0;15/07/2023;14/12/2025
1372689;BANDE EN MOUSSE POUR CAPITONNAGE, TOUT MODELE,THUASNE;0.0;0.0;03/04/2004;06/07/2023
1381100;BANDE EN MOUSSE POUR CAPITONNAGE, TOUT MODELE,THUASNE;6.45;0.0;03/04/2004;06/07/2023
1303470;COTON HYDROPHYLE, NON STERILE, PAQUET DE 100 G,NEP DEVELOP;3.76;0.0;05/06/2021;06/07/2023
1312760;COTON HYDROPHYLE, NON STERILE, PAQUET DE 100 G,NEP DEVELOP;3.06;0.0;05/06/2021;06/07/2023
1314829;PANS., FIX., BANDE, EXTENSIBLE, 4 M A L'ETIRAGE, LARGEUR 7 CM.,NEP DEVELOP;8.69;0.0;01/06/2022;06/07/2023
1318030;COTON HYDROPHYLE, NON STERILE, PAQUET DE 100 G,NEP DEVELOP;1.34;0.0;05/06/2021;06/07/2023
1338942;COTON HYDROPHYLE, NON STERILE, PAQUET DE 100 G,NEP DEVELOP;3.1;0.0;05/06/2021;06/07/2023
1351109;PANSEMENT, FIXATION, BANDE, CREPE, COTON, 4 M X 10 CM,LABO TECHNO;6.64;0.0;15/07/2023;14/12/2025
1360657;PANSEMENT, FIXATION, BANDE, CREPE, COTON, 4 M X 7 CM.,RAFFIN MEDICAL;2.71;0.0;01/07/2017;06/07/2023
1332282;COUSSINS POUR CONTENTION, PANS.S ELASTO-COMPRESSIFS, TOUT MODELE,THUASNE;2.46;0.0;15/11/2024;14/11/2025
1376990;COTON HYDROPHYLE, NON STERILE, PAQUET DE 100 G,NEP DEVELOP;7.99;0.0;01/06/2022;06/07/2023
1384988;POCHETTE DE SUTURE ADHESIVE STERILE, 3 BANDES, 7,5 CM X 0,6 CM.,GIPHAR;4.89;0.0;15/12/2025;05/11/2025
1392717;COTON HYDROPHYLE, NON STERILE, PAQUET DE 100 G,NEP DEVELOP;5.95;0.0;05/06/2021;06/07/2023
1387923;POCHETTE DE SUTURE ADHESIVE STERILE, 5 BANDES, 7,5 CM X 0,3 CM.,GIPHAR;1.49;0.0;07/07/2023;14/11/2024
1394202;BANDE EN MOUSSE POUR CAPITONNAGE, TOUT MODELE,THUASNE;3.07;0.0;01/07/2017;06/07/2023
1396655;PANS., FIX., BANDE, EXTENSIBLE, 4 M A L'ETIRAGE, LARGEUR 5 CM.,MEDISTOCK;2.94;0.0;15/07/2023;29/06/2023
1396891;PANSEMENT, FIXATION, BANDE, CREPE, COTON, 4 M X 7 CM.,RAFFIN MEDICAL;1.3;0.0;01/01/2017;06/07/2023
1388319;PANS., FIX., BANDE, EXTENS., AUTOADH, 4 M ETIRAGE ET LARG. 6 CM.,LABOKIT;3.34;0.0;05/06/2021;06/07/2023
1367501;COTON HYDROPHYLE, NON STERILE, PAQUET DE 100 G,NEP DEVELOP;5.82;0.0;05/06/2021;06/07/2023
1398708;COTON HYDROPHYLE, NON STERILE, PAQUET DE 100 G,NEP DEVELOP;1.67;0.0;05/06/2021;06/07/2023
1380097;COTON HYDROPHYLE, NON STERILE, PAQUET DE 100 G,NEP DEVELOP;4.15;0.0;05/06/2021;06/07/2023
1314261;PANS., FIX., BANDE, EXTENSIBLE, 4 M A L ETIRAGE, LARGEUR 15 CM.,LABO TECHNO;4.22;0.0;15/07/2023;14/12/2025
1319896;PANSEMENT, FIXATION, BANDE, CREPE, COTON, 4 M X 7 CM.,LABO TECHNO;1.81;0.0;07/07/2023;14/07/2023
1310464;PANSEMENT, FIXATION, BANDE, CREPE, COTON, 4 M X 7 CM.,HYDREX;4.86;0.0;07/07/2023;03/07/2023
1326666;POCHETTE DE SUTURE ADHESIVE STERILE, 3 BANDES, 7,5 CM X 0,6 CM.,GIPHAR;9.84;0.0;05/06/2021;06/07/2023
1396939;PANSEMENT, FIXATION, BANDE, CREPE, COTON, 4 M X 7 CM.,RAFFIN MEDICAL;2.28;0.0;29/06/2017;06/07/2023
1311446;PANSEMENT, FIXATION, BANDE, CREPE, COTON, 4 M X 7 CM.,HYDREX;5.29;0.0;15/11/2025;16/10/2024
1327217;BANDE EN MOUSSE POUR CAPITONNAGE, TOUT MODELE,THUASNE;3.99;0.0;08/09/2003;06/07/2023
1370064;PANS., FIX., BANDE, EXTENSIBLE, 4 M A L ETIRAGE, LARGEUR 20 CM.,RAFFIN MEDICAL;1.53;0.0;01/06/2019;06/07/2023
1317153;PANSEMENT, FIXATION, BANDE, CREPE, COTON, 4 M X 7 CM.,NEP DEVELOP;1.96;0.0;01/06/2019;06/07/2023
1366128;PANS., FIX., BANDE, EXTENS, AUTOADH, 4 M ETIRAGE ET LARG. 2,5 CM,SYLAMED;2.73;0.0;15/11/2025;16/10/2024
1317851;PANSEMENT, FIXATION, BANDE, CREPE, COTON, 4 M X 10 CM,LABOKIT;4.22;0.0;15/07/2023;14/12/2025
1302298;POCHETTE DE SUTURE ADHESIVE STERILE, 5 BANDES, 7,5 CM x 0,3 CM.,SOINEO;2.46;0.0;15/11/2024;14/11/2025
1345942;POCHETTE DE SUTURE ADHESIVE STERILE, 5 BANDES, 7,5 CM x 0,3 CM.,SOINEO;2.46;0.0;05/06/2021;06/07/2023
1398499;PANSEMENT, FIXATION, BANDE, CREPE, COTON, 4 M X 10 CM,LABO TECHNO;4.8;0.0;15/07/2023;14/12/2025
1331934;PANS., FIX., BANDE, EXTENSIBLE, 4 M A L'ETIRAGE, LARGEUR 10 CM.,SYLAMED;4.48;0.0;01/04/2016;06/07/2023
1361355;PANS., FIX., BANDE, EXTENS., AUTOADH, 4 M ETIRAGE ET LARG. 7 CM.,SYLAMED;2.02;0.0;01/04/2016;06/07/2023
1307054;PANSEMENT, FIXATION, BANDE, CREPE, COTON, 4 M X 7 CM.,NEP DEVELOP;1.05;0.0;01/06/2019;06/07/2023
1333258;PANSEMENT, FIXATION, BANDE, CREPE, COTON, 4 M X 7 CM.,NEP DEVELOP;8.01;0.0;01/06/2019;06/07/2023
1392367;POCHETTE DE SUTURE ADHESIVE STERILE, 10 BANDES, 10 CM x 0,6 CM.,MARQUE VERTE;0.0;0.0;03/04/2004;25/03/2004
1346769;COTON HYDROPHYLE, NON STERILE, PAQUET DE 100 G,NEP DEVELOP;6.4;0.0;01/04/2016;06/07/2023
1345971;PANS., FIX., BANDE, EXTENSIBLE, 4 M A L'ETIRAGE, LARGEUR 15 CM.,URGO HEALTHCARE;4.72;0.0;01/06/2019;06/07/2023
1304498;PANS., FIX., BANDE, EXTENSIBLE, 4 M A LETIRAGE, LARGEUR 10 CM.,L2N TRADING;7.39;0.0;07/07/2023;03/07/2023
1306155;PANS., FIX., BANDE, EXTENSIBLE, 4 M A LETIRAGE, LARGEUR 10 CM.,L2N TRADING;4.33;0.0;01/07/2017;06/07/2023
1399895;PANS., FIX., BANDE, EXTENSIBLE, 4 M A L'ETIRAGE, LARGEUR 7 CM.,NEP DEVELOP;8.54;0.0;15/11/2024;14/11/2025
1327039;PANSEMENT, FIXATION, BANDE, CREPE, COTON, 4 M X 10 CM,L2N TRADING;1.28;0.0;15/07/2023;29/06/2023
1365488;PANS., FIX., BANDE, EXTENSIBLE, 4 M A L'ETIRAGE, LARGEUR 10 CM.,SYLAMED;9.22;0.0;15/11/2025;16/10/2024
1305598;PANSEMENT, FIXATION, BANDE, CREPE, COTON, 4 M X 15 CM.,DIAS DE ANDRADE;3.32;0.0;15/12/2025;05/11/2025
1304742;PANS., FIX., BANDE, EXTENSIBLE, 4 M A L'ETIRAGE, LARGEUR 10 CM.,SYLAMED;3.48;0.0;07/07/2023;14/11/2024
1390055;PANSEMENT, FIXATION, BANDE, CREPE, COTON, 4 M X 7 CM.,LABO TECHNO;5.11;0.0;29/06/2017;06/07/2023
1306400;PANS., FIX., BANDE, EXTENSIBLE, 4 M A LETIRAGE, LARGEUR 10 CM.,L2N TRADING;5.49;0.0;15/07/2023;29/06/2023
1333695;PANS., FIX., BANDE, EXTENSIBLE, 4 M A L'ETIRAGE, LARGEUR 10 CM.,SYLAMED;2.41;0.0;15/11/2025;16/10/2024
1324510;COUSSINS POUR CONTENTION, PANS.S ELASTO-COMPRESSIFS, TOUT MODELE,THUASNE;1.65;0.0;15/11/2024;14/11/2025
1347830;PANSEMENT, FIXATION, BANDE, CREPE, COTON, 4 M X 10 CM,IDC GROUP;3.25;0.0;15/07/2023;14/12/2025
1387426;RONDELLES OCULAIRES STERILES DE GAZE HYDROPHILE, BOITE DE 10,CEORA;3.6;0.0;15/07/2023;14/12/2025
1341370;BANDE EN MOUSSE POUR CAPITONNAGE, TOUT MODELE,THUASNE;0.0;0.0;03/04/2004;06/07/2023
1368587;BANDE EN MOUSSE POUR CAPITONNAGE, TOUT MODELE,THUASNE;0.0;0.0;03/04/2004;06/07/2023
1388242;BANDE EN MOUSSE POUR CAPITONNAGE, TOUT MODELE,THUASNE;0.0;0.0;03/04/2004;06/07/2023
1392798;BANDE EN MOUSSE POUR CAPITONNAGE, TOUT MODELE,THUASNE;9.91;0.0;15/11/2024;14/11/2025
1348484;RONDELLES OCULAIRES STERILES DE GAZE HYDROPHILE, BOITE DE 10,CEORA;7.42;0.0;05/06/2021;06/07/2023
1376730;COTON HYDROPHYLE, NON STERILE, PAQUET DE 100 G,NEP DEVELOP;5.27;0.0;01/04/2016;06/07/2023
1345830;POCHETTE DE SUTURE ADHESIVE STERILE, 3 BANDES, 7,5 CM X 0,6 CM.,LABOKIT;8.9;0.0;01/04/2016;06/07/2023
1314166;PANS., FIX., BANDE, EXTENSIBLE, 4 M A L ETIRAGE, LARGEUR 7 CM.,LABOKIT;6.23;0.0;01/04/2016;06/07/2023
1331383;PANS., FIX., BANDE, EXTENSIBLE, 3 M A L ETIRAGE, LARGEUR 10 CM.,LABO TECHNO;3.81;0.0;01/01/2017;06/07/2023
1365755;POCHETTE DE SUTURE ADHESIVE STERILE, 10 BANDES, 10 CM x 0,6 CM.,MARQUE VERTE;1.77;0.0;05/06/2021;06/07/2023
1383144;POCHETTE DE SUTURE ADHESIVE STERILE, 3 BANDES, 7,5 CM X 0,6 CM.,GIPHAR;3.25;0.0;15/07/2023;14/12/2025
1349466;PANS., FIX., BANDE, EXTENS., AUTOADH, 4 M ETIRAGE ET LARG. 6 CM.,LABOKIT;5.2;0.0;01/06/2019;06/07/2023
1306847;POCHETTE DE SUTURE ADHESIVE STERILE, 3 BANDES, 7,5 CM X 0,6 CM.,GIPHAR;1.24;0.0;01/04/2016;06/07/2023
1363035;PANS., FIX., BANDE, EXTENSIBLE, 4 M A L ETIRAGE, LARGEUR 20 CM.,RAFFIN MEDICAL;1.33;0.0;01/04/2016;06/07/2023
1333324;PANS., FIX., BANDE, EXTENS., AUTOADH, 4 M ETIRAGE ET LARG. 6 CM.,LABOKIT;6.77;0.0;01/06/2019;06/07/2023
1374932;RONDELLES OCULAIRES STERILES DE GAZE HYDROPHILE, BOITE DE 10,CEORA;4.48;0.0;01/06/2022;06/07/2023
1357336;RONDELLES OCULAIRES STERILES DE GAZE HYDROPHILE, BOITE DE 10,CEORA;7.38;0.0;01/06/2022;06/07/2023
1370897;RONDELLES OCULAIRES STERILES DE GAZE HYDROPHILE, BOITE DE 10,CEORA;6.79;0.0;01/06/2022;06/07/2023
1330509;RONDELLES OCULAIRES STERILES DE GAZE HYDROPHILE, BOITE DE 10,CEORA;2.37;0.0;05/06/2021;06/07/2023
1315852;RONDELLES OCULAIRES STERILES DE GAZE HYDROPHILE, BOITE DE 10,CEORA;1.43;0.0;05/06/2021;06/07/2023
1374694;RONDELLES OCULAIRES STERILES DE GAZE HYDROPHILE, BOITE DE 10,CEORA;9.26;0.0;01/06/2022;06/07/2023
1358347;COTON HYDROPHYLE, NON STERILE, PAQUET DE 100 G,NEP DEVELOP;2.68;0.0;05/06/2021;06/07/2023
1352132;PANS., FIX., BANDE, EXTENS., AUTOADH, 4 M ETIRAGE ET LARG. 6 CM.,LABOKIT;9.27;0.0;29/06/2017;06/07/2023
1326057;PANS., FIX., BANDE, EXTENS., AUTOADH, 4 M ETIRAGE ET LARG. 6 CM.,LABOKIT;7.19;0.0;01/06/2019;06/07/2023
1318224;PANS., FIX., BANDE, EXTENS, AUTOADH, 4 M ETIRAGE ET LARG. 2,5 CM,SYLAMED;4.87;0.0;15/07/2023;14/12/2025
1370673;PANS., FIX., BANDE, EXTENS., AUTOADH, 4 M ETIRAGE ET LARG. 6 CM.,LABOKIT;1.93;0.0;01/06/2019;06/07/2023
1370213;POCHETTE DE SUTURE ADHESIVE STERILE, 10 BANDES, 10 CM x 0,6 CM.,MARQUE VERTE;4.37;0.0;15/12/2025;05/11/2025
1370704;POCHETTE DE SUTURE ADHESIVE STERILE, 3 BANDES, 7,5 CM X 0,6 CM.,GIPHAR;5.44;0.0;15/07/2023;14/12/2025
1668102;DMN-TSM, TLS DEFIBRILLATEUR OU STIMULATEUR CARDIAQUE, FORFAIT SEMESTRIEL,BOSTON;3.66;0.0;21/12/2025;17/11/2025
1659468;DMN-TSM, INSU CARDIAQUE CHRONIQUE, FORFAIT MENSUEL,CARELINE;4.34;0.0;08/11/2024;31/03/2025
1654962;DMN-TSM, INSU CARDIAQUE CHRONIQUE, FORFAIT MENSUEL,PREDICT4HEALTH;3.99;0.0;21/12/2025;17/11/2025
1612544;DMN-TSM, INSU CARDIAQUE CHRONIQUE, FORFAIT MENSUEL,CARELINE;5.0;0.0;01/07/2023;07/11/2024
1694358;DMN-TSM, INSU CARDIAQUE CHRONIQUE, FORFAIT MENSUEL,EPOCA;4.02;0.0;01/04/2025;20/12/2025
1662186;DMN-TSM, TLS DEFIBRILLATEUR OU STIMULATEUR CARDIAQUE, FORFAIT SEMESTRIEL,BOSTON;;0.0;;
1643272;DMN-TSM, TLS DEFIBRILLATEUR OU STIMULATEUR CARDIAQUE, FORFAIT MENSUEL,IMPLICITY;1.42;0.0;31/03/2024;07/11/2024
2122138;CHUT POUR AUGMENTATION DU VOLUME DE L AVANT-PIED, L UNITE,CALZAMEDI;6.03;0.0;01/01/2023;06/07/2023
2113174;CORRECTION ORTHOPEDIQUE, PIED, ATTELLE RIGIDE SANS CHAUSSURE,KINORTHO;0.0;0.0;01/08/2009;06/07/2023
2193813;COLLIER CERVICAL POUR SOUTIEN LEGER,L2N TRADING;9.25;0.0;01/08/2009;06/07/2023
2149440;COR. ORTHO., MAIN-POIGNET, ORTH. POSITIONT, POIGNET-MAIN-DOIGT,KINORTHO;0.0;0.0;01/08/2009;06/07/2023
2124338;COR. ORTHO., MAIN-POIGNET, ORTHESE STATIQUE, POIGNET-POUCE,CAMP SCANDINAV;0.0;0.0;01/08/2009;06/07/2023
2107972;CHUT POUR AUGMENTATION DU VOLUME DE L'AVANT-PIED, L'UNITE,PONECO;6.03;0.0;01/01/2023;06/07/2023
2152211;COLLIER CERVICAL POUR SOUTIEN MOYEN, NON REGLABLE EN HAUTEUR,MEDI SERV;0.0;0.0;01/08/2009;06/07/2023
2161530;COR. ORTHO., MAIN-POIGNET, ORTHESE STATIQUE, POIGNET-RIGIDE,SAS AVIDEN;0.0;0.0;01/08/2009;06/07/2023
2130310;COR. ORTHO., MAIN-POIGNET, ATTELLE, EXTENSION POIGNET,MED PARTNER;0.0;0.0;01/08/2009;06/07/2023
2128365;CORRECTION ORTHOPEDIQUE, PIED, ATTELLE ARTICULEE SANS CHAUSSURES,KINORTHO;0.0;0.0;01/08/2009;06/07/2023
2182755;CORRECTION ORTHOPEDIQUE, PIED, ATTELLE RELEVEUR DE PIED DE SERIE,OSSUR EUROPE;4.0;0.0;08/08/2013;06/07/2023
2159526;COR. ORTHO., MAIN-POIGNET, ORTHESE STATIQUE, POIGNET-POUCE,GIMED LAB;0.0;0.0;01/08/2009;06/07/2023
2132303;COR. ORTHO., MAIN-POIGNET, ORTHESE STATIQUE, POIGNET-POUCE,CIMATEL;0.0;0.0;01/08/2009;06/07/2023
2192630;COR. ORTHO., MAIN, ATTELLE MP, FLEXION, POUCE ABDUCTION,ETOILE GRENOBLE;0.0;0.0;01/08/2009;06/07/2023
2174460;CORRECTION ORTHOPEDIQUE, PIED, ATTELLE RELEVEUR DE PIED DE SERIE,POLAAR;4.0;0.0;08/08/2013;06/07/2023
2118823;CORRECTION ORTHOPEDIQUE, PIED, ATTELLE MONTEE SUR CHAUSSURES,SKINCASTS;0.0;0.0;01/08/2009;06/07/2023
2139009;COR. ORTHO., MAIN, ATTELLE MP, FLEXION, POUCE ABDUCTION,ETOILE DISTRIB;0.0;0.0;01/08/2009;06/07/2023
2166740;CORRECTION ORTHOPEDIQUE, GENOU, ATTELLE ET ORTHESE ARTICULEE,ALIANZA;0.0;0.0;01/08/2009;06/07/2023
2105938;COR. ORTHO., PIED, ORTH. STABILISATRICE CHEVILLE, PLAN FRONTAL,PAVIS;0.0;0.0;01/08/2009;06/07/2023
2183855;CORRECTION ORTHOPEDIQUE, PIED, ATTELLE RIGIDE SANS CHAUSSURE,KINORTHO;0.0;0.0;01/08/2009;06/07/2023
2139943;COR. ORTHO., MAIN, ATTELLE MP, FLEXION, POUCE ABDUCTION,ETOILE DISTRIB;5.13;0.0;01/03/2020;06/07/2023
2189800;CORRECTION ORTHOPEDIQUE, MAIN, ATTELLE MP, EXTENSION,CIZETA MEDICALI;0.0;0.0;01/08/2009;06/07/2023
2182710;CORRECTION ORTHOPEDIQUE, GENOU, ATTELLE ET ORTHESE ARTICULEE,SDG DISTRIB;0.0;0.0;01/08/2009;06/07/2023
2104637;CORRECTION ORTHOPEDIQUE, GENOU, ATTELLE ET ORTHESE ARTICULEE,BREG INC;0.0;0.0;01/08/2009;06/07/2023
2109534;CORRECTION ORTHOPEDIQUE, PIED, ATTELLE RIGIDE SANS CHAUSSURE,KINORTHO;0.0;0.0;01/08/2009;06/07/2023
2165194;COR. ORTHO., MAIN-POIGNET, ORTHESE STATIQUE, POIGNET-RIGIDE,KINORTHO;0.0;0.0;01/08/2009;06/07/2023
2179500;COR. ORTHO., MAIN-POIGNET, ORTH. POSITIONT, POIGNET-MAIN-DOIGT,KINORTHO;0.0;0.0;01/08/2009;06/07/2023
2145984;COR. ORTHO., MAIN, ATTELLE MP, FLEXION, POUCE ABDUCTION,MED PARTNER;0.0;0.0;01/08/2009;06/07/2023
2155965;COR. ORTHO., PIED, ATTELLE CORRECTRICE, TOUS PLANS DE LESPACE,NOVANKLE;0.0;0.0;01/08/2009;06/07/2023
2116741;COR. ORTHO., MAIN-POIGNET, ORTH. POSITIONT, POIGNET-MAIN-DOIGT,KINORTHO;0.0;0.0;01/08/2009;06/07/2023
2154032;CORRECTION ORTHOPEDIQUE, MAIN, ATTELLE MP, EXTENSION,CIZETA MEDICALI;0.0;0.0;01/08/2009;06/07/2023
2164622;CORRECTION ORTHOPEDIQUE, PIED, ATTELLE RIGIDE SANS CHAUSSURE,PRIM;0.0;0.0;01/08/2009;06/07/2023
2167678;VETEMENT COMPRESSIF, GANT OUVERT OU FERME,MEDICAL Z;0.0;0.0;01/08/2009;06/07/2023
2126751;VETEM COMPR., SUPP. GILET SANS MANCHE, CONFORMATEUR STERNAL,MEDICAL Z;0.0;0.0;01/08/2009;06/07/2023
2123712;VETEMENT COMPRESSIF, SUPPLEMENT GILET SANS MANCHE, MANCHE COURTE,MEDICAL Z;7.64;0.0;01/08/2009;06/07/2023
2193693;VETEMENT COMPRESSIF, SUPP. GILET SANS MANCHE, PATTE SOUS-CUISSE,MEDICAL Z;0.0;0.0;01/08/2009;06/07/2023
2133248;VETEMENT COMPRESSIF, SUPPLEMENT SHORT, JAMBE COURTE,MEDICAL Z;0.0;0.0;01/08/2009;06/07/2023
2102986;VETEMENT COMPRESSIF, SHORT,MEDICAL Z;0.0;0.0;01/08/2009;06/07/2023
2151772;VETEM COMPR., SUPP. GILET SANS MANCHE, CONFECTION POITRINE FEMME,MEDICAL Z;0.0;0.0;01/08/2009;06/07/2023
2103661;VETEM COMPR, SUPP. GANT OUVERT OU FERME, SEPARATEUR INTERDIGITAL,MEDICAL Z;0.0;0.0;01/08/2009;06/07/2023
2106719;VETEMENT COMPRESSIF, SUPPLEMENT GILET SANS MANCHE, MANCHE LONGUE,MEDICAL Z;0.0;0.0;01/08/2009;06/07/2023
2122658;VETEMENT COMPRESSIF, SUPPLEMENT CHAUSSETTE HAUTE, PIED,MEDICAL Z;0.0;0.0;01/08/2009;06/07/2023
2190602;VETEMENT COMPRESSIF, SUPPLEMENT SHORT, JAMBE LONGUE,MEDICAL Z;0.0;0.0;01/08/2009;06/07/2023
2185908;VETEMENT COMPRESSIF, MITAINE,MEDICAL Z;0.0;0.0;01/08/2009;06/07/2023
2127733;VETEMENT COMPRESSIF, MENTONNIERE AVEC BRIDES,MEDICAL Z;0.0;0.0;01/08/2009;06/07/2023
2112269;VETEMENT COMPRESSIF, COLLIER,MEDICAL Z;0.0;0.0;01/08/2009;06/07/2023
2181945;VETEMENT COMPRESSIF, SUPPLEMENT, MANCHETTE,MEDICAL Z;0.0;0.0;01/08/2009;06/07/2023
2134549;CORRECTION ORTHOPEDIQUE, PIED, CHAUSSURE A BOUT OUVERT,NEUT;0.0;0.0;01/08/2009;06/07/2023
2130267;VETEMENT COMPRESSIF, GILET SANS MANCHE,MEDICAL Z;0.0;0.0;01/08/2009;06/07/2023
2145493;VETEMENT COMPRESSIF, CAGOULE,MEDICAL Z;0.0;0.0;01/08/2009;06/07/2023
2117500;COR. ORTHO., HANCHE, COUSSIN D'ABDUCTION, MEMBRE INF., ENFANT,PRIM;0.0;0.0;01/08/2009;06/07/2023
2122121;COR. ORTHO., MAIN-POIGNET, ORTHESE STATIQUE, POIGNET-RIGIDE,MILLET INNOV;0.0;0.0;01/08/2009;06/07/2023
2140455;ORTHESE PLANTAIRE, DU 28 AU 37,BIGORRE;0.0;0.0;01/08/2009;06/07/2023
2180450;CORRECTION ORTHOPEDIQUE, GENOU, ATTELLE ET ORTHESE NON ARTICULEE,AMBELIO;0.0;0.0;01/08/2009;06/07/2023
2104525;COR. ORTHO., MAIN, ATTELLE MP, FLEXION, POUCE ABDUCTION,SPENTYS;0.0;0.0;01/08/2009;06/07/2023
2120790;CORRECTION ORTHOPEDIQUE, GENOU, ATTELLE ET ORTHESE NON ARTICULEE,OSSUR EUROPE;0.0;0.0;01/08/2009;06/07/2023
2120725;CORRECTION ORTHOPEDIQUE, PIED, ATTELLE RELEVEUR DE PIED DE SERIE,PERFORM HEALTH;4.0;0.0;08/08/2013;06/07/2023
2187439;CORRECTION ORTHOPEDIQUE, PIED, ATTELLE ARTICULEE SANS CHAUSSURES,NEUT;0.0;0.0;01/08/2009;06/07/2023
2144980;COR. ORTHO., MAIN, ATTELLE DIGITALE, EXTENSION TYPE CAPENER,PERFORM HEALTH;0.0;0.0;01/01/2023;06/07/2023
2156864;COR. ORTHO., MAIN, ATTELLE DIGITALE, EXTENSION ASSISTEE,PERFORM HEALTH;0.0;0.0;01/08/2009;06/07/2023
2122776;CORRECTION ORTHOPEDIQUE, MAIN, ATTELLE MP, FLEXION,PRIM;0.0;0.0;01/08/2009;06/07/2023
2197159;CORRECTION ORTHOPEDIQUE, GENOU, ATTELLE ET ORTHESE ARTICULEE,AMA SANTE;0.0;0.0;01/08/2009;06/07/2023
2172449;VETEMENT COMPRESSIF, CHAUSSETTE HAUTE,MEDICAL Z;0.0;0.0;01/08/2009;06/07/2023
2199968;CORRECTION ORTHOPEDIQUE, PIED, ATTELLE RIGIDE SANS CHAUSSURE,MAYZAUD;0.0;0.0;01/08/2009;06/07/2023
2285099;OPTIQUE, MONTURE ADULTE DE CLASSE A,GROUP PHARMA FR;5.13;0.0;01/03/2020;06/07/2023
2260691;OPTIQUE, MONTURE ADULTE DE CLASSE A,GROUP PHARMA FR;5.13;0.0;01/03/2020;06/07/2023
2240850;OPTIQUE, MONTURE ADULTE DE CLASSE A,GROUP PHARMA FR;5.13;0.0;01/03/2020;06/07/2023
2253834;OPTIQUE, MONTURE ADULTE DE CLASSE A,GROUP PHARMA FR;5.13;0.0;01/03/2020;06/07/2023
2245941;OPTIQUE, MONTURE ADULTE DE CLASSE A,GROUP PHARMA FR;5.13;0.0;01/03/2020;06/07/2023
2242760;OPTIQUE, MONTURE ADULTE DE CLASSE A,GROUP PHARMA FR;5.13;0.0;01/02/2020;06/07/2023
2270583;OPTIQUE, MONTURE ADULTE DE CLASSE A,GROUP PHARMA FR;5.13;0.0;01/03/2020;06/07/2023
2291480;OPTIQUE, VERRE NEUTRE DE CLASSE A FABRIQUE VERRE;6.0;0.0;01/01/2020;06/07/2023
2299925;OPTIQUE, MONTURE ADULTE DE CLASSE A,GROUP PHARMA FR;5.13;0.0;01/03/2020;06/07/2023
2297530;OPTIQUE, VERRE NEUTRE DE CLASSE A NEOLENS;5.13;0.0;01/01/2020;06/07/2023
2297263;OPTIQUE, MONTURE ADULTE DE CLASSE B,LA BETE FEROCE;5.13;0.0;01/03/2020;06/07/2023
2295525;OPTIQUE, MONTURE ADULTE DE CLASSE B,LA BETE FEROCE;5.13;0.0;01/03/2020;06/07/2023
2293555;OPTIQUE, MONTURE ENFANT DE CLASSE B,MAD IN ITALY;5.13;0.0;01/01/2020;06/07/2023
2293414;OPTIQUE, MONTURE ADULTE DE CLASSE A,GROUP PHARMA FR;5.13;0.0;01/03/2020;06/07/2023
2292277;OPTIQUE, MONTURE ENFANT DE CLASSE A,BEHACH;5.13;0.0;01/01/2020;06/07/2023
2292053;OPTIQUE, MONTURE ENFANT DE CLASSE A,BEHACH;5.13;0.0;01/01/2020;06/07/2023
2291674;OPTIQUE, VERRE NEUTRE DE CLASSE A NEOLENS;5.13;0.0;01/01/2020;06/07/2023
2291065;OPTIQUE, MONTURE ADULTE DE CLASSE A,GROUP PHARMA FR;5.13;0.0;01/03/2020;06/07/2023
2288695;OPTIQUE, MONTURE ENFANT DE CLASSE A,BEHACH;5.13;0.0;01/03/2020;06/07/2023
2288502;OPTIQUE, MONTURE ENFANT DE CLASSE A,BEHACH;5.13;0.0;01/01/2020;06/07/2023
2288353;OPTIQUE, MONTURE ENFANT DE CLASSE A,BEHACH;5.13;0.0;01/02/2020;06/07/2023
2286800;OPTIQUE, MONTURE ENFANT DE CLASSE B,MAD IN ITALY;5.13;0.0;01/01/2020;06/07/2023
2284697;OPTIQUE, MONTURE ADULTE DE CLASSE A,GROUP PHARMA FR;5.13;0.0;01/03/2020;06/07/2023
2282920;OPTIQUE, MONTURE ADULTE DE CLASSE A,GROUP PHARMA FR;5.13;0.0;01/03/2020;06/07/2023
2281598;OPTIQUE, MONTURE ENFANT DE CLASSE B,MAD IN ITALY;5.13;0.0;01/02/2020;06/07/2023
2279650;OPTIQUE, MONTURE ENFANT DE CLASSE A,BEHACH;5.13;0.0;01/01/2020;06/07/2023
2276048;OPTIQUE, MONTURE ADULTE DE CLASSE A,GROUP PHARMA FR;5.13;0.0;01/03/2020;06/07/2023
2269692;OPTIQUE, MONTURE ENFANT DE CLASSE A,BEHACH;5.13;0.0;01/01/2020;06/07/2023
2269516;OPTIQUE, MONTURE ADULTE DE CLASSE B,LA BETE FEROCE;5.13;0.0;01/03/2020;06/07/2023
2268505;OPTIQUE, VERRE NEUTRE DE CLASSE B LUNETTE PR TOUS;9.75;0.0;01/01/2020;06/07/2023
2267552;OPTIQUE, VERRE NEUTRE DE CLASSE A NEOLENS;5.13;0.0;01/03/2020;06/07/2023
2267492;OPTIQUE, VERRE NEUTRE DE CLASSE B LUNETTE PR TOUS;5.13;0.0;01/03/2020;06/07/2023
2266989;OPTIQUE, VERRE NEUTRE DE CLASSE A NEOLENS;5.13;0.0;01/03/2020;06/07/2023
2265412;OPTIQUE, VERRE NEUTRE DE CLASSE A NEOLENS;5.13;0.0;01/01/2020;06/07/2023
2264803;OPTIQUE, MONTURE ENFANT DE CLASSE A,BEHACH;5.13;0.0;01/01/2020;06/07/2023
2264401;OPTIQUE, MONTURE ADULTE DE CLASSE A,GROUP PHARMA FR;5.13;0.0;01/03/2020;06/07/2023
2263494;OPTIQUE, MONTURE ADULTE DE CLASSE B,LA BETE FEROCE;5.13;0.0;01/02/2020;06/07/2023
2262678;OPTIQUE, MONTURE ENFANT DE CLASSE B,MAD IN ITALY;5.13;0.0;01/01/2020;06/07/2023
2259340;OPTIQUE, VERRE NEUTRE DE CLASSE A NEOLENS;5.13;0.0;01/03/2020;06/07/2023
2258895;OPTIQUE, MONTURE ENFANT DE CLASSE A,BEHACH;5.13;0.0;01/01/2020;06/07/2023
2257750;OPTIQUE, MONTURE ADULTE DE CLASSE A,GROUP PHARMA FR;5.13;0.0;01/03/2020;06/07/2023
2257447;OPTIQUE, MONTURE ENFANT DE CLASSE B,MAD IN ITALY;5.13;0.0;01/02/2020;06/07/2023
2256420;OPTIQUE, MONTURE ADULTE DE CLASSE A,GROUP PHARMA FR;5.13;0.0;01/01/2020;06/07/2023
2255856;OPTIQUE, MONTURE ENFANT DE CLASSE B,MAD IN ITALY;5.13;0.0;01/02/2020;06/07/2023
2251924;OPTIQUE, VERRE NEUTRE DE CLASSE A NEOLENS;5.13;0.0;01/03/2020;06/07/2023
2249152;OPTIQUE, MONTURE ENFANT DE CLASSE B,MAD IN ITALY;5.13;0.0;01/01/2020;06/07/2023
2247041;OPTIQUE, MONTURE ENFANT DE CLASSE B,MAD IN ITALY;5.13;0.0;01/02/2020;06/07/2023
2243920;OPTIQUE, MONTURE ADULTE DE CLASSE A,GROUP PHARMA FR;5.13;0.0;01/01/2020;06/07/2023
2243623;OPTIQUE, MONTURE ADULTE DE CLASSE A,GROUP PHARMA FR;5.13;0.0;01/03/2020;06/07/2023
2241742;OPTIQUE, MONTURE ADULTE DE CLASSE B,LA BETE FEROCE;5.13;0.0;01/03/2020;06/07/2023
2241529;OPTIQUE, MONTURE ENFANT DE CLASSE B,MAD IN ITALY;5.13;0.0;01/01/2020;06/07/2023
2241162;OPTIQUE, MONTURE ENFANT DE CLASSE B,MAD IN ITALY;5.13;0.0;01/01/2020;06/07/2023
2240323;OPTIQUE, MONTURE ADULTE DE CLASSE B,LA BETE FEROCE;5.13;0.0;01/03/2020;06/07/2023
2237947;OPTIQUE, MONTURE ENFANT DE CLASSE B,MAD IN ITALY;5.13;0.0;01/01/2020;06/07/2023
2234788;OPTIQUE, VERRE NEUTRE DE CLASSE A NEOLENS;5.13;0.0;01/03/2020;06/07/2023
2234044;OPTIQUE, MONTURE ADULTE DE CLASSE B,BELLOSGUARDO;5.13;0.0;01/02/2020;06/07/2023
2234021;OPTIQUE, VERRE NEUTRE DE CLASSE A NEOLENS;5.13;0.0;01/01/2020;06/07/2023
2233033;OPTIQUE, MONTURE ENFANT DE CLASSE A,BEHACH;5.13;0.0;01/01/2020;06/07/2023
2230750;OPTIQUE, MONTURE ENFANT DE CLASSE A,BEHACH;5.13;0.0;01/01/2020;06/07/2023
2229824;OPTIQUE, MONTURE ENFANT DE CLASSE B,MAD IN ITALY;5.13;0.0;01/01/2020;06/07/2023
2229155;OPTIQUE, MONTURE ADULTE DE CLASSE A,GROUP PHARMA FR;5.13;0.0;01/03/2020;06/07/2023
2226926;OPTIQUE, MONTURE ENFANT DE CLASSE A,BEHACH;5.13;0.0;01/03/2020;06/07/2023
2226910;OPTIQUE, VERRE NEUTRE DE CLASSE A NEOLENS;5.13;0.0;01/03/2020;06/07/2023
2225329;OPTIQUE, MONTURE ENFANT DE CLASSE A,BEHACH;5.13;0.0;01/02/2020;06/07/2023
2224778;OPTIQUE, MONTURE ADULTE DE CLASSE A,GROUP PHARMA FR;4.75;0.0;01/01/2020;06/07/2023
2224732;OPTIQUE, MONTURE ADULTE DE CLASSE B,LA BETE FEROCE;5.13;0.0;01/01/2020;06/07/2023
2224287;OPTIQUE, MONTURE ADULTE DE CLASSE A,GROUP PHARMA FR;5.13;0.0;01/02/2020;06/07/2023
2222176;OPTIQUE, VERRE NEUTRE DE CLASSE A NEOLENS;5.13;0.0;01/03/2020;06/07/2023
2222118;OPTIQUE, MONTURE ADULTE DE CLASSE B,LA BETE FEROCE;5.13;0.0;01/03/2020;06/07/2023
2220088;OPTIQUE, VERRE NEUTRE DE CLASSE A NEOLENS;5.13;0.0;01/03/2020;06/07/2023
2219062;OPTIQUE, MONTURE ADULTE DE CLASSE B,LA BETE FEROCE;5.13;0.0;01/03/2020;06/07/2023
2218849;OPTIQUE, MONTURE ADULTE DE CLASSE A,GROUP PHARMA FR;5.13;0.0;01/03/2020;06/07/2023
2218542;OPTIQUE, MONTURE ENFANT DE CLASSE B,MAD IN ITALY;5.13;0.0;01/01/2020;06/07/2023
2217809;OPTIQUE, MONTURE ENFANT DE CLASSE A,BEHACH;5.13;0.0;01/03/2020;06/07/2023
2215503;OPTIQUE, MONTURE ADULTE DE CLASSE A,GROUP PHARMA FR;5.13;0.0;01/03/2020;06/07/2023
2215213;OPTIQUE, VERRE NEUTRE DE CLASSE A NEOLENS;5.13;0.0;01/01/2020;06/07/2023
2214515;OPTIQUE, VERRE NEUTRE DE CLASSE A NEOLENS;5.13;0.0;01/03/2020;06/07/2023
2213711;OPTIQUE, VERRE NEUTRE DE CLASSE A NEOLENS;5.13;0.0;01/01/2020;06/07/2023
2212025;OPTIQUE, MONTURE ADULTE DE CLASSE A,GROUP PHARMA FR;5.13;0.0;01/03/2020;06/07/2023
2211190;OPTIQUE, MONTURE ADULTE DE CLASSE A,GROUP PHARMA FR;5.13;0.0;01/02/2020;06/07/2023
2210983;OPTIQUE, MONTURE ADULTE DE CLASSE A,GROUP PHARMA FR;5.13;0.0;01/01/2020;06/07/2023
2210434;OPTIQUE, MONTURE ENFANT DE CLASSE A,BEHACH;5.13;0.0;01/01/2020;06/07/2023
2210109;OPTIQUE, MONTURE ENFANT DE CLASSE A,BEHACH;5.13;0.0;01/01/2020;06/07/2023
2209460;OPTIQUE, MONTURE ENFANT DE CLASSE B,MAD IN ITALY;5.13;0.0;01/01/2020;06/07/2023
2208756;OPTIQUE, MONTURE ENFANT DE CLASSE B,MAD IN ITALY;5.13;0.0;01/01/2020;06/07/2023
2208064;OPTIQUE, MONTURE ENFANT DE CLASSE A,BEHACH;5.13;0.0;01/03/2020;06/07/2023
2205321;OPTIQUE, MONTURE ADULTE DE CLASSE A,GROUP PHARMA FR;5.13;0.0;01/03/2020;06/07/2023
2203948;OPTIQUE, MONTURE ENFANT DE CLASSE A,BEHACH;5.13;0.0;01/03/2020;06/07/2023
2203486;OPTIQUE, MONTURE ENFANT DE CLASSE A,BEHACH;9.0;0.0;01/01/2020;06/07/2023
2202430;OPTIQUE, MONTURE ADULTE DE CLASSE B,LA BETE FEROCE;5.13;0.0;01/03/2020;06/07/2023
2200335;OPTIQUE, MONTURE ENFANT DE CLASSE B,MAD IN ITALY;5.13;0.0;01/02/2020;06/07/2023
2222124;OPTIQUE, MONTURE ENFANT DE CLASSE A,BRANDEYES;9.0;0.0;01/01/2020;06/07/2023
2276870;OPTIQUE, MONTURE ADULTE DE CLASSE B,LUNET. VILLEROY;5.13;0.0;01/02/2020;06/07/2023
2264861;HANCHE, TIGE ANATOMIQUE, COL INCLUS, CIMENTEE,GRP BIOIMPIANTI;7.56;0.0;07/07/2023;31/08/2025
2247905;OPTIQUE, PRISME INCORPORE ENFANT. QUELLE QUE SOIT LA PUISSANCE,BOLD;0.0;0.0;01/01/2020;06/07/2023
2254242;OPTIQUE, MONTURE ADULTE DE CLASSE B,FDC;5.13;0.0;01/02/2020;06/07/2023
2295815;OPTIQUE, MONTURE ENFANT DE CLASSE A,EYEVAN EUROPE;9.0;0.0;01/01/2020;06/07/2023
2285136;OPTIQUE, MONTURE ENFANT DE CLASSE A,LUCELINE;9.0;0.0;01/01/2020;06/07/2023
2297866;OPTIQUE, MONTURE ENFANT DE CLASSE B,MAD DISTRIB;5.13;0.0;01/02/2020;06/07/2023
2232855;MAT. AMBLYOPIE, SYSTEME DE REEDUCATION, BTE DE 20, PETITE TAILLE,3M FRANCE;3.67;0.0;05/04/2017;06/07/2023
2202305;OPTIQUE, MONTURE ADULTE DE CLASSE B,ASART;5.13;0.0;01/01/2020;06/07/2023
2297926;OPTIQUE, MONTURE ADULTE DE CLASSE B,FONDA;5.13;0.0;01/02/2020;06/07/2023
2256790;OPTIQUE, MONTURE ADULTE DE CLASSE A,SOCODEIX;7.62;0.0;08/09/2003;06/07/2023
2238958;OPTIQUE, MONTURE ADULTE DE CLASSE B,BARABAN;5.13;0.0;01/02/2020;06/07/2023
2221745;OPTIQUE, MONTURE ENFANT DE CLASSE B,KEY OPTICAL;0.0;0.0;01/01/2021;06/07/2023
2227908;OPTIQUE, MONTURE ADULTE DE CLASSE B,KRISTAL ID;5.13;0.0;01/01/2020;06/07/2023
2297910;OPTIQUE, MONTURE ADULTE DE CLASSE A,INTRATECH;1.45;0.0;01/01/2020;06/07/2023
2296803;OPTIQUE, MONTURE ENFANT DE CLASSE A,THEMY;9.0;0.0;01/01/2020;06/07/2023
2287514;OPTIQUE, MONTURE ADULTE DE CLASSE A,INTRATECH;5.25;0.0;01/01/2020;06/07/2023
2286118;OPTIQUE, MONTURE ENFANT DE CLASSE A,THEMY;9.0;0.0;01/01/2020;06/07/2023
2282913;OPTIQUE, MONTURE ENFANT DE CLASSE A,THEMY;9.0;0.0;01/01/2020;06/07/2023
2279934;OPTIQUE, MONTURE ENFANT DE CLASSE A,THEMY;9.0;0.0;01/01/2020;06/07/2023
2277266;OPTIQUE, MONTURE ADULTE DE CLASSE A,GROUP PHARMA FR;6.75;0.0;01/01/2020;06/07/2023
2274730;OPTIQUE, MONTURE ADULTE DE CLASSE A,INTRATECH;9.75;0.0;01/01/2020;06/07/2023
2274380;OPTIQUE, MONTURE ADULTE DE CLASSE B,BEHACH;4.75;0.0;01/01/2020;06/07/2023
2272748;OPTIQUE, MONTURE ENFANT DE CLASSE A,THEMY;8.0;0.0;01/01/2020;06/07/2023
2267240;OPTIQUE, MONTURE ADULTE DE CLASSE B,OPTIC QUI BOUGE;6.0;0.0;01/01/2020;06/07/2023
2264884;OPTIQUE, MONTURE ADULTE DE CLASSE B,OPTIC QUI BOUGE;6.0;0.0;01/01/2020;06/07/2023
2263287;OPTIQUE, MONTURE ADULTE DE CLASSE A,GROUP PHARMA FR;3.75;0.0;01/01/2020;06/07/2023
2260509;OPTIQUE, MONTURE ADULTE DE CLASSE B,BEHACH;4.75;0.0;01/01/2020;06/07/2023
2258406;OPTIQUE, MONTURE ADULTE DE CLASSE A,GROUP PHARMA FR;6.75;0.0;01/01/2020;06/07/2023
2254911;OPTIQUE, MONTURE ADULTE DE CLASSE A,GROUP PHARMA FR;4.25;0.0;01/01/2020;06/07/2023
2254727;OPTIQUE, MONTURE ADULTE DE CLASSE A,INTRATECH;9.75;0.0;01/01/2020;06/07/2023
2254584;OPTIQUE, MONTURE ADULTE DE CLASSE A,GROUP PHARMA FR;4.25;0.0;01/01/2020;06/07/2023
2252177;OPTIQUE, MONTURE ENFANT DE CLASSE A,THEMY;9.0;0.0;01/01/2020;06/07/2023
2249229;OPTIQUE, MONTURE ENFANT DE CLASSE A,THEMY;9.0;0.0;01/01/2020;06/07/2023
2248030;OPTIQUE, MONTURE ENFANT DE CLASSE A,THEMY;1.05;0.0;01/01/2020;06/07/2023
2245875;OPTIQUE, MONTURE ADULTE DE CLASSE B,DABRACH;7.5;0.0;01/01/2020;06/07/2023
2245190;OPTIQUE, MONTURE ADULTE DE CLASSE B,OPTIC QUI BOUGE;5.0;0.0;01/01/2020;06/07/2023
2244203;OPTIQUE, MONTURE ENFANT DE CLASSE A,THEMY;9.5;0.0;01/01/2020;06/07/2023
2243511;OPTIQUE, MONTURE ENFANT DE CLASSE A,THEMY;7.5;0.0;01/01/2020;06/07/2023
2241392;OPTIQUE, MONTURE ADULTE DE CLASSE B,OPTIC QUI BOUGE;5.13;0.0;01/02/2020;06/07/2023
2241009;OPTIQUE, MONTURE ADULTE DE CLASSE B,OPTIC QUI BOUGE;5.0;0.0;01/01/2020;06/07/2023
2238823;OPTIQUE, MONTURE ADULTE DE CLASSE A,GROUP PHARMA FR;5.25;0.0;01/01/2020;06/07/2023
2238444;OPTIQUE, MONTURE ADULTE DE CLASSE A,GROUP PHARMA FR;3.75;0.0;01/01/2020;06/07/2023
2236586;OPTIQUE, MONTURE ADULTE DE CLASSE B,OPTIC QUI BOUGE;1.02;0.0;01/01/2020;06/07/2023
2236362;OPTIQUE, MONTURE ENFANT DE CLASSE A,THEMY;9.75;0.0;01/01/2020;06/07/2023
2236066;OPTIQUE, MONTURE ENFANT DE CLASSE A,THEMY;1.3;0.0;01/01/2020;06/07/2023
2235977;OPTIQUE, MONTURE ADULTE DE CLASSE B,OPTIC QUI BOUGE;6.0;0.0;01/01/2020;06/07/2023
2234475;OPTIQUE, MONTURE ADULTE DE CLASSE B,DABRACH;6.5;0.0;01/01/2020;06/07/2023
2234334;OPTIQUE, MONTURE ADULTE DE CLASSE A,INTRATECH;1.7;0.0;01/01/2020;06/07/2023
2234050;OPTIQUE, MONTURE ADULTE DE CLASSE A,GROUP PHARMA FR;5.25;0.0;01/01/2020;06/07/2023
2232648;OPTIQUE, MONTURE ADULTE DE CLASSE B,DABRACH;5.13;0.0;01/02/2020;06/07/2023
2231258;OPTIQUE, MONTURE ADULTE DE CLASSE B,OPTIC QUI BOUGE;5.25;0.0;01/01/2020;06/07/2023
2231235;OPTIQUE, MONTURE ADULTE DE CLASSE A,GROUP PHARMA FR;5.75;0.0;01/01/2020;06/07/2023
2229362;OPTIQUE, MONTURE ADULTE DE CLASSE A,GROUP PHARMA FR;9.75;0.0;01/01/2020;06/07/2023
2228931;OPTIQUE, MONTURE ENFANT DE CLASSE A,THEMY;9.0;0.0;01/01/2020;06/07/2023
2228411;OPTIQUE, MONTURE ADULTE DE CLASSE A,INTRATECH;1.7;0.0;01/01/2020;06/07/2023
2225648;OPTIQUE, MONTURE ADULTE DE CLASSE B,DABRACH;6.5;0.0;01/01/2020;06/07/2023
2223626;OPTIQUE, MONTURE ADULTE DE CLASSE A,GROUP PHARMA FR;5.13;0.0;01/03/2020;06/07/2023
2223394;OPTIQUE, MONTURE ADULTE DE CLASSE A,GROUP PHARMA FR;9.0;0.0;01/01/2020;06/07/2023
2221917;OPTIQUE, MONTURE ENFANT DE CLASSE A,THEMY;1.05;0.0;01/01/2020;06/07/2023
2221604;OPTIQUE, MONTURE ADULTE DE CLASSE A,GROUP PHARMA FR;1.15;0.0;01/01/2020;06/07/2023
2220384;OPTIQUE, MONTURE ADULTE DE CLASSE B,BEHACH;1.02;0.0;01/01/2020;06/07/2023
2218950;OPTIQUE, MONTURE ENFANT DE CLASSE A,THEMY;1.05;0.0;01/01/2020;06/07/2023
2218559;OPTIQUE, MONTURE ADULTE DE CLASSE A,GROUP PHARMA FR;3.75;0.0;01/01/2020;06/07/2023
2217525;OPTIQUE, MONTURE ADULTE DE CLASSE A,GROUP PHARMA FR;3.75;0.0;01/01/2020;06/07/2023
2217376;OPTIQUE, MONTURE ENFANT DE CLASSE A,THEMY;1.45;0.0;01/01/2020;06/07/2023
2216885;OPTIQUE, MONTURE ENFANT DE CLASSE A,THEMY;1.45;0.0;01/01/2020;06/07/2023
2216359;OPTIQUE, MONTURE ENFANT DE CLASSE A,THEMY;9.5;0.0;01/01/2020;06/07/2023
2215957;OPTIQUE, MONTURE ENFANT DE CLASSE A,THEMY;7.5;0.0;01/01/2020;06/07/2023
2215905;OPTIQUE, MONTURE ENFANT DE CLASSE A,TECHNOP;9.0;0.0;01/01/2020;06/07/2023
2214840;OPTIQUE, MONTURE ADULTE DE CLASSE B,BEHACH;1.02;0.0;01/01/2020;06/07/2023
2210635;OPTIQUE, MONTURE ENFANT DE CLASSE A,THEMY;8.0;0.0;01/01/2020;06/07/2023
2210061;OPTIQUE, MONTURE ENFANT DE CLASSE A,THEMY;1.05;0.0;01/01/2020;06/07/2023
2209342;OPTIQUE, MONTURE ENFANT DE CLASSE A,THEMY;1.3;0.0;01/01/2020;06/07/2023
2209193;OPTIQUE, MONTURE ADULTE DE CLASSE A,INTRATECH;7.5;0.0;01/01/2020;06/07/2023
2203871;OPTIQUE, MONTURE ADULTE DE CLASSE B,OPTIC QUI BOUGE;1.18;0.0;01/01/2020;06/07/2023
2203316;OPTIQUE, MONTURE ADULTE DE CLASSE B,NOVA AVENTUR;5.13;0.0;01/02/2020;06/07/2023
2201814;OPTIQUE, MONTURE ADULTE DE CLASSE A,GROUP PHARMA FR;5.25;0.0;01/01/2020;06/07/2023
2299196;OPTIQUE, MONTURE ADULTE DE CLASSE A,INTRATECH;9.75;0.0;01/01/2020;06/07/2023
2295175;OPTIQUE, MONTURE ADULTE DE CLASSE A,INTRATECH;7.5;0.0;01/01/2020;06/07/2023
2293390;OPTIQUE, MONTURE ADULTE DE CLASSE B,OPTIC QUI BOUGE;4.5;0.0;01/01/2020;06/07/2023
2292544;OPTIQUE, MONTURE ADULTE DE CLASSE A,INTRATECH;9.0;0.0;01/01/2020;06/07/2023
2288293;OPTIQUE, MONTURE ADULTE DE CLASSE A,INTRATECH;6.0;0.0;01/01/2020;06/07/2023
2284071;OPTIQUE, MONTURE ADULTE DE CLASSE A,GROUP PHARMA FR;9.75;0.0;01/01/2020;06/07/2023
2268273;OPTIQUE, MONTURE ADULTE DE CLASSE A,GROUP PHARMA FR;4.75;0.0;01/01/2020;06/07/2023
2266080;OPTIQUE, MONTURE ADULTE DE CLASSE B,CARADEC PATRICE;5.13;0.0;01/02/2020;06/07/2023
2261087;OPTIQUE, MONTURE ENFANT DE CLASSE A,THEMY;6.0;0.0;01/01/2020;06/07/2023
2256910;OPTIQUE, MONTURE ADULTE DE CLASSE A,MINCHE;9.0;0.0;01/01/2020;06/07/2023
2255520;OPTIQUE, MONTURE ADULTE DE CLASSE A,GROUP PHARMA FR;1.3;0.0;01/01/2020;06/07/2023
2238409;OPTIQUE, MONTURE ADULTE DE CLASSE A,GROUP PHARMA FR;6.0;0.0;01/01/2020;06/07/2023
2234357;OPTIQUE, MONTURE ADULTE DE CLASSE B,OPTIC QUI BOUGE;4.5;0.0;01/01/2020;06/07/2023
2234245;OPTIQUE, MONTURE ADULTE DE CLASSE A,MINCHE;9.0;0.0;01/01/2020;06/07/2023
2229209;OPTIQUE, MONTURE ADULTE DE CLASSE A,MINCHE;9.0;0.0;01/01/2020;06/07/2023
2224270;OPTIQUE, MONTURE ADULTE DE CLASSE A,INTRATECH;8.0;0.0;01/01/2020;06/07/2023
2217229;OPTIQUE, MONTURE ADULTE DE CLASSE A,GROUP PHARMA FR;7.5;0.0;01/01/2020;06/07/2023
2204563;OPTIQUE, MONTURE ADULTE DE CLASSE A,INTRATECH;7.5;0.0;01/01/2020;06/07/2023
2201754;OPTIQUE, MONTURE ENFANT DE CLASSE A,THEMY;7.5;0.0;01/01/2020;06/07/2023
2272398;OPTIQUE, MONTURE ADULTE DE CLASSE A,MINCHE;7.5;0.0;01/01/2020;06/07/2023
2256560;OPTIQUE, MONTURE ADULTE DE CLASSE A,MINCHE;9.0;0.0;01/01/2020;06/07/2023
2253248;OPTIQUE, VERRE NEUTRE DE CLASSE A MAUI JIM;5.0;0.0;01/01/2020;06/07/2023
2247093;OPTIQUE, MONTURE ADULTE DE CLASSE A,MINCHE;1.15;0.0;01/01/2020;06/07/2023
2237829;OPTIQUE, VERRE NEUTRE DE CLASSE A MAUI JIM;1.15;0.0;01/01/2020;06/07/2023
2237775;OPTIQUE, VERRE NEUTRE DE CLASSE A MAUI JIM;7.5;0.0;01/01/2020;06/07/2023
2275847;OPTIQUE, VERRE NEUTRE DE CLASSE A MAUI JIM;1.15;0.0;01/01/2020;06/07/2023
2204066;OPTIQUE, MONTURE ADULTE DE CLASSE B,OPTIQUE RIVALIN;0.0;0.0;08/09/2003;06/07/2023
2264223;OPTIQUE, MONTURE ADULTE DE CLASSE B,OPTIQUE RIVALIN;5.13;0.0;01/01/2020;06/07/2023
2222408;OPTIQUE, MONTURE ADULTE DE CLASSE B,OPTIQUE RIVALIN;1.0;0.0;01/03/2020;13/12/2018
2267397;OPTIQUE, MONTURE ENFANT DE CLASSE A,MARIUS MOREL;7.62;0.0;08/09/2003;06/07/2023
2267641;OPTIQUE, MONTURE ADULTE DE CLASSE A,AUDIO VISION;9.0;0.0;01/01/2020;06/07/2023
2287862;OPTIQUE, VERRE NEUTRE DE CLASSE A,ALIZES OPTIQUE;6.0;0.0;01/01/2020;06/07/2023
2263927;OPTIQUE, VERRE NEUTRE DE CLASSE A FABRIQUE VERRE;5.13;0.0;01/03/2020;06/07/2023
2227920;OPTIQUE, MONTURE ADULTE DE CLASSE B,OCHI DISTRIB;5.13;0.0;01/02/2020;06/07/2023
2293957;OPTIQUE, MONTURE ADULTE DE CLASSE B,PM FROST;5.13;0.0;01/02/2020;06/07/2023
2312927;AUDIOPROTHESE, ENTRETIEN ET REPARATIONS, MICROPHONE,STARKEY FRANCE;1.5;0.0;01/01/2021;06/07/2023
2306832;AUDIOPROTHESE, ENTRETIEN ET REPARATIONS, MICROPHONE,STARKEY FRANCE;0.0;0.0;01/01/2021;06/07/2023
2357338;AUDIOPROTHESE, ENTRETIEN ET REPARATIONS, MICROPHONE,STARKEY FRANCE;0.0;0.0;01/01/2021;06/07/2023
2356907;AUDIOPROTHESE, ENTRETIEN ET REPARATIONS, MICROPHONE,WIDEX;1.5;0.0;01/01/2021;06/07/2023
2332976;AUDIOPROTHESE, ENTRETIEN ET REPARATIONS, MICROPHONE,WIDEX;1.5;0.0;01/01/2021;06/07/2023
2356882;AUDIOPROTHESE, ENTRETIEN ET REPARATIONS, MICROPHONE,WIDEX;1.5;0.0;01/01/2021;06/07/2023
2317149;CANULE TRACHEALE PARLANTE A CLAPET, EN CHLORURE DE POLYVINYLE,TELEFLEX MED;0.0;0.0;08/09/2003;06/07/2023
2325120;AUDIOPROTHESE, ENTRETIEN ET REPARATIONS, MICROPHONE,GN HEARING SAS;0.0;0.0;01/01/2021;06/07/2023
2351057;AUDIOPROTHESE, ENTRETIEN ET REPARATIONS, MICROPHONE,GN HEARING SAS;9.5;0.0;01/01/2021;06/07/2023
2337749;AUDIOPROTHESE, ENTRETIEN ET REPARATIONS, MICROPHONE,GN HEARING SAS;9.5;0.0;01/01/2021;06/07/2023
2365119;AUDIOPROTHESE, ENTRETIEN ET REPARATIONS, MICROPHONE,GN HEARING SAS;0.0;0.0;01/01/2021;06/07/2023
2307926;AUDIOPROTHESE, ENTRETIEN ET REPARATIONS, MICROPHONE,GN HEARING SAS;0.0;0.0;01/01/2021;06/07/2023
2392530;AUDIOPROTHESE, ENTRETIEN ET REPARATIONS, MICROPHONE,STARKEY FRANCE;0.0;0.0;01/01/2021;06/07/2023
2369117;AUDIOPROTHESE, ENTRETIEN ET REPARATIONS, MICROPHONE,GN HEARING SAS;0.0;0.0;01/01/2021;06/07/2023
2341840;AUDIOPROTHESE, ENTRETIEN ET REPARATIONS, MICROPHONE,GN HEARING SAS;0.0;0.0;01/01/2021;06/07/2023
2344100;AUDIOPROTHESE, ENTRETIEN ET REPARATIONS, MICROPHONE,STARKEY FRANCE;9.17;0.0;01/01/2021;06/07/2023
2343856;AUDIOPROTHESE, ENTRETIEN ET REPARATIONS, MICROPHONE,STARKEY FRANCE;0.0;0.0;01/01/2021;06/07/2023
2415946;CANULE TRACHEALE PARLANTE A CLAPET, EN ACRYLIQUE,COLLIN;0.0;0.0;08/09/2003;06/07/2023
2432880;PROTHESE VOCALE ELECTRONIQUE, A CONDUCTION TRANSCUTANEE, ACHAT,CEREDAS;0.0;0.0;08/09/2003;06/07/2023
2433565;CANULE TRACHEALE SIMPLE, EN ACRYLIQUE,GRANDET;0.0;0.0;08/09/2003;06/07/2023
2426683;CANULE TRACHEALE SIMPLE, EN CHLORURE DE POLYVINYLE,COLLIN;0.0;0.0;08/09/2003;06/07/2023
2404210;PROTHESE OCULAIRE PROVISOIRE SUR GABARIT,RUDY PROJECT;3.63;0.0;05/12/2007;06/07/2023
2426766;AERATEUR TRANSTYMPANIQUE, STERILE, NON REUTILIS, UTILIS PROLONGE,COLLIN;0.0;0.0;08/09/2003;06/07/2023
2454024;CANULE TRACHEALE PARLANTE A CLAPET, EN ARGENT,ATOS MED;0.0;0.0;08/09/2003;06/07/2023
2485390;AERATEUR TRANSTYMPANIQUE, STERILE, NON REUTILIS, UTILIS PROLONGE,POURET MEDICAL 00037;0.0;0.0;08/09/2003;06/07/2023
2494897;AERATEUR TRANSTYMPANIQUE, STERILE, NON REUTILIS, UTILIS BREVE,COLLIN;7.77;0.0;08/09/2003;06/07/2023
2499156;CANULE TRACHEALE PARLANTE A CLAPET, EN ARGENT,COLLIN;0.0;0.0;08/09/2003;06/07/2023
2434636;CANULE TRACHEALE SIMPLE, EN CHLORURE DE POLYVINYLE,MEDTRONIC;0.0;0.0;08/09/2003;06/07/2023
2495141;CANULE TRACHEALE SIMPLE, EN ACRYLIQUE,COLLIN;0.0;0.0;08/09/2003;06/07/2023
2520809;AI4Z001,OSSUR EUROPE;4.09;0.0;01/01/2020;06/07/2023
2741947;RI06XX006,OTTO BOCK;1.32;0.0;01/01/2020;06/07/2023
2704700;PI71,OTTO BOCK;2.08;0.0;01/01/2020;06/07/2023
2721749;AI3Z001,OSSUR EUROPE;5.46;0.0;01/01/2020;06/07/2023
2702798;AT43Z15,RUPIANI;4.4;0.0;01/01/2020;06/07/2023
2784419;TR39N51,PROTEOR;1.74;0.0;07/07/2023;03/07/2023
2789204;VI6X605,OKO SOLUTION;1.35;0.0;01/01/2020;06/07/2023
2795937;RI8902,GROUPE G2M;4.69;0.0;01/01/2020;06/07/2023
2709406;VI4ZR20,OTTO BOCK;2.87;0.0;01/01/2020;06/07/2023
2770340;AS9A21,GO ORTHO;1.96;0.0;01/01/2020;06/07/2023
2749564;AS9A22,GO ORTHO;1.96;0.0;01/01/2020;06/07/2023
2712584;AS9A25,GO ORTHO;2.56;0.0;01/01/2020;06/07/2023
2746301;RI08XJ401,OTTO BOCK;1.08;0.0;01/01/2020;06/07/2023
2775857;VI4ZP23,OTTO BOCK;3.34;0.0;01/01/2020;06/07/2023
2784490;AS9A61,GO ORTHO;1.83;0.0;01/01/2020;06/07/2023
2743573;AS9A62,GO ORTHO;2.11;0.0;01/01/2020;06/07/2023
2727440;AT43Z15,ORTHOTECH;4.4;0.0;01/01/2020;06/07/2023
2787961;AT43Z08,RECFRANCE;2.04;0.0;01/01/2020;06/07/2023
2700724;AMORTISSEUR CHOCS VERTICAUX ET DE TORSION EN ALLIAGE LEGER,ORTHO EUROPE;8.85;0.0;01/01/2020;06/07/2023
2757339;VI3X603,WILLOWWOOD;1.06;0.0;01/01/2020;06/07/2023
2770558;AS9S01,OTTO BOCK;2.95;0.0;01/01/2020;06/07/2023
2719161;AT43Z07,RECFRANCE;1.75;0.0;01/01/2020;06/07/2023
2755292;VI4ZR23,OSSUR EUROPE;3.81;0.0;01/01/2020;06/07/2023
2748406;CHEVILLE MULTIFLEXION,SM EUROPE;2.83;0.0;15/04/2017;06/07/2023
2749469;AT47Z11,RECFRANCE;2.76;0.0;01/01/2020;06/07/2023
2777260;RI06XX005,OTTO BOCK;5.96;0.0;01/01/2020;06/07/2023
2748027;VI4ZH23,GROUPE G2M;9.76;0.0;01/01/2020;06/07/2023
2767504;AT43Z21,GROUPE G2M;3.72;0.0;01/01/2020;06/07/2023
2797310;AI7A01,PONECO;5.41;0.0;01/01/2020;06/07/2023
2719340;VI4ZH25,PROTEOR;2.63;0.0;01/01/2020;06/07/2023
2727077;PIED RESTITUTION D ENERGIE, REMPLACEMENT REVETEMENT ESTHETIQUE,OSSUR EUROPE;2.11;0.0;01/01/2020;06/07/2023
2738508;VI6X603,OSSUR EUROPE;1.04;0.0;01/01/2020;06/07/2023
2772480;VI4ZH23,OKO SOLUTION;9.76;0.0;01/01/2020;06/07/2023
2700871;VI4ZG23,OKO SOLUTION;1.2;0.0;01/01/2020;06/07/2023
2760749;OI93N01,NEUT;5.95;0.0;07/07/2023;03/07/2023
2760643;VI6X605,SWISS MOTION;1.35;0.0;01/01/2020;06/07/2023
2761520;RI08ZJ401,PROTEOR;1.08;0.0;01/01/2020;06/07/2023
2739229;VI4ZG20,OKO SOLUTION;2.41;0.0;01/01/2020;06/07/2023
2731794;VI4ZN20,OKO SOLUTION;1.47;0.0;01/01/2020;06/07/2023
2714318;VI4ZR21,OSSUR EUROPE;3.12;0.0;01/01/2020;06/07/2023
2738081;VI4ZR20,PROTEOR;2.87;0.0;01/01/2020;06/07/2023
2758706;VI4ZR20,OTTO BOCK;5.13;0.0;01/03/2020;06/07/2023
2745112;VI4ZH25,OKO SOLUTION;2.63;0.0;01/01/2020;06/07/2023
2720230;AI7A11,GROUPE G2M;5.44;0.0;01/01/2020;06/07/2023
2713342;AT43Z04,PROTEOR;1.06;0.0;01/01/2020;06/07/2023
2751012;AT47Z04,PROTEOR;1.06;0.0;01/01/2020;06/07/2023
2767929;AI4Z001,PROTEOR;4.09;0.0;01/01/2020;06/07/2023
2759232;VI8Z420,PROTEOR;1.92;0.0;01/01/2020;06/07/2023
2720052;RI08ZJ301,PROTEOR;4.81;0.0;01/01/2020;06/07/2023
2712532;AI6X607,PROTEOR;2.02;0.0;01/01/2020;06/07/2023
2730429;AS6Z03,OSSUR EUROPE;9.57;0.0;01/01/2020;06/07/2023
2735131;PI22,OSSUR EUROPE;1.66;0.0;01/01/2020;06/07/2023
2757894;VI4ZE25,OKO SOLUTION;5.5;0.0;01/01/2020;06/07/2023
2718167;AI6Z001,OSSUR EUROPE;1.1;0.0;01/01/2020;06/07/2023
2790992;AI6Z601,OKO SOLUTION;2.13;0.0;01/01/2020;06/07/2023
2728645;VI4ZG25,OKO SOLUTION;1.76;0.0;01/01/2020;06/07/2023
2726215;VI4ZN23,OKO SOLUTION;2.08;0.0;01/01/2020;06/07/2023
2722559;VI6X604,OKO SOLUTION;1.29;0.0;01/01/2020;06/07/2023
2760005;TR27O12,NEUT;6.47;0.0;07/07/2023;23/12/2024
2724200;AT43Z15,G2M JANTON;4.4;0.0;01/01/2020;06/07/2023
2702321;VI4ZG21,OTTO BOCK;4.08;0.0;01/01/2020;06/07/2023
2706738;PROTHESE D'AVANT-BRAS ENFANT OU ADO MUE PAR ENERGIE ELECTRIQUE,OPEN BIONICS;1.17;0.0;01/01/2020;06/07/2023
2707005;VI4BE01,OKO SOLUTION;9.82;0.0;01/01/2020;06/07/2023
2708619;PI51,OTTO BOCK;9.45;0.0;01/01/2020;06/07/2023
2708677;PI72,DAW SA;1.75;0.0;01/01/2020;06/07/2023
2708766;AS4Z52,OTTO BOCK;4.27;0.0;01/01/2020;06/07/2023
2709381;AMORTISSEUR CHOCS VERTICAUX ET DE TORSION EN ALLIAGE LEGER,OTTO BOCK;8.85;0.0;15/04/2017;06/07/2023
2710125;RS831,OTTO BOCK;3.16;0.0;01/01/2020;06/07/2023
2711946;RI03XX012,OTTO BOCK;8.11;0.0;01/01/2020;06/07/2023
2712207;RS832,OTTO BOCK;2.48;0.0;01/01/2020;06/07/2023
2712957;VI4ZN24,OTTO BOCK;1.92;0.0;01/01/2020;06/07/2023
2714413;VI4ZG20,GROUPE G2M;2.41;0.0;01/01/2020;06/07/2023
2715128;AS4Z51,OTTO BOCK;3.23;0.0;01/01/2020;06/07/2023
2715312;RI04ZA001,OTTO BOCK;6.84;0.0;01/01/2020;06/07/2023
2716323;RS4R04,OTTO BOCK;3.34;0.0;01/01/2020;06/07/2023
2717788;RS6R07,OTTO BOCK;5.78;0.0;01/01/2020;06/07/2023
2719043;RS3C01,OTTO BOCK;5.17;0.0;01/01/2020;06/07/2023
2719126;VI1Z001,OTTO BOCK;1.06;0.0;01/01/2020;06/07/2023
2719959;VI4ZG20,OTTO BOCK;2.41;0.0;01/01/2020;06/07/2023
2720508;PIED RESTITUTION D ENERGIE, REMPLACEMENT REVETEMENT ESTHETIQUE,OTTO BOCK;2.11;0.0;01/01/2020;06/07/2023
2722275;VI4ZP20,OTTO BOCK;1.05;0.0;01/01/2020;06/07/2023
2721850;PI72,OTTO BOCK;1.75;0.0;01/01/2020;06/07/2023
2722393;RI03XX014,OSSUR EUROPE;2.91;0.0;01/01/2020;06/07/2023
2723576;AS9D89,OTTO BOCK;2.42;0.0;01/01/2020;06/07/2023
2724305;AS7A01,OTTO BOCK;8.31;0.0;01/01/2020;06/07/2023
2725316;AS9R02,OTTO BOCK;3.88;0.0;01/01/2020;06/07/2023
2726400;AS9R01,OTTO BOCK;9.27;0.0;01/01/2020;06/07/2023
2726698;AI6U604,OTTO BOCK;2.89;0.0;01/01/2020;06/07/2023
2727410;RI06ZX001,OTTO BOCK;1.02;0.0;01/01/2020;06/07/2023
2727953;VI4ZG24,OTTO BOCK;1.09;0.0;01/01/2020;06/07/2023
2731601;VI4ZH25,OTTO BOCK;2.63;0.0;01/01/2020;06/07/2023
2735697;RI06ZD001,OSSUR EUROPE;2.35;0.0;07/07/2023;23/12/2024
2736662;RI08ZJ701,OTTO BOCK;1.68;0.0;01/01/2020;06/07/2023
2737093;VI4ZR23,OTTO BOCK;3.81;0.0;01/01/2020;06/07/2023
2737124;VI4ZS25,OSSUR EUROPE;4.57;0.0;01/01/2020;06/07/2023
2738030;VI3X603,GO ORTHO;1.06;0.0;01/01/2020;06/07/2023
2738750;RI03ZX003,OTTO BOCK;1.1;0.0;01/01/2020;06/07/2023
2741210;AI4Z001,OTTO BOCK;4.09;0.0;01/01/2020;06/07/2023
2742800;OI59G20,GO ORTHO;6.35;0.0;01/01/2020;06/07/2023
2745483;VI6U606,OTTO BOCK;1.49;0.0;01/01/2020;06/07/2023
2746123;AS9A25,OTTO BOCK;2.56;0.0;01/01/2020;06/07/2023
2750018;AS9D02,OTTO BOCK;1.09;0.0;01/01/2020;06/07/2023
2753063;RI03XX015,OTTO BOCK;5.04;0.0;01/01/2020;06/07/2023
2753672;RI06XX004,SWISS MOTION;8.23;0.0;01/01/2020;06/07/2023
2755122;VI6U605,RECFRANCE;1.6;0.0;01/01/2020;06/07/2023
2756831;RI03XX015,OSSUR EUROPE;5.04;0.0;01/01/2020;06/07/2023
2757776;AS9D88,OTTO BOCK;2.24;0.0;01/01/2020;06/07/2023
2759953;VI3X603,OTTO BOCK;1.06;0.0;01/01/2020;06/07/2023
2765362;VI3X603,OSSUR EUROPE;1.06;0.0;01/01/2020;06/07/2023
2765563;AS7A21,OTTO BOCK;7.03;0.0;01/01/2020;06/07/2023
2765735;AS4A05,OTTO BOCK;4.21;0.0;01/01/2020;06/07/2023
2766640;RS4R06,OTTO BOCK;2.09;0.0;01/01/2020;06/07/2023
2766870;AS4A04,OTTO BOCK;3.72;0.0;01/01/2020;06/07/2023
2767102;AS9D90,OTTO BOCK;4.65;0.0;01/01/2020;06/07/2023
2768107;AS9Z01,OTTO BOCK;4.18;0.0;01/01/2020;06/07/2023
2770179;RI06XX004,OTTO BOCK;8.23;0.0;01/01/2020;06/07/2023
2770357;TR41,ETAB DESCOURS;9.75;0.0;01/01/2020;06/07/2023
2772008;VI4ZH20,OTTO BOCK;3.55;0.0;01/01/2020;06/07/2023
2773427;PI22,DAW SA;1.66;0.0;01/01/2020;06/07/2023
2773640;RI01ZX001,OTTO BOCK;3.47;0.0;01/01/2020;06/07/2023
2775194;AS9A31,OTTO BOCK;2.44;0.0;01/01/2020;06/07/2023
2778666;AS3S03,OTTO BOCK;3.73;0.0;01/01/2020;06/07/2023
2779341;RS3R02,OTTO BOCK;1.12;0.0;01/01/2020;06/07/2023
2779743;AS9A85,OTTO BOCK;1.25;0.0;01/01/2020;06/07/2023
2781190;AS9D01,OTTO BOCK;9.95;0.0;01/01/2020;06/07/2023
2780806;AS9Z95,OTTO BOCK;1.33;0.0;01/01/2020;06/07/2023
2782509;AS6R50,OTTO BOCK;2.68;0.0;01/01/2020;06/07/2023
2782515;AS4A15,OTTO BOCK;3.06;0.0;01/01/2020;06/07/2023
2784916;VI6U605,OTTO BOCK;1.6;0.0;01/01/2020;06/07/2023
2787949;RI06XX006,RECFRANCE;1.32;0.0;01/01/2020;06/07/2023
2788340;VI6X604,OTTO BOCK;1.29;0.0;01/01/2020;06/07/2023
2789836;RS8R01,OTTO BOCK;1.26;0.0;01/01/2020;06/07/2023
2792293;PI22,OTTO BOCK;1.66;0.0;01/01/2020;06/07/2023
2793737;PI72,OSSUR EUROPE;1.75;0.0;01/01/2020;06/07/2023
2795096;AS1A02,OTTO BOCK;1.9;0.0;01/01/2020;06/07/2023
2795179;RS6R05,OTTO BOCK;1.26;0.0;01/01/2020;06/07/2023
2797675;RI06ZX002,OTTO BOCK;6.09;0.0;01/01/2020;06/07/2023
2798315;VI3U601,OTTO BOCK;1.61;0.0;01/01/2020;06/07/2023
2798404;AS7A10,OTTO BOCK;1.41;0.0;01/01/2020;06/07/2023
2798775;AI7A10,OTTO BOCK;5.97;0.0;01/01/2020;06/07/2023
2702019;AI7A01,PROTEOR;5.41;0.0;01/01/2020;06/07/2023
2702108;AI4A15,PROTEOR;8.68;0.0;01/01/2020;06/07/2023
2704159;AI4A10,PROTEOR;5.91;0.0;01/01/2020;06/07/2023
2706939;AI1A14,PROTEOR;3.82;0.0;01/01/2020;06/07/2023
2711366;AI4A91,OTTO BOCK;7.01;0.0;01/01/2020;06/07/2023
2715364;AT47Z08,RECFRANCE;4.96;0.0;07/07/2023;23/12/2024
2716091;AI4A90,PROTEOR;1.17;0.0;01/01/2020;06/07/2023
2720454;AI1A14,OTTO BOCK;3.82;0.0;01/01/2020;06/07/2023
2720520;AI1A92,PROTEOR;1.17;0.0;01/01/2020;06/07/2023
2726244;AI4A11,OTTO BOCK;6.91;0.0;01/01/2020;06/07/2023
2726570;AI1A11,OTTO BOCK;9.05;0.0;01/01/2020;06/07/2023
2737822;RI8902,OTTO BOCK;4.69;0.0;01/01/2020;06/07/2023
2733617;AT43Z11,GROUPE G2M;2.76;0.0;01/01/2020;06/07/2023
2737940;AI7A31,OTTO BOCK;2.47;0.0;01/01/2020;06/07/2023
2756593;RI10XAC01,OTTO BOCK;1.52;0.0;01/01/2020;06/07/2023
2742036;RI10XA005,OTTO BOCK;6.56;0.0;01/01/2020;06/07/2023
2750797;AI4T11,OTTO BOCK;2.54;0.0;01/01/2020;06/07/2023
2751288;RI10XA001,OTTO BOCK;1.37;0.0;01/01/2020;06/07/2023
2752052;AI7A50,OTTO BOCK;1.9;0.0;01/01/2020;06/07/2023
2753904;RI1001,OTTO BOCK;8.32;0.0;01/01/2020;06/07/2023
2765356;RI10XT001,OTTO BOCK;1.55;0.0;01/01/2020;06/07/2023
2767616;RI10AA002,OTTO BOCK;1.29;0.0;01/01/2020;06/07/2023
2772439;TR29G27,OTTO BOCK;1.43;0.0;01/01/2020;06/07/2023
2775290;RI10XA006,OTTO BOCK;6.8;0.0;01/01/2020;06/07/2023
2776609;TR49K54,OTTO BOCK;9.31;0.0;01/01/2020;06/07/2023
2778614;TR49N70,PROTEOR;1.67;0.0;01/01/2020;06/07/2023
2780373;AI7A31,PROTEOR;2.47;0.0;01/01/2020;06/07/2023
2781088;AI4A90,OTTO BOCK;1.17;0.0;01/01/2020;06/07/2023
2781326;AI1A40,PROTEOR;2.87;0.0;01/01/2020;06/07/2023
2782640;RI10AA001,OTTO BOCK;1.44;0.0;01/01/2020;06/07/2023
2791365;AI1D93,OTTO BOCK;4.32;0.0;01/01/2020;06/07/2023
2795104;RI10XA008,OTTO BOCK;5.42;0.0;01/01/2020;06/07/2023
2795200;AI1A13,OTTO BOCK;2.34;0.0;01/01/2020;06/07/2023
2796517;AI4A10,OTTO BOCK;5.91;0.0;01/01/2020;06/07/2023
2796799;AI1A31,PROTEOR;1.21;0.0;01/01/2020;06/07/2023
2799421;AI1S120,OTTO BOCK;1.67;0.0;01/01/2020;06/07/2023
2759077;AT47Z08,GROUPE G2M;4.96;0.0;07/07/2023;23/12/2024
2773806;AI2S220,OTTO BOCK;1.05;0.0;01/01/2020;06/07/2023
2779387;PI03ZSD23,OTTO BOCK;1.85;0.0;07/07/2023;23/12/2024
2744756;PI04ZSD23,OTTO BOCK;1.79;0.0;07/07/2023;03/07/2023
2788624;PI06ZSC33,OTTO BOCK;1.68;0.0;01/01/2020;06/07/2023
2734031;PI06ZSA63,OTTO BOCK;1.24;0.0;07/07/2023;23/12/2024
2767326;AI3Z001,OTTO BOCK;5.46;0.0;07/07/2023;03/07/2023
2746502;RI08XJ401,PROTEOR;1.08;0.0;01/01/2020;06/07/2023
2703088;AT43Z15,RECFRANCE;4.4;0.0;01/01/2020;06/07/2023
2740793;AT43Z20,RECFRANCE;2.69;0.0;01/01/2020;06/07/2023
2771279;AI6X607,GROUPE G2M;2.02;0.0;01/01/2020;06/07/2023
2707123;VI3X603,GROUPE G2M;1.06;0.0;01/01/2020;06/07/2023
2746844;VI4AF01,GROUPE G2M;2.1;0.0;01/01/2020;06/07/2023
2761051;VI6X603,GROUPE G2M;1.04;0.0;01/01/2020;06/07/2023
2714608;VI4ZN26,OKO SOLUTION;2.66;0.0;01/01/2020;06/07/2023
2794866;PS61,DAW SA;1.17;0.0;01/01/2020;06/07/2023
2775863;AT43Z11,RECFRANCE;2.76;0.0;01/01/2020;06/07/2023
2793499;AT47Z06,RECFRANCE;8.13;0.0;01/01/2020;06/07/2023
2751029;AT43Z03,RECFRANCE;3.35;0.0;01/01/2020;06/07/2023
2791218;AT47Z03,RECFRANCE;3.35;0.0;01/01/2020;06/07/2023
2793335;AT43Z02,RECFRANCE;1.49;0.0;01/01/2020;06/07/2023
2772468;AT47Z02,RECFRANCE;1.49;0.0;01/01/2020;06/07/2023
2721933;AT43Z05,RECFRANCE;2.01;0.0;01/01/2020;06/07/2023
2704047;AT47Z05,RECFRANCE;2.01;0.0;01/01/2020;06/07/2023
2745320;AT43Z09,RECFRANCE;1.52;0.0;01/01/2020;06/07/2023
2790986;AT47Z09,RECFRANCE;3.05;0.0;01/01/2020;06/07/2023
2796813;AT43Z10,RECFRANCE;1.64;0.0;01/01/2020;06/07/2023
2740847;AT43Z12,RECFRANCE;1.55;0.0;01/01/2020;06/07/2023
2758758;AT47Z10,RECFRANCE;2.42;0.0;01/01/2020;06/07/2023
2790680;AT43Z13,RECFRANCE;4.53;0.0;01/01/2020;06/07/2023
2760778;AT43Z21,RECFRANCE;3.72;0.0;01/01/2020;06/07/2023
2707548;AMORTISSEUR CHOCS VERTICAUX ET DE TORSION EN ALLIAGE LEGER,OSSUR EUROPE;8.85;0.0;01/01/2020;06/07/2023
2733563;VI4ZG24,OKO SOLUTION;1.09;0.0;01/01/2020;06/07/2023
2703355;VI4ZH20,OKO SOLUTION;3.55;0.0;01/01/2020;06/07/2023
2753880;OS58G01,GO ORTHO;3.0;0.0;01/01/2020;06/07/2023
2758149;OS59G01,GO ORTHO;3.86;0.0;01/01/2020;06/07/2023
2772020;PI21,DAW SA;1.81;0.0;01/01/2020;06/07/2023
2729389;PI51,DAW SA;9.45;0.0;01/01/2020;06/07/2023
2744851;PS32,DAW SA;1.2;0.0;01/01/2020;06/07/2023
2778270;PS42,DAW SA;5.0;0.0;01/01/2020;06/07/2023
2758592;PS62,DAW SA;1.14;0.0;01/01/2020;06/07/2023
2700782;PS72,DAW SA;9.45;0.0;01/01/2020;06/07/2023
2705176;TR41,DAW SA;9.75;0.0;01/01/2020;06/07/2023
2757109;VI3X603,SWISS MOTION;1.06;0.0;01/01/2020;06/07/2023
2796606;CHARGEUR POUR UN ENFANT OU POUR UN ADOLESCENT,OPEN BIONICS;3.16;0.0;01/01/2020;06/07/2023
2729975;BATTERIES POUR UN ENFANT OU POUR UN ADOLESCENT,OPEN BIONICS;2.48;0.0;01/01/2020;06/07/2023
2722306;PRONOSUPINATION PASSIVE,OPEN BIONICS;2.03;0.0;01/01/2020;06/07/2023
2715832;GANTS EN CHLORURE DE POLYVINYLE ENFANT OU ADO,OPEN BIONICS;2.26;0.0;01/01/2020;06/07/2023
2735415;RENOUVELLEMENT D'UNE DOUBLE EMBOITURE,OPEN BIONICS;2.17;0.0;01/01/2020;06/07/2023
2762850;S57P01,OPEN BIONICS;4.42;0.0;07/07/2023;23/12/2024
2731140;AI6X607,OKO SOLUTION;2.02;0.0;07/07/2023;03/07/2023
2781823;VI4ZN24,OSSUR EUROPE;1.92;0.0;01/01/2020;06/07/2023
2710272;VI4ZR22,OSSUR EUROPE;5.43;0.0;01/01/2020;06/07/2023
2760867;RS607,OSSUR EUROPE;4.75;0.0;07/07/2023;24/12/2024
2724736;VI8Z720,OKO SOLUTION;1.13;0.0;01/01/2020;06/07/2023
2720744;RI03XX015,GO ORTHO;5.04;0.0;01/01/2020;06/07/2023
2724742;RI03XX015,SWISS MOTION;5.04;0.0;01/01/2020;06/07/2023
2741255;AI7A11,PROTEOR;5.44;0.0;01/01/2020;06/07/2023
2736001;AI4A12,PROTEOR;1.56;0.0;01/01/2020;06/07/2023
2750277;AI4A91,PROTEOR;7.01;0.0;01/01/2020;06/07/2023
2785382;OI59N65,PROTEOR;5.87;0.0;01/01/2020;06/07/2023
2710036;TR49N51,PROTEOR;9.51;0.0;01/01/2020;06/07/2023
2715223;OI59F01,PROTEOR;6.38;0.0;01/01/2020;06/07/2023
2719439;TR49N80,PROTEOR;2.5;0.0;01/01/2020;06/07/2023
2737130;OI58C30,PROTEOR;7.64;0.0;01/01/2020;06/07/2023
2740037;TR49K54,PROTEOR;9.31;0.0;01/01/2020;06/07/2023
2767020;TR39N50,PROTEOR;1.02;0.0;01/01/2020;06/07/2023
2737070;TR49N72,PROTEOR;1.74;0.0;01/01/2020;06/07/2023
2724972;TR49N50,PROTEOR;8.09;0.0;01/01/2020;06/07/2023
2760985;VI8Z410,GROUPE G2M;1.26;0.0;01/01/2020;06/07/2023
2797623;RI08ZJ401,GROUPE G2M;1.08;0.0;01/01/2020;06/07/2023
2278219;OPTIQUE, MONTURE ADULTE DE CLASSE A,PASCAL MATHIEU;9.0;0.0;01/01/2020;06/07/2023
3144538;HANCHE, TIGE ANATOMIQUE, COL INCLUS, NON CIMENTEE,SIGNAT ORTHOP;8.82;0.0;01/09/2025;23/07/2025
3174960;ACCESSOIRE, VIS DE FIXATION POUR IMPLANT ARTICULAIRE,SIGNAT ORTHOP;3.06;0.0;01/09/2025;23/07/2025
3143438;DOIGT, IMPLANT PHALANGIEN, NON METALLIQUE,IN2BONES;4.46;0.0;01/05/2019;06/07/2023
3178477;IMPLANT CMF, PLAQUE, CONSTRUCTION TOTALE DE LA MANDIBULE,AVINENT IMPLANT;5.43;0.0;07/07/2023;31/08/2025
3117866;RACHIS, RECONSTR CORP CERVICAL - VERROUILLAGE - SUBSTITUT OSSEUX,MEDTRONIC;8.32;0.0;01/07/2021;06/07/2023
3129823;RACHIS, CAGE CERVICALE - VERROUILLAGE - SUBSTITUT OSSEUX,LAPE MEDICAL;4.46;0.0;01/07/2021;06/07/2023
3130016;ACC. POUR IMPLANT ARTICULAIRE, OBTURATEUR A CIMENT CENTRO-MEDULL,HISTONE;6.5;0.0;15/05/2022;06/07/2023
3131694;RACHIS, IMPLANT D UNION LONGITUDINALE, PLAQUE,NUVASIVE;1.66;0.0;07/07/2023;03/07/2023
3171535;HANCHE, CUPULE BIPOLAIRE MOBILE OU CUPULE FEMORALE UNIPOLAIRE,X.NOV;2.8;0.0;01/09/2025;23/07/2025
3163671;DOIGT, IMPLANT PHALANGIEN, METALLIQUE OU MIXTE,INTEGRA;3.48;0.0;01/05/2019;06/07/2023
3196133;GENOU, IMPLANT FEMORAL, UNICONDYLIEN OU UNICOMPARTIMENT, CIMENTE,MEDACTA;5.39;0.0;07/07/2023;31/08/2025
3138160;HANCHE, CUPULE BIPOLAIRE MOBILE OU CUPULE FEMORALE UNIPOLAIRE,EXACTECH;2.8;0.0;01/09/2025;23/07/2025
3124240;GENOU, PROTHESE TOTALE SPECIALE REALISEE A L UNITE,MS LINEA;4.2;0.0;07/07/2023;03/07/2023
3115028;IMPLANT OSSEUX, ANATOMIQUE, CHIRURGIE ORTHOPEDIQUE,ULRICH MED;1.16;0.0;07/07/2023;01/02/2025
3175830;OSTEOSYNTHESE, SYST ANCRAGE TENDINEUX OU LIGAMENT, RESORB,INION OY;1.73;0.0;01/09/2025;23/07/2025
3191756;GENOU, IMPL TIBIAL BICOMPART, EMBASE METALLIQUE, NON CIMENTEE,SOC ETU REC FAB;9.03;0.0;05/03/2025;18/02/2025
3142090;HANCHE, COTYLE STD, 1 MOB, MODULR, METAL-BACK, INSERT-, CIMENTE-,SMITH ET NEPHEW;5.4;0.0;07/07/2023;31/08/2025
3108910;IMPLANT CMF,PLAQUE CONSTRUCTION PARTIELLE MANDIBULE,NON DROITE,GEBRUDER MARTIN;2.98;0.0;01/09/2025;23/07/2025
3197753;OSTEOSYNTHESE, SYST ANCRAGE TENDINEUX OU LIGAMENT, NON RESORB,ELLAMAR LTD;3.45;0.0;01/09/2025;23/07/2025
3190857;IMPLANT OPHTALMOLOGIQUE LACRYMAL, BOUCHON OU CLOU-TROU MEATIQUE,BVI FRANCE;6.55;0.0;07/07/2023;03/07/2023
3128976;RACHIS, IMPLANT D'ANCRAGE, VIS SPECIFIQUE SIMPLE,NUVASIVE;2.79;0.0;01/05/2019;06/07/2023
3198764;LIGAMENT ARTICULAIRE ARTIFICIEL, SYSTEME FIXATION OU SERTISSAGE,NEOMEDTECH;6.0;0.0;01/09/2025;23/07/2025
3188441;RACHIS, IMPLANT D'APPUI SACRE,NEURO FRANCE;4.87;0.0;01/05/2019;06/07/2023
3123016;COUDE, IMPLANT ARTICULAIRE CUBITAL OU RADIAL, SUR MESURE,ZIMMER BIOMET;2.07;0.0;01/07/2018;06/07/2023
3133032;RACHIS, IMPLANT DUNION TRANSVERSALE,LDR MEDICAL;3.45;0.0;01/09/2025;23/07/2025
3185394;IMPLANT PLASTIE ENDOCANALAIRE, DIGESTIVE, METALLIQUE NU.,DIMED CARE;8.56;0.0;02/01/2024;01/01/2025
3171400;IMPLANT CMF, PLAQUE A LOSANGES A REGLAGE SUR SITE,DELPHOS IMPLANT;2.9;0.0;07/07/2023;31/08/2025
3161548;IMPLANT CMF, PLAQUE NASALE PREFORMEE, POUR GENIOPLASTIE,DELPHOS IMPLANT;1.12;0.0;01/09/2025;23/07/2025
3133026;HANCHE, TIGE STANDARD, COL INCLUS, DROITE, MODULAIR NON CIMENTEE,NORTHOMED;9.0;0.0;07/07/2023;03/07/2023
3148306;IMPLANT CMF,PLAQUE CONSTRUCTION PARTIELLE MANDIBULE,NON DROITE,DELPHOS IMPLANT;2.98;0.0;07/07/2023;31/08/2025
3172517;RACHIS, CAGE CERVICALE - VERROUILLAGE - SUBSTITUT OSSEUX,SYNTROPIQ;4.46;0.0;07/07/2023;03/07/2023
3199522;IMPLANT CMF,PLAQUE CONSTRUCTION PARTIELLE MANDIBULE,NON DROITE,MEDICON;2.98;0.0;01/09/2025;23/07/2025
3115169;IMPLANT CMF, PLAQUE, CONSTRUCTION TOTALE DE LA MANDIBULE,MEDICON;5.02;0.0;01/09/2025;23/07/2025
3132601;IMPLANT CMF, VIS MICRO, MINI OU MAXI,AUTOFOREUSE OU A AILETTES,MEDICON;4.67;0.0;01/09/2025;23/07/2025
3185767;IMPLANT CRANIO-MAXILLO-FACIAL, PLAQUE MICRO, DROITE,DELPHOS IMPLANT;6.39;0.0;01/09/2025;23/07/2025
3195932;IMPLANT CRANIO-MAXILLO-FACIAL, PLAQUE MICRO, NON DROITE,DISP OMEGA MED;7.15;0.0;01/09/2025;23/07/2025
3125452;IMPLANT CRANIO-MAXILLO-FACIAL, PLAQUE MICRO, NON DROITE,AVINENT IMPLANT;9.02;0.0;07/07/2023;03/07/2023
3183389;IMPLANT CRANIO-MAXILLO-FACIAL, VIS FILETEE MAXI,DELPHOS IMPLANT;2.99;0.0;01/09/2025;23/07/2025
3179790;RACHIS, CAGE INTERSOMATIQUE OU EQUIVALENT,NUVASIVE;4.48;0.0;01/05/2019;01/01/2022
3159072;EPAULE, GLENE SPECIALE,BIOTECHNI;7.26;0.0;01/05/2019;06/07/2023
3164140;OSTEOSYNTHESE, SYST ANCRAGE TENDINEUX OU LIGAMENT, NON RESORB,KYD ORTHOPEDIE;1.13;0.0;07/07/2023;31/08/2025
3162223;RACHIS, IMPLANT DANCRAGE, VIS PEDICULAIRE.,RICHARD WOLF;1.66;0.0;07/07/2023;03/07/2023
3131955;IMPLANT ORL, TRACHEE, PHONAT., FISTULE TRACHEO-OESOPH, AMOVIBLE,COLLIN;9.15;0.0;21/05/2005;06/07/2023
3127511;RACHIS, IMPLANT D'APPUI SACRE,NEURO FRANCE;1.68;0.0;01/05/2019;06/07/2023
3177851;RACHIS, CAGE CERVICALE - VERROUILLAGE - SUBSTITUT OSSEUX,LAPE MEDICAL;6.38;0.0;01/07/2021;06/07/2023
3120242;GENOU, PROTHESE TOTALE SPECIALE REALISEE A L UNITE,MS LINEA;1.62;0.0;07/07/2023;31/08/2025
3164699;RACHIS, CAGE CERVICALE - VERROUILLAGE - SUBSTITUT OSSEUX,ZIMMER BIOMET;6.12;0.0;01/07/2021;06/07/2023
3165919;RACHIS, IMPLANT D ANCRAGE, VIS SPECIFIQUE SIMPLE,S.M.A.I.O;2.79;0.0;01/05/2019;06/07/2023
3185336;HANCHE, COTYLE STD, 1 MOB, MODULR, METAL-BACK, INSERT-, CIMENTE-,FALCON MEDICAL;5.32;0.0;01/09/2025;23/07/2025
3108376;COUDE, EXTREMITE INFERIEURE, HUMERUS METALLIQUE.,ORTHO OUEST;1.08;0.0;01/05/2019;06/07/2023
3115399;EPAULE, TIGE HUMERALE STANDARD, MODULAIRE,LINK WALDEMAR;9.93;0.0;01/09/2025;23/07/2025
3105811;EPAULE, TETE OU CALOTTE SEULE EN POLYETHYLENE,EVOLUTIS;1.52;0.0;01/09/2025;23/07/2025
3187157;GENOU, IMPLANT FEMORAL DE REPRISE BICONDYLIEN, CIMENTE,ADLER ORTHO;1.33;0.0;01/05/2019;06/07/2023
3142930;ACC. POUR IMPLANT ARTICULAIRE, OBTURATEUR A CIMENT CENTRO-MEDULL,SOC ETU REC FAB;4.72;0.0;01/05/2019;01/03/2022
3130476;RACHIS, CAGE INTERSOMATIQUE OU EQUIVALENT,ARCA-MEDICA;4.48;0.0;01/05/2019;01/01/2022
3100624;POIGNET, IMPLANT TRAPEZO-METACARPIEN, NON METALLIQUE,TORNIER;1.16;0.0;01/07/2022;06/07/2023
3128350;POIGNET, IMPLANT CARPIEN DU SCAPHOIDE, CERAMIQUE,TORNIER;1.55;0.0;01/05/2019;06/07/2023
3140049;ENDOPROTHESE NUE AUTO-EXPANSIBLE,MEDCARE;6.5;0.0;07/07/2023;31/03/2025
3122583;OSTEOSYNTHESE, SYST ANCRAGE TENDINEUX OU LIGAMENT, RESORB,BIONSI;1.76;0.0;07/07/2023;31/08/2025
3133240;IMPLANT TENDINEUX, CONFORMATEUR PASSIF,LESIONS MAIN,TEMPORAIRE,TORNIER;3.33;0.0;01/05/2019;06/07/2023
3192030;RACHIS, RECONSTR CORP CERVICAL - VERROUILLAGE - SUBSTITUT OSSEUX,MEDTRONIC;8.32;0.0;01/07/2021;06/07/2023
3112389;RACHIS, CAGE CERVICALE - VERROUILLAGE - SUBSTITUT OSSEUX,MEDICREA;9.74;0.0;01/07/2021;06/07/2023
3188560;COUDE, IMPLANT ARTICULAIRE CUBITAL OU RADIAL, SUR MESURE,IMPLANTCAST;2.07;0.0;01/07/2018;14/06/2018
3102422;HANCHE, TETE OU TETE A JUPE, METALLIQUE,I.S.O;1.77;0.0;07/07/2023;31/08/2025
3109803;RACHIS, IMPLANT D'ANCRAGE, VIS PEDICULAIRE.,NEO MEDICAL;1.66;0.0;01/05/2019;06/07/2023
3114715;EPAULE, TETE OU CALOTTE SEULE EN POLYETHYLENE,LINK WALDEMAR;1.52;0.0;01/09/2025;23/07/2025
3115465;EPAULE, IMPLANT GLENOIDIEN, MONOBLOC OU SURFACE GLENOIDIENNE,INTEGRA;2.62;0.0;07/07/2023;31/08/2025
3125529;POIGNET, IMPLANT TRAPEZO-METACARPIEN, METALLIQUE OU MIXTE,ARGOMEDICAL;2.96;0.0;01/05/2019;06/07/2023
3128226;HANCHE, TIGE DE RECONSTRUCTION, COL INCLUS, DROITE, NON CIMENTEE,FH ORTHOPEDICS;1.1;0.0;01/05/2019;06/07/2023
3131760;DOIGT, SURFA ARTIC. OU BOUTON METACARP, METATARS OU PHALANGIEN,INTEGRA;4.36;0.0;01/05/2019;06/07/2023
3180215;EPAULE, IMPLANT GLENOIDIEN, MONOBLOC OU SURFACE GLENOIDIENNE,LINK WALDEMAR;2.52;0.0;01/09/2025;23/07/2025
3177800;HANCHE, INSERT EN POLYETHYLENE MASSIF, SIMPLE MOBILITE.,C2F IMPLANTS;8.31;0.0;07/07/2023;31/08/2025
3120578;LIGAMENT ARTICULAIRE ARTIFICIEL RACHIS, REMPLACEMENT OU RENFORT,COMPANION SPINE;2.32;0.0;01/05/2019;06/07/2023
3157914;MICROSPIRES, DETACH. CONTROLE, FORME SIMPLE.,PHENOX GMBH;8.04;0.0;01/07/2021;06/07/2023
3187045;ACCESSOIRE, VIS DE FIXATION POUR IMPLANT ARTICULAIRE,LINK WALDEMAR;3.06;0.0;01/09/2025;23/07/2025
3171140;EPAULE, TIGE HUMERALE REPRISE OU RECONSTRUCT, MONOBLOC OU MODULR,3SORTHO;1.18;0.0;07/04/2022;06/07/2023
3194192;IMPLANT CMF, PLAQUE, CONSTRUCTION TOTALE DE LA MANDIBULE,TITAMED;1.16;0.0;01/07/2022;06/07/2023
3181870;GENOU, IMPLANT FEMORAL DE REPRISE, NON CIMENTE,SOC ETU REC FAB;1.54;0.0;07/07/2023;03/07/2023
3114922;OSTEOSYNTHESE, SYST ANCRAGE TENDINEUX OU LIGAMENT, NON RESORB,AMD MEDICAL;1.13;0.0;07/07/2023;31/08/2025
3100469;EPAULE, IMPLANT GLENOIDIEN, EMBASE METALLIQUE OU METAL BACK,OTHESIO;4.53;0.0;07/07/2023;31/08/2025
3181203;ACC. POUR IMPLANT ARTICULAIRE, OBTURATEUR A CIMENT CENTRO-MEDULL,HISTONE;6.5;0.0;07/07/2023;01/09/2024
3139885;HANCHE, CUPULE BIPOLAIRE MOBILE OU CUPULE FEMORALE UNIPOLAIRE,CORIN FRANCE;2.87;0.0;07/07/2023;31/08/2025
3100334;IMPLANT PLASTIE ENDOCAN., DIG, METAL PARTIELLEMENT COUVERT.,DIMED CARE;8.39;0.0;02/01/2025;02/12/2024
3148631;RACHIS, IMPLANT DUNION LONGITUDINALE, PLAQUE,ULRICH MED;1.66;0.0;01/05/2019;06/07/2023
3149211;MICROSPIRES, DETACH. CONTROLE, FORME COMPLEXE.,BALT EXTRUSION;6.45;0.0;01/01/2022;06/07/2023
3105455;RACHIS, IMPLANT D ANCRAGE, VIS SPECIFIQUE SIMPLE,S.M.K.;2.79;0.0;07/07/2023;03/07/2023
3146780;HANCHE, INSERT EN CERAMIQUE, SIMPLE MOBILITE.,EXACTECH;9.92;0.0;01/02/2025;31/01/2026
3152319;EPAULE, IMPLANT GLENOIDIEN, MONOBLOC OU SURFACE GLENOIDIENNE,STRYKER;2.52;0.0;01/09/2025;23/07/2025
3194045;MICROSPIRES, PLATINE OU ALLIAGE OU ACIER INOX, DETACH MECANIQUE,TERUMO;3.14;0.0;01/01/2022;06/07/2023
3163168;MICROSPIRES, POUSSEES PLATINE OU ACIER INOX OU ALLIAGE, IRM,BALT EXTRUSION;8.56;0.0;01/01/2022;06/07/2023
3107371;HANCHE, COTYLE STD, 1 MOB, MODULR, METAL-BACK, INSERT-, CIMENTE-,EXACTECH;5.4;0.0;07/07/2023;31/08/2025
3130200;ENDOPROTHESE NUE EXPANSIBLE PAR BALLONNET,FSCARE;6.5;0.0;07/07/2023;31/03/2025
3199321;HANCHE, TIGE STANDARD, COL INCLUS, DROITE, MODULAIR NON CIMENTEE,NORTHOMED;7.13;0.0;01/09/2025;23/07/2025
3193519;IMPLANT OSSEUX, ANATOMIQUE, CHIRURGIE NON ORTHOPEDIQUE,S.B.M;4.46;0.0;01/07/2021;06/07/2023
3150728;HANCHE, TIGE DE RECONSTRUCTION, COL INCLUS, DROITE, NON CIMENTEE,EXACTECH;1.16;0.0;01/07/2022;06/07/2023
3192891;IMPLANT PLASTIE ENDOCANALAIRE, DIGESTIVE, METALLIQUE COUVERT.,OLYMPUS FR;8.78;0.0;21/12/2017;06/07/2023
3146572;IMPLANT PLASTIE ENDOCANALAIRE, DIGESTIVE, METALLIQUE NU.,DIMED CARE;8.78;0.0;21/12/2017;06/07/2023
3151403;IMPLANT PLASTIE ENDOCAN., DIG, METAL PARTIELLEMENT COUVERT.,DIMED CARE;8.78;0.0;21/12/2017;06/07/2023
3120957;IMPLANT PLASTIE ENDOCAN., TRACHEAL OU BRONCHIQUE, METAL NU.,ALBYN;8.78;0.0;21/12/2017;06/07/2023
3101428;IMPLANT PLASTIE ENDOCAN., TRACH OU BRONCH,METAL PARTIEL COUVERT,ALBYN;8.78;0.0;21/12/2017;06/07/2023
3114253;IMPLANT PLASTIE ENDOCANALAIRE, URINAIRES, METALLIQUE COUVERT.,KEBOMED;8.78;0.0;21/12/2017;06/07/2023
3100920;GENOU, EMBASE TIBIALE UNICOMPARTIMENTALE, METALLIQUE, CIMENTEE,GRP BIOIMPIANTI;4.25;0.0;01/09/2025;23/07/2025
3106087;HANCHE, TETE OU TETE A JUPE, CERAMIQUE,I.S.O;3.13;0.0;01/05/2019;06/07/2023
3136378;HANCHE, TETE OU TETE A JUPE, CERAMIQUE,I.S.O;9.74;0.0;01/07/2021;06/07/2023
3137722;IMPLANT PLASTIE ENDOCANALAIRE, DIGESTIVE, METALLIQUE NU.,BARD FRANCE SAS;8.39;0.0;02/01/2025;02/12/2024
3124027;GENOU, IMPLANT UNICOMPART OU INSERT TIBIAL POLYETHYLENE SEUL,GRP BIOIMPIANTI;1.85;0.0;01/09/2025;23/07/2025
3184058;GENOU, IMPLANT PATELLAIRE EN POLYETHYLENE SEUL,FRANCEMED;1.25;0.0;07/07/2023;31/08/2025
3165517;HANCHE, TETE OU TETE A JUPE, CERAMIQUE,MED PARTNER;3.13;0.0;07/07/2023;03/07/2023
3198528;HANCHE, TIGE DE RECONSTRUCTION, COL INCLUS, DROITE, NON CIMENTEE,I.CERAM;1.1;0.0;01/05/2019;06/07/2023
3131990;RACHIS, IMPLANT D'UNION LONGITUDINALE, CONNECTEUR,S.M.A.I.O;6.57;0.0;07/07/2023;03/07/2023
3181232;GENOU, IMPL BICOMPARTIMENT OU INSERT TIBIAL EN POLYETHYLENE SEUL,GROUPE LEPINE;3.37;0.0;07/07/2023;31/08/2025
3123690;IMPLANT PLASTIE ENDOCANALAIRE, DIGESTIVE, NON METALLIQUE.,COOK FRANCE;1.04;0.0;21/12/2017;06/07/2023
3183142;IMPLANT EXOVASCULAIRE DE FERMETURE DE MALFORMATIONS CONGENITALES,BIOVAS;3.73;0.0;21/05/2005;06/07/2023
3121030;IMPLANT OSSEUX, ANATOMIQUE, CHIRURGIE ORTHOPEDIQUE,EUROSPINE;2.09;0.0;07/07/2023;31/08/2025
3183998;IMPLANT OPHTALMOLOGIQUE LACRYMAL, BOUCHON OU CLOU-TROU MEATIQUE,LARM-O-TEC;6.55;0.0;07/07/2023;03/07/2023
3143237;GENOU, IMPLANT FEMORAL DE REPRISE BICONDYLIEN, CIMENTE,PERMEDICA;1.33;0.0;01/05/2019;06/07/2023
3173445;IMPLANT PLASTIE ENDOCAN., TRACHEAL OU BRONCHIQUE, METAL COUVERT.,NOVATECH;8.39;0.0;02/01/2025;02/12/2024
3104616;IMPLANT CRANIO-MAXILLO-FACIAL, PLAQUE MICRO, NON DROITE,ZIMMER BIOMET;7.77;0.0;07/07/2023;31/08/2025
3187938;RACHIS, IMPLANT D'UNION LONGITUDINALE, CONNECTEUR,FRADIS MEDICAL;6.57;0.0;01/05/2019;06/07/2023
3182697;IMPLANT SUR MESURE, POUR RECONSTRUCTION DU FEMUR TOTAL,FRANCEMED;9.89;0.0;01/05/2019;06/07/2023
3163599;UROGENITAL, IMPLANT PENIEN EXPANSIBLE PAR MECANISME HYDRAULIQUE,RIGICON;2.92;0.0;21/05/2005;06/07/2023
3174580;UROGENITAL, IMPLANT PENIEN EXPANSIBLE PAR MECANISME HYDRAULIQUE,RIGICON;6.89;0.0;01/05/2019;06/07/2023
3153307;IMPLANT CRANIO-MAXILLO-FACIAL, PLAQUE RONDE POUR NEUROCHIRURGIE,ZIMMER BIOMET;1.16;0.0;07/07/2023;01/02/2025
3127400;ENDOPROTHESE NUE EXPANSIBLE PAR BALLONNET,MEDTRONIC;6.5;0.0;07/07/2023;31/03/2025
3187068;IMPLANT PLASTIE ENDOCANALAIRE, URINAIRES, METALLIQUE NU.,PNN MEDICAL;8.78;0.0;21/12/2017;06/07/2023
3187097;LIGAMENT ARTICULAIRE ARTIFICIEL, SYSTEME FIXATION OU SERTISSAGE,SOC AIXOISE;6.55;0.0;07/07/2023;31/08/2025
3157831;RACHIS, IMPLANT DUNION TRANSVERSALE,LDR MEDICAL;1.71;0.0;01/05/2019;06/07/2023
3127161;HANCHE, COL AMOVIBLE A DOUBLE CONE MORSE,SOC ETU REC FAB;9.02;0.0;01/06/2019;06/07/2023
3157742;RACHIS, IMPLANT DUNION LONGITUDINALE, TIGE,RICHARD WOLF;6.99;0.0;01/05/2019;06/07/2023
3165658;HANCHE, INSERT EN CERAMIQUE, SIMPLE MOBILITE.,EXACTECH;3.15;0.0;01/06/2019;06/07/2023
3163317;IMPLANT CMF, PLAQUE, CONSTRUCTION TOTALE DE LA MANDIBULE,AVINENT IMPLANT;1.42;0.0;01/09/2025;23/07/2025
3177696;ENDOPROTHESE NUE EXPANSIBLE PAR BALLONNET,BENTLEY INNOMED;6.5;0.0;07/07/2023;31/03/2025
3162217;EPAULE, TIGE SPECIALE,IMPLANTCAST;5.43;0.0;01/05/2019;06/07/2023
3115583;HANCHE, TIGE STANDARD, COL INCLUS, DROITE, MODULAIR NON CIMENTEE,I.CERAM;7.47;0.0;01/05/2019;06/07/2023
3148281;HANCHE, INSERT EN CERAMIQUE, SIMPLE MOBILITE.,SMITH ET NEPHEW;3.15;0.0;01/06/2019;06/07/2023
3175131;EPAULE, TIGE HUMERALE REPRISE OU RECONSTRUCT, MONOBLOC OU MODULR,ORTHO OUEST;1.21;0.0;07/07/2023;31/08/2025
3186554;GENOU, IMPL TIBIAL BICOMPART, EMBASE METALLIQUE, CIMENTEE,OSTEAL MEDICAL;6.86;0.0;07/07/2023;31/08/2025
3171110;GENOU, IMPL BICOMPARTIMENT OU INSERT TIBIAL EN POLYETHYLENE SEUL, LINK S.A.R.L.;3.37;0.0;07/07/2023;31/08/2025
3173764;GENOU, IMPLANT PATELLAIRE, POLYETHYLENE ET METAL, NON CIMENTE,MEDACTA;6.52;0.0;01/04/2019;01/01/2022
3171423;IMPLANT CRANIO-MAXILLO-FACIAL, PLAQUE RONDE POUR NEUROCHIRURGIE,ZIMMER BIOMET;9.49;0.0;07/07/2023;31/08/2025
3121661;IMPLANT EXOVASCULAIRE DE FERMETURE DE MALFORMATIONS CONGENITALES,OCCLUTECH;3.73;0.0;07/06/2006;06/07/2023
3195375;GENOU, PROTHESE TOTALE SPECIALE REALISEE A L UNITE,MS LINEA;8.04;0.0;01/07/2021;06/07/2023
3138437;ENDOPROTHESE NUE EXPANSIBLE PAR BALLONNET,COOK FRANCE;6.5;0.0;07/07/2023;31/03/2025
3157937;IMPLANT CMF, PLAQUE A LOSANGES A REGLAGE SUR SITE,GEBRUDER MARTIN;2.9;0.0;07/07/2023;31/08/2025
3180860;IMPLANT CRANIO-MAXILLO-FACIAL, PLAQUE NON DROITE,POURET MEDICAL;5.87;0.0;07/07/2023;31/08/2025
3113408;EPAULE, IMPLANT GLENOIDIEN, EMBASE METALLIQUE OU METAL BACK,LINK WALDEMAR;4.53;0.0;07/07/2023;31/08/2025
3121684;HANCHE, TIGE DE RECONSTRUCTION, COL INCLUS, DROITE, NON CIMENTEE,LINK S.A.R.L.;1.1;0.0;01/05/2019;06/07/2023
3146690;DOIGT, SURFA ARTIC. OU BOUTON METACARP, METATARS OU PHALANGIEN,HEXABIO RETAIL;4.36;0.0;01/05/2019;06/07/2023
3147850;HANCHE, INSERT EN POLYETHYLENE MASSIF, SIMPLE MOBILITE.,MED PARTNER;8.31;0.0;07/07/2023;31/08/2025
3134511;IMPLANT OSSEUX, ANATOMIQUE, CHIRURGIE ORTHOPEDIQUE,LDR MEDICAL;2.09;0.0;07/07/2023;31/08/2025
3150332;RACHIS, IMPLANT DUNION LONGITUDINALE, TIGE,LDR MEDICAL;6.99;0.0;01/05/2019;06/07/2023
3127988;HANCHE, INSERT EN POLYETHYLENE MASSIF, SIMPLE MOBILITE.,I.CERAM;8.31;0.0;07/07/2023;31/08/2025
3122590;HANCHE, COTYLE STD, 1 MOB, MODULR, METAL-BACK, INSERT-, CIMENTE-,NORTHOMED;5.4;0.0;07/07/2023;31/08/2025
3139135;HANCHE, INSERT EN CERAMIQUE, SIMPLE MOBILITE.,B.BRAUN MEDICAL;3.15;0.0;01/06/2019;06/07/2023
3198244;HANCHE, TIGE DE REPRISE, COL INCLUS, DROITE, MODULAIRE, CIMENTEE,LINK S.A.R.L.;7.83;0.0;07/07/2023;03/07/2023
3157386;GENOU, IMPLANT PATELLAIRE EN POLYETHYLENE SEUL,GROUPE LEPINE;1.25;0.0;07/07/2023;31/08/2025
3146282;HANCHE, TIGE STANDARD, COL INCLUS, DROITE, MODULAIR NON CIMENTEE,MED PARTNER;7.47;0.0;07/07/2023;31/08/2025
3318151;SONDES TRANSVEINEUSES STIM VENT. G, FILOGUIDEES, CONFORMES,MICROPORT CRM;7.28;0.0;01/06/2024;24/05/2024
3333073;ALLOGREFFE VASCULAIRE, VEINE SAPHENE, NON CRYOCONSERV BIOPROTECT,EFS;2.06;0.0;12/08/2020;06/07/2023
3422486;SONDES TRANSVEINEUSES STIM VENT. G, FILOGUIDEES, CONFORMES,ABBOTT MEDICAL;7.82;0.0;01/09/2016;31/05/2023
3489875;STIMULATEUR CARDIAQUE DOUBLE CHAMBRE, TYPE DDD,MEDICO;2.26;0.0;01/04/2025;12/03/2025
3405565;STIMULATEUR CARDIAQUE DOUBLE CHAMBRE, TYPE DDD,MEDICO;2.24;0.0;01/04/2025;12/03/2025
3442750;STIM CARD DOUBLE CHAMBRE MONOSONDE FREQ. ASSERV, TYPE VDDR,MEDICO;2.5;0.0;01/04/2025;12/03/2025
3451714;STIMULATEUR CARDIAQUE DOUBLE CHAMBRE, TYPE DDD,MEDTRONIC;2.24;0.0;01/04/2025;12/03/2025
3416340;SONDES STIM ATRIALE OU VENTRICULAIRE DROITE HORS VDD, BIPOLAIRES,MEDICO;4.71;0.0;01/02/2020;31/05/2023
3418823;SONDE POUR DEFIBRILLATION VENTRICULAIRE DROITE,ABBOTT MEDICAL;1.38;0.0;03/04/2018;31/05/2023
3488864;SONDES STIM ATRIALE OU VENTRICULAIRE DROITE HORS VDD, BIPOLAIRES,MEDICO;4.39;0.0;01/06/2024;24/05/2024
3444364;STIMULATEUR CARDIAQUE DOUBLE CHAMBRE MONOSONDE, TYPE VDD,MEDTRONIC;2.24;0.0;01/04/2025;12/03/2025
3436956;SONDES STIM ATRIALE OU VENTRICULAIRE DROITE HORS VDD, BIPOLAIRES,MEDICO;4.71;0.0;01/02/2020;31/05/2023
3427986;SONDES EPICARDIQUES UNI OU BI-POLAIRES, STIM DROITE OU GAUCHE,BIOTRONIK;4.71;0.0;01/02/2020;31/05/2023
3402271;SONDES STIM VENTRICULAIRE DROITE HORS VDD, UNIPOLAIRES,ABBOTT MEDICAL;4.71;0.0;01/02/2020;31/05/2023
3490051;VHP,  ELEC, ASSISE ADAPTEE, DOSSIER REGLABLE, PLATINES CRANTEES,ELI INNOV FR;0.0;0.0;08/09/2003;06/07/2023
4130136;VHP, PROPULSION MANUELLE, PLIANT, A DOSSIER NON INCLINABLE,STELLAREA;0.0;0.0;08/09/2003;06/07/2023
4147668;VHP, PROPULSION MANUELLE, POUR ACTIVITES PHYSIQUES ET SPORTIVES,AMI AUTONOMIE;0.0;0.0;08/09/2003;06/07/2023
4111854;VHP, PROPULSION ELECTRIQUE, A DOSSIER INCLINABLE,PRIDE MOBILITY;0.0;0.0;08/09/2003;06/07/2023
4118193;VHP, MANUEL, EVOLUTIF, POUR ENFANT A PARTIR DE 18 MOIS,REHATEAM;0.0;0.0;08/09/2003;06/07/2023
4164566;VHP, MANUEL, EVOLUTIF, POUR ENFANT A PARTIR DE 18 MOIS,ARIA WHEELS;0.0;0.0;08/09/2003;06/07/2023
4134364;VHP, PROPULSION ELECTRIQUE, A DOSSIER NON INCLINABLE,MOBILITY;0.0;0.0;08/09/2003;06/07/2023
4107723;VHP, PROPULSION ELECTRIQUE, A DOSSIER NON INCLINABLE,DRIVE DEVILBISS;0.0;0.0;08/09/2003;06/07/2023
4179540;VHP, PROPULSION MANUELLE, POUR ACTIVITES PHYSIQUES ET SPORTIVES,AMI AUTONOMIE;0.0;0.0;08/09/2003;06/07/2023
4122757;VHP, PROPULSION ELECTRIQUE, VERTICALISATEUR ELECTRIQUE,SKS REHAB;0.0;0.0;08/09/2003;06/07/2023
4122473;VHP, MANUEL, NON PLIANT, NON REVERSIBLE, DOSSIER NON INCLINABLE,PER4MAX MED;0.0;0.0;08/09/2003;06/07/2023
4168966;VHP,  ELEC, ASSISE ADAPTEE, DOSSIER REGLABLE, PLATINES CRANTEES,PROT JANY;0.0;0.0;08/09/2003;06/07/2023
4184899;VHP, PROPULSION MANUELLE, VERTICALISATEUR ELECTRIQUE,VASSILLI FR;0.0;0.0;08/09/2003;06/07/2023
4183434;VHP, PROPULSION ELECTRIQUE, A DOSSIER INCLINABLE,VASSILLI FR;0.0;0.0;08/09/2003;06/07/2023
4142530;VHP, PROPULSION ELECTRIQUE, VERTICALISATEUR ELECTRIQUE,VASSILLI FR;0.0;0.0;08/09/2003;06/07/2023
4195615;VHP, MANUEL, VERTICALISATION MANUELLE ASSISTEE, USAGE D'UNE MAIN,VASSILLI FR;0.0;0.0;08/09/2003;06/07/2023
4101353;VHP,  ELEC, ASSISE ADAPTEE, DOSSIER REGLABLE, VERIN PNEUMATIQUE,4POWER4;0.0;0.0;08/09/2003;06/07/2023
4263950;VHP, POUS. OU FAUTEUIL NON REGLABL, DOSS. OU SIEGE RIGIDE OU NON,LA CENTRALE MED;0.0;0.0;08/09/2003;06/07/2023
4252810;VHP, PROPULSION ELECTRIQUE, BOITIER DE COMMANDE PERSONNALISE,ELI INNOV FR;0.0;0.0;24/10/2003;06/07/2023
4233570;VHP, POUS. OU FAUTEUIL NON REGLABL, DOSS. OU SIEGE RIGIDE OU NON,L.C.D CONCEPT;0.0;0.0;08/09/2003;06/07/2023
4222803;VHP, POUS. OU FAUTEUIL NON REGLABL, DOSS. OU SIEGE RIGIDE OU NON,INNOV' S.A.;0.0;0.0;08/09/2003;06/07/2023
4261051;VHP, POUS. OU FAUTEUIL NON REGLABL, DOSS. OU SIEGE RIGIDE OU NON,PIMAS;0.0;0.0;08/09/2003;06/07/2023
4255116;VHP, POUS. OU FAUTEUIL NON REGLABL, DOSS. OU SIEGE RIGIDE OU NON,PIMAS;0.0;0.0;08/09/2003;06/07/2023
4339681;VHP, PROPULSION ELECTRIQUE, BOITIER DE COMMANDE PERSONNALISE,SOLMOB;0.0;0.0;24/10/2003;06/07/2023
4327382;VHP, PROPULSION MANUELLE, TABLETTE COMPLETE AVEC SON MONTAGE,L.C.D CONCEPT;0.0;0.0;24/10/2003;06/07/2023
4325302;VHP, PROPULSION ELECTRIQUE, BOITIER DE COMMANDE PERSONNALISE,EUROMOVE;0.0;0.0;24/10/2003;06/07/2023
4329040;VHP, PROPULSION ELECTRIQUE, BOITIER DE COMMANDE PERSONNALISE,MUNEVO;0.0;0.0;24/10/2003;06/07/2023
4342654;VHP, MANUEL, REPOSE-JAMBE DROIT OU GAUCHE, REPOSE-PIED ARTICULE,EUROMOVE;0.0;0.0;24/10/2003;06/07/2023
4330036;VHP, MANUEL, REPOSE-JAMBE DROIT OU GAUCHE, REPOSE-PIED ARTICULE,EUROMOVE;0.0;0.0;24/10/2003;06/07/2023
4385787;VHP, POUSSETTE, INFERIEUR A 16 ANS, HARNAIS,EUROMOVE;0.0;0.0;24/10/2003;06/07/2023
4357319;VHP, MANUEL, REPOSE-JAMBE DROIT OU GAUCHE, REPOSE-PIED ARTICULE,EUROMOVE;0.0;0.0;24/10/2003;06/07/2023
4360215;VHP, MANUEL, PLIANT, COUSSIN DE SIEGE OU DE DOSSIER AVEC HOUSSE,SEPHORIS;0.0;0.0;24/10/2003;06/07/2023
4331024;VHP, POUSSETTE, INFERIEUR A 16 ANS, APPUI-TETE REGLABLE,SARL VIPAMAT;0.0;0.0;24/10/2003;06/07/2023
4328542;VPH, ACHAT NEUF, CYC, CYCLES MODULAIRES A ROUES MULTIPLES,RUPIANI;1.68;0.0;01/12/2025;06/02/2025
4370886;VHP, POUSSETTE, INFERIEUR A 16 ANS, APPUI-TETE REGLABLE,ALU REHAB APS;0.0;0.0;24/10/2003;06/07/2023
4380637;VHP, MANUEL, REPOSE-JAMBE DROIT OU GAUCHE, REPOSE-PIED ARTICULE,DRIVE DEVILBISS;0.0;0.0;24/10/2003;06/07/2023
4329330;VHP, MANUEL, REPOSE-JAMBE DROIT OU GAUCHE, REPOSE-PIED ARTICULE,EUROMOVE;0.0;0.0;24/10/2003;06/07/2023
4376386;VHP, PROPULSION ELECTRIQUE, BOITIER DE COMMANDE PERSONNALISE,SOLMOB;0.0;0.0;24/10/2003;06/07/2023
4300348;VHP, MANUEL, PLIANT, COUSSIN DE SIEGE OU DE DOSSIER AVEC HOUSSE,L.C.D CONCEPT;0.0;0.0;24/10/2003;06/07/2023
4308597;VHP,  ELEC, DEPLACEMENT DU BOITIER DE COMMANDE STANDARD,OXEEDREAM;0.0;0.0;24/10/2003;06/07/2023
4309674;VHP, PROPULSION ELECTRIQUE, BOITIER DE COMMANDE PERSONNALISE,DECON WHEEL;0.0;0.0;24/10/2003;06/07/2023
4371408;VHP, MANUEL, REPOSE-JAMBE DROIT OU GAUCHE, REPOSE-PIED ARTICULE,EUROMOVE;0.0;0.0;24/10/2003;06/07/2023
4371555;VHP, MANUEL, PLIANT,TOILE,MONTANTS DOSSIER COMPLEMENTAIRES LONGS,VASSILLI FR;0.0;0.0;24/10/2003;06/07/2023
4375116;VHP, PROPULSION ELECTRIQUE, BOITIER DE COMMANDE PERSONNALISE,SOLMOB;0.0;0.0;24/10/2003;06/07/2023
4324739;VHP, MANUEL, REPOSE-JAMBE DROIT OU GAUCHE, REPOSE-PIED ARTICULE,VASSILLI FR;0.0;0.0;24/10/2003;06/07/2023
4375613;VHP, MANUEL, REPOSE-JAMBE DROIT OU GAUCHE, REPOSE-PIED ARTICULE,EUROMOVE;0.0;0.0;24/10/2003;06/07/2023
4359293;VHP, MANUEL, PLIANT, SYSTEME DE CONDUITE A LEVIER LATERAL,INVACARE;0.0;0.0;24/10/2003;06/07/2023
4349142;VHP, MANUEL, PLIANT, SYSTEME DE CONDUITE A DOUBLE MAIN COURANTE,DRIVE DEVILBISS;0.0;0.0;24/10/2003;06/07/2023
4314853;VHP, POUSSETTE, INFERIEUR A 16 ANS, HARNAIS,PRIDE MOBILITY;0.0;0.0;24/10/2003;06/07/2023
4396035;VHP, MANUEL, REPOSE-JAMBE DROIT OU GAUCHE, REPOSE-PIED ARTICULE,EUROMOVE;0.0;0.0;24/10/2003;06/07/2023
4540153;VPH, ACHAT NEUF, CYC, CYCLES MODULAIRES A ROUES MULTIPLES,SCHUCHMANN;1.46;0.0;01/12/2025;06/02/2025
4567040;VPH, ACHAT NEUF, POU_MRE,POUSSETTE MODUL MULTIREGLABLE EVOLUTIVE,CREE;3.3;0.0;01/12/2025;06/02/2025
4544777;VPH, ACHAT NEUF, FRE-A, MODULAIRE PAR MOTEUR ELECTRIQUE CLASSE A,ERGOFLIX;7.8;0.0;01/12/2025;06/02/2025
4592457;VPH, ACHAT NEUF, SCO-C, SCOOTER CLASSE C,INVACARE;3.8;0.0;01/12/2025;06/02/2025
4521687;VPH, ACHAT NEUF, FRMA, MODULAIRE A PROPULSION MANUELLE ACTIFS,DPZ SERVICES;7.8;0.0;01/12/2025;06/02/2025
4544151;VPH, ACHAT NEUF, FMP, NON-MODULAIRE A PROPULSION MANUELLE OU A POUSSER,INVACARE;1.17;0.0;01/12/2025;06/02/2025
4551530;VPH, ACHAT NEUF, BASE, BASE ROULANTE MODULAIRE,INVACARE;1.12;0.0;01/12/2025;06/02/2025
4545512;VPH, ACHAT NEUF, FRE-B, MODULAIRE PAR MOTEUR ELECTRIQUE CLASSE B,INVACARE;2.11;0.0;01/12/2025;06/02/2025
4515072;VPH, ACHAT NEUF, SCO-B, SCOOTER CLASSE B,LIFE MOBILITY;7.8;0.0;01/12/2025;06/02/2025
4518410;VPH, ACHAT NEUF, FREV, MODULAIRE ELECTRIQUE DE VERTICALISATION,MEYRA NETTI;2.11;0.0;01/12/2025;06/02/2025
4520972;VPH, ACHAT NEUF, FRMS, MODULAIRE A PROPULSION MANUELLE DE SPORT,INVACARE;3.61;0.0;01/12/2025;06/02/2025
4505889;VPH, ACHAT NEUF, POU_S, POUSSETTE STANDARD,OTTO BOCK;3.8;0.0;01/12/2025;06/02/2025
4594077;VPH, ACHAT NEUF, FRMC, MODULAIRE MANUEL MULTI-CONFIGURABLE,SUNRISE MED;1.17;0.0;01/12/2025;06/02/2025
4551435;VPH, ACHAT NEUF, FRE-C, MODULAIRE PAR MOTEUR ELECTRIQUE CLASSE C,ERGOCONCEPT;3.3;0.0;01/12/2025;06/02/2025
4521010;VPH, ACHAT NEUF, FRMC, MODULAIRE MANUEL MULTI-CONFIGURABLE,SUNRISE MED;4.44;0.0;01/12/2025;06/02/2025
4530982;VPH, ACHAT NEUF, CYC, CYCLES MODULAIRES A ROUES MULTIPLES,SCHUCHMANN;1.68;0.0;01/12/2025;06/02/2025
4567229;VPH, ACHAT NEUF, FRMC, MODULAIRE MANUEL MULTI-CONFIGURABLE,PERMOBIL;3.3;0.0;01/12/2025;06/02/2025
4563467;VPH, ACHAT NEUF, FREV, MODULAIRE ELECTRIQUE DE VERTICALISATION,PERMOBIL;6.0;0.0;01/12/2025;06/02/2025
4568000;VPH, ACHAT NEUF, SCO-C, SCOOTER CLASSE C,INVACARE;3.88;0.0;01/12/2025;06/02/2025
4507210;VPH, ACHAT NEUF, BASE, BASE ROULANTE MODULAIRE,INVACARE;3.3;0.0;01/12/2025;06/02/2025
4544910;VPH, ACHAT NEUF, FRMV, MODULAIRE MANUEL DE VERTICALISATION,LIFE MOBILITY;1.17;0.0;01/12/2025;06/02/2025
4954096;VPH, ADJONCTION, PAP, FORFAIT A ADJONCTIONS MEMBRE SUPERIEUR,LIFE MOBILITY;1.5;0.0;01/12/2025;06/02/2025
4965183;VPH, ADJ, BOITIER DE COMMANDE PERSONNALISE POUR FRE, FREP ET FREV,INVACARE;1.6;0.0;01/12/2025;06/02/2025
4947601;VPH, ADJONCTION, PAP FORFAIT B ADJONCTIONS MEMBRE INFERIEUR,EUROMOVE;1.0;0.0;01/12/2025;06/02/2025
4987500;VPH, ADJONCTION, TABLETTE COMPLETE,LIFE MOBILITY;1.32;0.0;01/12/2025;06/02/2025
4922720;VPH FRM, SUPPLEMENT POUR FAUTEUIL ROULANT BARIATRIQUE,INVACARE;1.32;0.0;01/12/2025;06/02/2025
4970497;VPH, ADJONCTION, TABLETTE COMPLETE,NEW LIVE MOBIL;6.0;0.0;01/12/2025;06/02/2025
4954630;VPH, ADJONCTION, SUPPLEMENT APPUI-TETE REGLABLE,ACEKARE;7.0;0.0;01/12/2025;06/02/2025
4937991;VPH, ADJONCTION, PAP, FORFAIT A ADJONCTIONS MEMBRE SUPERIEUR,LIFE MOBILITY;6.0;0.0;01/12/2025;06/02/2025
4925054;VPH, ADJ., ACHAT DISPOSITIF ASSISTANCE ELEC,COM PAR ACCOMPAGNANT,INVACARE;2.71;0.0;01/12/2025;06/02/2025
4929796;VPH, ADJ., ACHAT KIT PROP. ELEC., COMMANDE PAR UTILISATEUR,BENOIT SYSTEMES;1.5;0.0;01/12/2025;06/02/2025
4978547;VPH, ADJ, CONDUITE DBL MAIN COURANT FRM FRMC FRMA FRMS FRMP FRMV,PERMOBIL;1.6;0.0;01/12/2025;06/02/2025
4941700;VPH, ADJ, CONDUITE DBL MAIN COURANT FRM FRMC FRMA FRMS FRMP FRMV,PERMOBIL;2.71;0.0;01/12/2025;06/02/2025
4936922;VPH, ADJONCTION, HARNAIS 4 POINTS OU PLUS POUR POU_MRE,VERMEIREN;1.0;0.0;01/12/2025;06/02/2025
4938766;VPH, ADJ., LEVIER DE BASCULEMENT - FRM FRMC FRMA FRMS FRMP FRMV,OTTO BOCK;6.0;0.0;01/12/2025;06/02/2025
4902165;VPH, ADJ, SUPP. FAUTEUIL ROULANT BARIATRIQUE FRE FREP FREV SCO,OTTO BOCK;1.32;0.0;01/12/2025;06/02/2025
4965705;VPH, ADJONCTION, CEINTURE DE MAINTIEN 2 POINTS POUR POU,OTTO BOCK;1.34;0.0;01/12/2025;06/02/2025
4928928;VPH, ADJ, SYST DE CONDUITE LEVIER LATERAL-FRM FRMC FRMA FRMS FRMP FRMV,INVACARE;1.6;0.0;01/12/2025;06/02/2025
