code à 7 chiffres;libellé;url
1100028;EMULSION HYALURONATE SODIUM 0,18 POUR CENT HORUS,NEOVIS TOTAL MULTI,FLACON 15 ML;http://www.codage.ext.cnamts.fr/cgi/tips/cgi-fiche?p_code_tips=1100028&p_date_jo_arrete=%25&p_menu=FICHE&p_site=AMELI
1100086;GILET DE SERIE CONTENTION ET IMMOBILISATION SCAPULO-HUMERALE,HARTMANN;http://www.codage.ext.cnamts.fr/cgi/tips/cgi-fiche?p_code_tips=1100086&p_date_jo_arrete=%25&p_menu=FICHE&p_site=AMELI
1100235;COLOSTOMIE, SET POUR IRRIGATION COLIQUE,B.BRAUN MEDICAL;http://www.codage.ext.cnamts.fr/cgi/tips/cgi-fiche?p_code_tips=1100235&p_date_jo_arrete=%25&p_menu=FICHE&p_site=AMELI
1100413;NUT. ENTERALE, ADULTE, MEL POLY NORMOPROT. HE, 500 ML,NUTRICIA;http://www.codage.ext.cnamts.fr/cgi/tips/cgi-fiche?p_code_tips=1100413&p_date_jo_arrete=%25&p_menu=FICHE&p_site=AMELI
1101565;ACCESSOIRES, PATE PROTECTION PERISTOMIALE, TUBE OU BARRETTES 60G,LABO CONVATEC;http://www.codage.ext.cnamts.fr/cgi/tips/cgi-fiche?p_code_tips=1101565&p_date_jo_arrete=%25&p_menu=FICHE&p_site=AMELI
1101720;AUTOCONTROLE, APP POUR LECTURE AUTOMATIQUE GLYCEMIE,B.BRAUN MEDICAL;http://www.codage.ext.cnamts.fr/cgi/tips/cgi-fiche?p_code_tips=1101720&p_date_jo_arrete=%25&p_menu=FICHE&p_site=AMELI
1101795;SOLUTE DE REHYDRATATION ORALE, LE CONDITIONNEMENT,ALTER;http://www.codage.ext.cnamts.fr/cgi/tips/cgi-fiche?p_code_tips=1101795&p_date_jo_arrete=%25&p_menu=FICHE&p_site=AMELI
1101803;BOUTON DE GASTROSTOMIE, PROLONGATEUR ADAPTABLE, RENOUVELLEMENT,HOIST MEDICAL;http://www.codage.ext.cnamts.fr/cgi/tips/cgi-fiche?p_code_tips=1101803&p_date_jo_arrete=%25&p_menu=FICHE&p_site=AMELI
1101826;AUTOCONTROLE, 100 LANCETTES POUR AUTOPIQUEUR NON REUTILIS STERI,SANOFI-AVENTIS;http://www.codage.ext.cnamts.fr/cgi/tips/cgi-fiche?p_code_tips=1101826&p_date_jo_arrete=%25&p_menu=FICHE&p_site=AMELI
1101909;ALIMENT SANS GLUTEN, FARINE, 100 G,NUTRITION-SANTE;http://www.codage.ext.cnamts.fr/cgi/tips/cgi-fiche?p_code_tips=1101909&p_date_jo_arrete=%25&p_menu=FICHE&p_site=AMELI
1102375;NUTRITION ENTERALE, NUTRICIA, NUTRIMENT STANDARD, NUTRISON PAEDIATRIC MULTIFIBRE;http://www.codage.ext.cnamts.fr/cgi/tips/cgi-fiche?p_code_tips=1102375&p_date_jo_arrete=%25&p_menu=FICHE&p_site=AMELI
1102777;NUT. ORALE, HYDROLYSAT PROT, ENFANT, PDR, 15 RATIONS 200 ML,MEAD JOHNSON;http://www.codage.ext.cnamts.fr/cgi/tips/cgi-fiche?p_code_tips=1102777&p_date_jo_arrete=%25&p_menu=FICHE&p_site=AMELI
1103216;NUT. ENTERALE, SONDE GASTROSTOMIE OU JEJUNOSTOMIE, RENOUV,MYHOMECARE;http://www.codage.ext.cnamts.fr/cgi/tips/cgi-fiche?p_code_tips=1103216&p_date_jo_arrete=%25&p_menu=FICHE&p_site=AMELI
1104612;ALIMENT SANS GLUTEN, PATES, 500 G,ALDINO;http://www.codage.ext.cnamts.fr/cgi/tips/cgi-fiche?p_code_tips=1104612&p_date_jo_arrete=%25&p_menu=FICHE&p_site=AMELI
1104776;AUTOCONTROLE, 200 LANCETTES POUR AUTOPIQUEUR NON REUTILIS STERI,BIOGINE FARMA;http://www.codage.ext.cnamts.fr/cgi/tips/cgi-fiche?p_code_tips=1104776&p_date_jo_arrete=%25&p_menu=FICHE&p_site=AMELI
1105570;GILET DE SERIE CONTENTION ET IMMOBILISATION SCAPULO-HUMERALE,ACTIV ' ORTHO;http://www.codage.ext.cnamts.fr/cgi/tips/cgi-fiche?p_code_tips=1105570&p_date_jo_arrete=%25&p_menu=FICHE&p_site=AMELI
1105899;NEUROSTIMULATION ELECTRIQUE TRANSCUTANEE, ELECTRODES SOUPLES,FLOWSTIM TECHNO;http://www.codage.ext.cnamts.fr/cgi/tips/cgi-fiche?p_code_tips=1105899&p_date_jo_arrete=%25&p_menu=FICHE&p_site=AMELI
1107591;GILET DE SERIE CONTENTION ET IMMOBILISATION SCAPULO-HUMERALE,ACTIV ' ORTHO;http://www.codage.ext.cnamts.fr/cgi/tips/cgi-fiche?p_code_tips=1107591&p_date_jo_arrete=%25&p_menu=FICHE&p_site=AMELI
1107786;URO-GENITAL, ELECTROSTIMULATEUR NEUROMUSCULAIRE, ACHAT,STIMULI TECHNO;http://www.codage.ext.cnamts.fr/cgi/tips/cgi-fiche?p_code_tips=1107786&p_date_jo_arrete=%25&p_menu=FICHE&p_site=AMELI
1108142;CHAMBRE DINHALATION, RESPIRATOIRE, MASQUE AVEC OU SANS EMBOUT,EXCELSANTE;http://www.codage.ext.cnamts.fr/cgi/tips/cgi-fiche?p_code_tips=1108142&p_date_jo_arrete=%25&p_menu=FICHE&p_site=AMELI
1108283;NUT. ENTERALE, SONDE GASTROSTOMIE OU JEJUNOSTOMIE, RENOUV,MYHOMECARE;http://www.codage.ext.cnamts.fr/cgi/tips/cgi-fiche?p_code_tips=1108283&p_date_jo_arrete=%25&p_menu=FICHE&p_site=AMELI
1108320;NUT. ENTERALE, ADULTE, MEL POLY NORMOPROT. HYPOENERG, 1 000 ML,NUTRICIA;http://www.codage.ext.cnamts.fr/cgi/tips/cgi-fiche?p_code_tips=1108320&p_date_jo_arrete=%25&p_menu=FICHE&p_site=AMELI
1110370;GILET DE SERIE CONTENTION ET IMMOBILISATION SCAPULO-HUMERALE,PRIM;http://www.codage.ext.cnamts.fr/cgi/tips/cgi-fiche?p_code_tips=1110370&p_date_jo_arrete=%25&p_menu=FICHE&p_site=AMELI
1110529;AUTOCONTROLE, 200 LANCETTES POUR AUTOPIQUEUR NON REUTILIS STERI,PIKDARE;http://www.codage.ext.cnamts.fr/cgi/tips/cgi-fiche?p_code_tips=1110529&p_date_jo_arrete=%25&p_menu=FICHE&p_site=AMELI
1111724;ACCESSOIRES, PATE PROTECTION PERISTOMIALE, TUBE OU BARRETTES 60G,HOLLISTER;http://www.codage.ext.cnamts.fr/cgi/tips/cgi-fiche?p_code_tips=1111724&p_date_jo_arrete=%25&p_menu=FICHE&p_site=AMELI
1111782;APPAREIL DE REEDUCATION PAR POULIE-THERAPIE, LOCATION HEBDOMADAIRE D'UN ENSEMBLE;http://www.codage.ext.cnamts.fr/cgi/tips/cgi-fiche?p_code_tips=1111782&p_date_jo_arrete=%25&p_menu=FICHE&p_site=AMELI
1111902;GENERATEUR DE CHAMP ELECTRIQUE ANTIMITOTIQUE,FORFAIT MENSUEL,NOVOCURE,OPTUNE GIO;http://www.codage.ext.cnamts.fr/cgi/tips/cgi-fiche?p_code_tips=1111902&p_date_jo_arrete=%25&p_menu=FICHE&p_site=AMELI
1112250;GILET DE SERIE CONTENTION ET IMMOBILISATION SCAPULO-HUMERALE,SIGVARIS;http://www.codage.ext.cnamts.fr/cgi/tips/cgi-fiche?p_code_tips=1112250&p_date_jo_arrete=%25&p_menu=FICHE&p_site=AMELI
1112669;GILET DE SERIE CONTENTION ET IMMOBILISATION SCAPULO-HUMERALE,COOP PHARMA FR;http://www.codage.ext.cnamts.fr/cgi/tips/cgi-fiche?p_code_tips=1112669&p_date_jo_arrete=%25&p_menu=FICHE&p_site=AMELI
1113210;BOUTON DE GASTROSTOMIE, PROLONGATEUR ADAPTABLE, RENOUVELLEMENT,BOSTON SCI;http://www.codage.ext.cnamts.fr/cgi/tips/cgi-fiche?p_code_tips=1113210&p_date_jo_arrete=%25&p_menu=FICHE&p_site=AMELI
1113249;URO-GENITAL, ELECTROSTIMULATEUR NEUROMUSCULAIRE, ACHAT,PERFORM HEALTH;http://www.codage.ext.cnamts.fr/cgi/tips/cgi-fiche?p_code_tips=1113249&p_date_jo_arrete=%25&p_menu=FICHE&p_site=AMELI
1113901;ACCESSOIRES, PATE PROTECTION PERISTOMIALE, TUBE OU BARRETTES 60G,B.BRAUN MEDICAL;http://www.codage.ext.cnamts.fr/cgi/tips/cgi-fiche?p_code_tips=1113901&p_date_jo_arrete=%25&p_menu=FICHE&p_site=AMELI
1114266;GILET DE SERIE CONTENTION ET IMMOBILISATION SCAPULO-HUMERALE,ORTHO EUROPE;http://www.codage.ext.cnamts.fr/cgi/tips/cgi-fiche?p_code_tips=1114266&p_date_jo_arrete=%25&p_menu=FICHE&p_site=AMELI
1115047;NUT,ENT,ADUL,SEM-ELE,HYPERPRO,HYPERE,NUTRICIA,NUTRISON PEPTISORB PLUS HEHP,500ML;http://www.codage.ext.cnamts.fr/cgi/tips/cgi-fiche?p_code_tips=1115047&p_date_jo_arrete=%25&p_menu=FICHE&p_site=AMELI
1115219;NUT. ORALE, HYDROLYSAT PROT, ENFANT, PDR, 17 RATIONS 200 ML,NESTLE;http://www.codage.ext.cnamts.fr/cgi/tips/cgi-fiche?p_code_tips=1115219&p_date_jo_arrete=%25&p_menu=FICHE&p_site=AMELI
1116443;TENS, ACHAT DE L APPAREIL FOURNI AVEC DEUX CABLES,BLUETENS FRANCE;http://www.codage.ext.cnamts.fr/cgi/tips/cgi-fiche?p_code_tips=1116443&p_date_jo_arrete=%25&p_menu=FICHE&p_site=AMELI
1116880;NUTRITION ENTERALE, FRESENIUS, NUTRIMENT STANDARD, NUTRODRIP DB OU NOVASOURCE DB;http://www.codage.ext.cnamts.fr/cgi/tips/cgi-fiche?p_code_tips=1116880&p_date_jo_arrete=%25&p_menu=FICHE&p_site=AMELI
1117201;COLLECTEUR, URINES ET MATIERES FECALES, 10 SUPPORTS POCHE DE STOMIE NON STANDARD;http://www.codage.ext.cnamts.fr/cgi/tips/cgi-fiche?p_code_tips=1117201&p_date_jo_arrete=%25&p_menu=FICHE&p_site=AMELI
1117454;AUTOCONTROLE, 50 LANCETTES POUR AUTOPIQUEUR NON REUTILIS STERI,SANOFI-AVENTIS;http://www.codage.ext.cnamts.fr/cgi/tips/cgi-fiche?p_code_tips=1117454&p_date_jo_arrete=%25&p_menu=FICHE&p_site=AMELI
1118040;AUTOCONTROLE , SET D AUTOSURVEILLANCE DE LA GLYCEMIE,GROUPE SNM;http://www.codage.ext.cnamts.fr/cgi/tips/cgi-fiche?p_code_tips=1118040&p_date_jo_arrete=%25&p_menu=FICHE&p_site=AMELI
1118287;AUTOCONTROLE, 50 LANCETTES POUR AUTOPIQUEUR NON REUTILIS STERI,ROCHE DIAG;http://www.codage.ext.cnamts.fr/cgi/tips/cgi-fiche?p_code_tips=1118287&p_date_jo_arrete=%25&p_menu=FICHE&p_site=AMELI
1119424;GILET DE SERIE CONTENTION ET IMMOBILISATION SCAPULO-HUMERALE,ACTIV ' ORTHO;http://www.codage.ext.cnamts.fr/cgi/tips/cgi-fiche?p_code_tips=1119424&p_date_jo_arrete=%25&p_menu=FICHE&p_site=AMELI
1119795;NUT. ENTERALE, SONDE GASTROSTOMIE OU JEJUNOSTOMIE, RENOUV,IDC GROUP;http://www.codage.ext.cnamts.fr/cgi/tips/cgi-fiche?p_code_tips=1119795&p_date_jo_arrete=%25&p_menu=FICHE&p_site=AMELI
1120120;AUTOCONTROLE, 200 LANCETTES POUR AUTOPIQUEUR NON REUTILIS STERI,PIKDARE;http://www.codage.ext.cnamts.fr/cgi/tips/cgi-fiche?p_code_tips=1120120&p_date_jo_arrete=%25&p_menu=FICHE&p_site=AMELI
1120373;AUTOCONTROLE , SET D'AUTOSURVEILLANCE DE LA GLYCEMIE,ALPHADIAB;http://www.codage.ext.cnamts.fr/cgi/tips/cgi-fiche?p_code_tips=1120373&p_date_jo_arrete=%25&p_menu=FICHE&p_site=AMELI
1120396;NUTRITION ENTERALE, SONDE EN PVC NASO GASTRIQUE OU NASO ENTERALE,VYGON;http://www.codage.ext.cnamts.fr/cgi/tips/cgi-fiche?p_code_tips=1120396&p_date_jo_arrete=%25&p_menu=FICHE&p_site=AMELI
1120597;GILET DE SERIE CONTENTION ET IMMOBILISATION SCAPULO-HUMERALE,ORTHO MORINIERE;http://www.codage.ext.cnamts.fr/cgi/tips/cgi-fiche?p_code_tips=1120597&p_date_jo_arrete=%25&p_menu=FICHE&p_site=AMELI
1121237;URO-GENITAL, ELECTROSTIMULATEUR NEUROMUSCULAIRE, ACHAT,EFFIK;http://www.codage.ext.cnamts.fr/cgi/tips/cgi-fiche?p_code_tips=1121237&p_date_jo_arrete=%25&p_menu=FICHE&p_site=AMELI
1121250;ALIMENT SANS GLUTEN, FARINE, 500 G,BMD;http://www.codage.ext.cnamts.fr/cgi/tips/cgi-fiche?p_code_tips=1121250&p_date_jo_arrete=%25&p_menu=FICHE&p_site=AMELI
1121600;NUT. ENTERALE, MEL POLY NP. NE., UN AN A 3 ANS, 500 ML,NUTRICIA;http://www.codage.ext.cnamts.fr/cgi/tips/cgi-fiche?p_code_tips=1121600&p_date_jo_arrete=%25&p_menu=FICHE&p_site=AMELI
1121987;URO-GENITAL, ELECTROSTIMULATEUR NEUROMUSCULAIRE, ACHAT,MONATH ELEC;http://www.codage.ext.cnamts.fr/cgi/tips/cgi-fiche?p_code_tips=1121987&p_date_jo_arrete=%25&p_menu=FICHE&p_site=AMELI
1122509;VENTILATION ASSISTEE POUR TRACHEOTOMISES;http://www.codage.ext.cnamts.fr/cgi/tips/cgi-fiche?p_code_tips=1122509&p_date_jo_arrete=%25&p_menu=FICHE&p_site=AMELI
1122975;NUT. ENTERALE, ADULTE, MEL POLY HYPERPROT. HYPERENERG, 1000 ML,LACTALIS NUT;http://www.codage.ext.cnamts.fr/cgi/tips/cgi-fiche?p_code_tips=1122975&p_date_jo_arrete=%25&p_menu=FICHE&p_site=AMELI
1123006;AUTOCONTROLE, 50 LANCETTES POUR AUTOPIQUEUR NON REUTILIS STERI,ROCHE DIAG;http://www.codage.ext.cnamts.fr/cgi/tips/cgi-fiche?p_code_tips=1123006&p_date_jo_arrete=%25&p_menu=FICHE&p_site=AMELI
1123414;DIGESTIF, COLLECTEUR MATIERES FECALES OU D'OBTURATION STOMIE,BOUCHON AVEC FILTRE;http://www.codage.ext.cnamts.fr/cgi/tips/cgi-fiche?p_code_tips=1123414&p_date_jo_arrete=%25&p_menu=FICHE&p_site=AMELI
1123710;AUTOCONTROLE, 200 LANCETTES POUR AUTOPIQUEUR NON REUTILIS STERI,PIKDARE;http://www.codage.ext.cnamts.fr/cgi/tips/cgi-fiche?p_code_tips=1123710&p_date_jo_arrete=%25&p_menu=FICHE&p_site=AMELI
1123911;GILET DE SERIE CONTENTION ET IMMOBILISATION SCAPULO-HUMERALE,ORTHO EUROPE;http://www.codage.ext.cnamts.fr/cgi/tips/cgi-fiche?p_code_tips=1123911&p_date_jo_arrete=%25&p_menu=FICHE&p_site=AMELI
1124566;DEBITMETRE DE POINTE QUELLE QUE SOIT LA CONFORMATION,FRAFITO;http://www.codage.ext.cnamts.fr/cgi/tips/cgi-fiche?p_code_tips=1124566&p_date_jo_arrete=%25&p_menu=FICHE&p_site=AMELI
1124690;NUT. ENTERALE, ADULTE, MEL POLY HYPERPROT. HYPERENERG, 1000 ML,FRESENIUS KABI;http://www.codage.ext.cnamts.fr/cgi/tips/cgi-fiche?p_code_tips=1124690&p_date_jo_arrete=%25&p_menu=FICHE&p_site=AMELI
1124827;ALIMENT SANS GLUTEN, PAIN, 100 G,SCHNITZER;http://www.codage.ext.cnamts.fr/cgi/tips/cgi-fiche?p_code_tips=1124827&p_date_jo_arrete=%25&p_menu=FICHE&p_site=AMELI
1125086;COAGUL TISSUS CARD PAR RADIOFR, ATRICURE, EPI-SENSE GUIDED COAGULATION SYSTEM;http://www.codage.ext.cnamts.fr/cgi/tips/cgi-fiche?p_code_tips=1125086&p_date_jo_arrete=%25&p_menu=FICHE&p_site=AMELI
1125117;GILET DE SERIE CONTENTION ET IMMOBILISATION SCAPULO-HUMERALE,IDENTITES 49;http://www.codage.ext.cnamts.fr/cgi/tips/cgi-fiche?p_code_tips=1125117&p_date_jo_arrete=%25&p_menu=FICHE&p_site=AMELI
1125420;NUT. ORALE, HYDROLYSAT PROT, ENFANT, PDR, 15 RATIONS 200 ML,MEAD JOHNSON;http://www.codage.ext.cnamts.fr/cgi/tips/cgi-fiche?p_code_tips=1125420&p_date_jo_arrete=%25&p_menu=FICHE&p_site=AMELI
1126513;URO-GENITAL, ELECTROSTIMULATEUR NEUROMUSCULAIRE, ACHAT,PIERENKEMPER;http://www.codage.ext.cnamts.fr/cgi/tips/cgi-fiche?p_code_tips=1126513&p_date_jo_arrete=%25&p_menu=FICHE&p_site=AMELI
1126542;NUT. ENTERALE, SONDE GASTROSTOMIE OU JEJUNOSTOMIE, RENOUV,HOIST MEDICAL;http://www.codage.ext.cnamts.fr/cgi/tips/cgi-fiche?p_code_tips=1126542&p_date_jo_arrete=%25&p_menu=FICHE&p_site=AMELI
1126660;PERFUSION, ACCESSOIRES POUR HEPARINER, CHAMBRE A CATHETER OU CATHETER CENTRAL;http://www.codage.ext.cnamts.fr/cgi/tips/cgi-fiche?p_code_tips=1126660&p_date_jo_arrete=%25&p_menu=FICHE&p_site=AMELI
1127435;AUTOCONTROLE, 200 LANCETTES POUR AUTOPIQUEUR NON REUTILIS STERI,PIKDARE;http://www.codage.ext.cnamts.fr/cgi/tips/cgi-fiche?p_code_tips=1127435&p_date_jo_arrete=%25&p_menu=FICHE&p_site=AMELI
1127978;GILET DE SERIE CONTENTION ET IMMOBILISATION SCAPULO-HUMERALE,PRIM;http://www.codage.ext.cnamts.fr/cgi/tips/cgi-fiche?p_code_tips=1127978&p_date_jo_arrete=%25&p_menu=FICHE&p_site=AMELI
1128044;TIRE-LAIT, ACHAT KIT TETERELLE, BIBERON, TUBE DE RACCORDEMENT.,BEURER FRANCE;http://www.codage.ext.cnamts.fr/cgi/tips/cgi-fiche?p_code_tips=1128044&p_date_jo_arrete=%25&p_menu=FICHE&p_site=AMELI
1128200;NUT. ENTERALE, SONDE GASTROSTOMIE OU JEJUNOSTOMIE, RENOUV,MYHOMECARE;http://www.codage.ext.cnamts.fr/cgi/tips/cgi-fiche?p_code_tips=1128200&p_date_jo_arrete=%25&p_menu=FICHE&p_site=AMELI
1128423;CHAMBRE D INHALATION, RESPIRATOIRE, MASQUE AVEC OU SANS EMBOUT,KOO EUROPE;http://www.codage.ext.cnamts.fr/cgi/tips/cgi-fiche?p_code_tips=1128423&p_date_jo_arrete=%25&p_menu=FICHE&p_site=AMELI
1128630;NUT. ENTERALE, ADULTE, MEL POLY HP HE, 500 ML,NUTRICIA;http://www.codage.ext.cnamts.fr/cgi/tips/cgi-fiche?p_code_tips=1128630&p_date_jo_arrete=%25&p_menu=FICHE&p_site=AMELI
1129061;ALIMENT SANS GLUTEN, FARINE, 3000 G,BAISLE EMILIE;http://www.codage.ext.cnamts.fr/cgi/tips/cgi-fiche?p_code_tips=1129061&p_date_jo_arrete=%25&p_menu=FICHE&p_site=AMELI
1129210;AUTOCONTROLE, AUTOPIQUEUR,BEURER FRANCE;http://www.codage.ext.cnamts.fr/cgi/tips/cgi-fiche?p_code_tips=1129210&p_date_jo_arrete=%25&p_menu=FICHE&p_site=AMELI
1129724;NUT. ENTERALE, AD., MEL POLY NORMOPROT. NORMOENERG, 500 ML,FRESENIUS KABI;http://www.codage.ext.cnamts.fr/cgi/tips/cgi-fiche?p_code_tips=1129724&p_date_jo_arrete=%25&p_menu=FICHE&p_site=AMELI
1129747;NUT. ENTERALE, ADULTE, MEL POLY NORMOPROT. NORMOENERG, 1 500 ML,NUTRICIA;http://www.codage.ext.cnamts.fr/cgi/tips/cgi-fiche?p_code_tips=1129747&p_date_jo_arrete=%25&p_menu=FICHE&p_site=AMELI
1130147;INCONTINENCE, ETUI PENIEN EXTENSIBLE AUTOADH;http://www.codage.ext.cnamts.fr/cgi/tips/cgi-fiche?p_code_tips=1130147&p_date_jo_arrete=%25&p_menu=FICHE&p_site=AMELI
1130236;NUTRITION ENTERALE, NUTRICIA, NUTRIMENT HYPERENERGETIQUE,NUTRINI NRJ MULTIFIBRES;http://www.codage.ext.cnamts.fr/cgi/tips/cgi-fiche?p_code_tips=1130236&p_date_jo_arrete=%25&p_menu=FICHE&p_site=AMELI
1130325;AUTOCONTROLE DU GLUCOSE INTERSTITIEL, FORFAIT INIT, DEXCOM, DEXCOM G6;http://www.codage.ext.cnamts.fr/cgi/tips/cgi-fiche?p_code_tips=1130325&p_date_jo_arrete=%25&p_menu=FICHE&p_site=AMELI
1130354;D01.3;http://www.codage.ext.cnamts.fr/cgi/tips/cgi-fiche?p_code_tips=1130354&p_date_jo_arrete=%25&p_menu=FICHE&p_site=AMELI
1130578;NUTRITION ENTERALE, SONDE EN PVC NASO GASTRIQUE OU NASO ENTERALE,HOMESET;http://www.codage.ext.cnamts.fr/cgi/tips/cgi-fiche?p_code_tips=1130578&p_date_jo_arrete=%25&p_menu=FICHE&p_site=AMELI
1130897;NEUROSTIM ELEC TRANSCUTANEE, EXPANSCIENCE, VITALITENS, ACHAT DE L APPAREIL.;http://www.codage.ext.cnamts.fr/cgi/tips/cgi-fiche?p_code_tips=1130897&p_date_jo_arrete=%25&p_menu=FICHE&p_site=AMELI
1131218;NUT. ORALE, HYDROLYSAT PROT, ENFANT, PDR, 15 RATIONS 200 ML,MEAD JOHNSON;http://www.codage.ext.cnamts.fr/cgi/tips/cgi-fiche?p_code_tips=1131218&p_date_jo_arrete=%25&p_menu=FICHE&p_site=AMELI
1131307;GILET DE SERIE CONTENTION ET IMMOBILISATION SCAPULO-HUMERALE,BAUERFEIND;http://www.codage.ext.cnamts.fr/cgi/tips/cgi-fiche?p_code_tips=1131307&p_date_jo_arrete=%25&p_menu=FICHE&p_site=AMELI
1131610;NUT. ENTERALE, SONDE GASTROSTOMIE OU JEJUNOSTOMIE, RENOUV,BARD FRANCE SAS;http://www.codage.ext.cnamts.fr/cgi/tips/cgi-fiche?p_code_tips=1131610&p_date_jo_arrete=%25&p_menu=FICHE&p_site=AMELI
1131804;GILET DE SERIE CONTENTION ET IMMOBILISATION SCAPULO-HUMERALE,PRIM;http://www.codage.ext.cnamts.fr/cgi/tips/cgi-fiche?p_code_tips=1131804&p_date_jo_arrete=%25&p_menu=FICHE&p_site=AMELI
1131810;NUT. ORALE, HYDROLYSAT PROT, ENFANT, PDR, 15 RATIONS 200 ML,MEAD JOHNSON;http://www.codage.ext.cnamts.fr/cgi/tips/cgi-fiche?p_code_tips=1131810&p_date_jo_arrete=%25&p_menu=FICHE&p_site=AMELI
1131827;NUT. ORALE, HYDROLYSAT PROT, ENFANT, PDR, 15 RATIONS 200 ML,MEAD JOHNSON;http://www.codage.ext.cnamts.fr/cgi/tips/cgi-fiche?p_code_tips=1131827&p_date_jo_arrete=%25&p_menu=FICHE&p_site=AMELI
1132086;AUTOCONTROLE, 100 LANCETTES POUR AUTOPIQUEUR NON REUTILIS STERI,SANOFI-AVENTIS;http://www.codage.ext.cnamts.fr/cgi/tips/cgi-fiche?p_code_tips=1132086&p_date_jo_arrete=%25&p_menu=FICHE&p_site=AMELI
1132548;GILET DE SERIE CONTENTION ET IMMOBILISATION SCAPULO-HUMERALE,HARTMANN;http://www.codage.ext.cnamts.fr/cgi/tips/cgi-fiche?p_code_tips=1132548&p_date_jo_arrete=%25&p_menu=FICHE&p_site=AMELI
1133690;NEUROSTIMULATION ELECTRIQUE TRANSCUTANEE, ELECTRODE SILICONE GRAPHITE, LOT DE 4;http://www.codage.ext.cnamts.fr/cgi/tips/cgi-fiche?p_code_tips=1133690&p_date_jo_arrete=%25&p_menu=FICHE&p_site=AMELI
1133915;DISPOSITIF STERILE DE RECUEIL DES SAIGNEES ET ACCESSOIRES,INNOSET;http://www.codage.ext.cnamts.fr/cgi/tips/cgi-fiche?p_code_tips=1133915&p_date_jo_arrete=%25&p_menu=FICHE&p_site=AMELI
1134240;NEUROSTIMULATION ELECTRIQUE TRANSCUTANEE, ELECTRODES SOUPLES,FLOWSTIM TECHNO;http://www.codage.ext.cnamts.fr/cgi/tips/cgi-fiche?p_code_tips=1134240&p_date_jo_arrete=%25&p_menu=FICHE&p_site=AMELI
1134783;AUTOCONTROLE, 200 LANCETTES POUR AUTOPIQUEUR NON REUTILIS STERI,MENARINI DIAG;http://www.codage.ext.cnamts.fr/cgi/tips/cgi-fiche?p_code_tips=1134783&p_date_jo_arrete=%25&p_menu=FICHE&p_site=AMELI
1134866;NUT. ENTERALE, ADULTE, MEL POLY NORMOPROT. NORMOENERG, 1 000 ML,FRESENIUS KABI;http://www.codage.ext.cnamts.fr/cgi/tips/cgi-fiche?p_code_tips=1134866&p_date_jo_arrete=%25&p_menu=FICHE&p_site=AMELI
1135854;MAT. HYDRODURCISS. A BASE MINERALE, LONGUEUR 2 M, LARGEUR 0,15 M,BSN-RADIANTE;http://www.codage.ext.cnamts.fr/cgi/tips/cgi-fiche?p_code_tips=1135854&p_date_jo_arrete=%25&p_menu=FICHE&p_site=AMELI
1136121;FILTRE RESPIRATOIRE POUR LARYNGECTOMISES, LA PAIRE,COLLIN;http://www.codage.ext.cnamts.fr/cgi/tips/cgi-fiche?p_code_tips=1136121&p_date_jo_arrete=%25&p_menu=FICHE&p_site=AMELI
1136581;OBJET CONTRACEPTIF, STERILET AVEC INSERTEUR, MONA LISA NV, MONA LISA CU375 SL RO;http://www.codage.ext.cnamts.fr/cgi/tips/cgi-fiche?p_code_tips=1136581&p_date_jo_arrete=%25&p_menu=FICHE&p_site=AMELI
1136894;AUTOCONTROLE , 50 BANDELETTES, CAPTEURS OU ELECTRODES,B.BRAUN MEDICAL;http://www.codage.ext.cnamts.fr/cgi/tips/cgi-fiche?p_code_tips=1136894&p_date_jo_arrete=%25&p_menu=FICHE&p_site=AMELI
1136990;NUT. ENTERALE, SONDE GASTROSTOMIE OU JEJUNOSTOMIE, RENOUV,BOSTON SCI;http://www.codage.ext.cnamts.fr/cgi/tips/cgi-fiche?p_code_tips=1136990&p_date_jo_arrete=%25&p_menu=FICHE&p_site=AMELI
1137600;MAT. HYDRODURCISS. A BASE MINERALE, LONGUEUR 2 M, LARGEUR 0,20 M,BSN-RADIANTE;http://www.codage.ext.cnamts.fr/cgi/tips/cgi-fiche?p_code_tips=1137600&p_date_jo_arrete=%25&p_menu=FICHE&p_site=AMELI
1138077;ACCESSOIRES, PATE PROTECTION PERISTOMIALE, TUBE OU BARRETTES 60G,HOLLISTER;http://www.codage.ext.cnamts.fr/cgi/tips/cgi-fiche?p_code_tips=1138077&p_date_jo_arrete=%25&p_menu=FICHE&p_site=AMELI
1139020;ACCESSOIRES, PATE PROTECTION PERISTOMIALE, TUBE OU BARRETTES 60G,B.BRAUN MEDICAL;http://www.codage.ext.cnamts.fr/cgi/tips/cgi-fiche?p_code_tips=1139020&p_date_jo_arrete=%25&p_menu=FICHE&p_site=AMELI
1139349;NUT. ENTERALE, SONDE GASTROSTOMIE OU JEJUNOSTOMIE, RENOUV,ASEPT INMED;http://www.codage.ext.cnamts.fr/cgi/tips/cgi-fiche?p_code_tips=1139349&p_date_jo_arrete=%25&p_menu=FICHE&p_site=AMELI
1139964;BOUTON DE GASTROSTOMIE, PROLONGATEUR ADAPTABLE, RENOUVELLEMENT,BARD FRANCE SAS;http://www.codage.ext.cnamts.fr/cgi/tips/cgi-fiche?p_code_tips=1139964&p_date_jo_arrete=%25&p_menu=FICHE&p_site=AMELI
1140045;AUTOCONTROLE, 200 LANCETTES POUR AUTOPIQUEUR NON REUTILIS STERI,ABBOTT FRANCE;http://www.codage.ext.cnamts.fr/cgi/tips/cgi-fiche?p_code_tips=1140045&p_date_jo_arrete=%25&p_menu=FICHE&p_site=AMELI
1140252;TIRE-LAIT, ACHAT KIT 2 TETERELLES, BIBERON, TUBE DE RACCORDEMENT.,FR ALLAITEMENT;http://www.codage.ext.cnamts.fr/cgi/tips/cgi-fiche?p_code_tips=1140252&p_date_jo_arrete=%25&p_menu=FICHE&p_site=AMELI
1140849;AUTOCONTROLE, 200 LANCETTES POUR AUTOPIQUEUR NON REUTILIS STERI,SYLAMED;http://www.codage.ext.cnamts.fr/cgi/tips/cgi-fiche?p_code_tips=1140849&p_date_jo_arrete=%25&p_menu=FICHE&p_site=AMELI
1141330;NEUROSTIMULATION ELECTRIQUE TRANSCUTANEE, ELECTRODES SOUPLES,SCHWA MEDICO;http://www.codage.ext.cnamts.fr/cgi/tips/cgi-fiche?p_code_tips=1141330&p_date_jo_arrete=%25&p_menu=FICHE&p_site=AMELI
1141412;AUTOCONTROLE, 100 LANCETTES POUR AUTOPIQUEUR NON REUTILIS STERI,SANOFI-AVENTIS;http://www.codage.ext.cnamts.fr/cgi/tips/cgi-fiche?p_code_tips=1141412&p_date_jo_arrete=%25&p_menu=FICHE&p_site=AMELI
1141487;BOUCLE SEMI-FERMEE, TANDEM, CONTROL-IQ, FORFAIT DE FORMATION TECHNIQUE INITIALE.;http://www.codage.ext.cnamts.fr/cgi/tips/cgi-fiche?p_code_tips=1141487&p_date_jo_arrete=%25&p_menu=FICHE&p_site=AMELI
1141814;NUT. ENTERALE, MEL POLY HP. HE., UN AN A 3 ANS, 500 ML,FRESENIUS KABI;http://www.codage.ext.cnamts.fr/cgi/tips/cgi-fiche?p_code_tips=1141814&p_date_jo_arrete=%25&p_menu=FICHE&p_site=AMELI
1141961;AUTOCONTROLE, 50 LANCETTES POUR AUTOPIQUEUR NON REUTILIS STERI,MENARINI DIAG;http://www.codage.ext.cnamts.fr/cgi/tips/cgi-fiche?p_code_tips=1141961&p_date_jo_arrete=%25&p_menu=FICHE&p_site=AMELI
1142883;AUTOCONTROLE, 200 LANCETTES POUR AUTOPIQUEUR NON REUTILIS STERI,ALPHADIAB;http://www.codage.ext.cnamts.fr/cgi/tips/cgi-fiche?p_code_tips=1142883&p_date_jo_arrete=%25&p_menu=FICHE&p_site=AMELI
1143470;SOLUTION STERILE A USAGE OPHTALMIQUE, CHAUVIN, NEREYA,BOITE DE 30 UNIDOSES 0,5ML;http://www.codage.ext.cnamts.fr/cgi/tips/cgi-fiche?p_code_tips=1143470&p_date_jo_arrete=%25&p_menu=FICHE&p_site=AMELI
1143523;SOLUTE DE REHYDRATATION ORALE, LE CONDITIONNEMENT,ALTERRA;http://www.codage.ext.cnamts.fr/cgi/tips/cgi-fiche?p_code_tips=1143523&p_date_jo_arrete=%25&p_menu=FICHE&p_site=AMELI
1144161;NEUROSTIMULATION ELECTRIQUE TRANSCUTANEE, ELECTRODES SOUPLES,PERFORM HEALTH;http://www.codage.ext.cnamts.fr/cgi/tips/cgi-fiche?p_code_tips=1144161&p_date_jo_arrete=%25&p_menu=FICHE&p_site=AMELI
1144238;NUT. ORALE, HYDROLYSAT PROT, ENFANT, PDR, 15 RATIONS 200 ML,MEAD JOHNSON;http://www.codage.ext.cnamts.fr/cgi/tips/cgi-fiche?p_code_tips=1144238&p_date_jo_arrete=%25&p_menu=FICHE&p_site=AMELI
1144586;PERFUSION, POMPE EXTERNE A INSULINE, LOCATION ET PRESTATION, FORFAIT JOURNALIER.;http://www.codage.ext.cnamts.fr/cgi/tips/cgi-fiche?p_code_tips=1144586&p_date_jo_arrete=%25&p_menu=FICHE&p_site=AMELI
1145692;NUT. ORALE, HYDROLYSAT PROT, ENFANT, PDR, 15 RATIONS 200 ML,MEAD JOHNSON;http://www.codage.ext.cnamts.fr/cgi/tips/cgi-fiche?p_code_tips=1145692&p_date_jo_arrete=%25&p_menu=FICHE&p_site=AMELI
1145723;D04.31;http://www.codage.ext.cnamts.fr/cgi/tips/cgi-fiche?p_code_tips=1145723&p_date_jo_arrete=%25&p_menu=FICHE&p_site=AMELI
1145730;GILET DE SERIE CONTENTION ET IMMOBILISATION SCAPULO-HUMERALE,PETERS SURGICAL;http://www.codage.ext.cnamts.fr/cgi/tips/cgi-fiche?p_code_tips=1145730&p_date_jo_arrete=%25&p_menu=FICHE&p_site=AMELI
1146071;NUT. ENTERALE, ADULTE, MEL POLY NORMOPROT. HYPERENERG, 1 000 ML,FRESENIUS KABI;http://www.codage.ext.cnamts.fr/cgi/tips/cgi-fiche?p_code_tips=1146071&p_date_jo_arrete=%25&p_menu=FICHE&p_site=AMELI
1146349;ESCARRES, COUSSIN PNEUMATIQUE, CLASSE II, SYST'AM, POLYAIR P301C;http://www.codage.ext.cnamts.fr/cgi/tips/cgi-fiche?p_code_tips=1146349&p_date_jo_arrete=%25&p_menu=FICHE&p_site=AMELI
1146898;NUT. ENTERALE, SONDE GASTROSTOMIE OU JEJUNOSTOMIE, RENOUV,BOSTON SCI;http://www.codage.ext.cnamts.fr/cgi/tips/cgi-fiche?p_code_tips=1146898&p_date_jo_arrete=%25&p_menu=FICHE&p_site=AMELI
1146935;GILET DE SERIE CONTENTION ET IMMOBILISATION SCAPULO-HUMERALE,ORTHO EUROPE;http://www.codage.ext.cnamts.fr/cgi/tips/cgi-fiche?p_code_tips=1146935&p_date_jo_arrete=%25&p_menu=FICHE&p_site=AMELI
1146964;NEUROSTIMULATION ELECTRIQUE TRANSCUTANEE, ELECTRODES SOUPLES,PERFORM HEALTH;http://www.codage.ext.cnamts.fr/cgi/tips/cgi-fiche?p_code_tips=1146964&p_date_jo_arrete=%25&p_menu=FICHE&p_site=AMELI
1147314;ACCESSOIRES, PATE PROTECTION PERISTOMIALE, TUBE OU BARRETTES 60G,TG EAKIN;http://www.codage.ext.cnamts.fr/cgi/tips/cgi-fiche?p_code_tips=1147314&p_date_jo_arrete=%25&p_menu=FICHE&p_site=AMELI
1147509;DRAINAGE, SONDE VESICALE A BALLONNET, A 3 VOIES.,BARD FRANCE SAS;http://www.codage.ext.cnamts.fr/cgi/tips/cgi-fiche?p_code_tips=1147509&p_date_jo_arrete=%25&p_menu=FICHE&p_site=AMELI
1148259;NUT. ENTERALE, SONDE GASTROSTOMIE OU JEJUNOSTOMIE, RENOUV,ASEPT INMED;http://www.codage.ext.cnamts.fr/cgi/tips/cgi-fiche?p_code_tips=1148259&p_date_jo_arrete=%25&p_menu=FICHE&p_site=AMELI
1149610;AUTOCONTROLE, APP POUR LECTURE AUTOMATIQUE GLYCEMIE,ROCHE DIAB CARE;http://www.codage.ext.cnamts.fr/cgi/tips/cgi-fiche?p_code_tips=1149610&p_date_jo_arrete=%25&p_menu=FICHE&p_site=AMELI
1150523;NUT. ENTERALE, ADULTE, MEL POLY HP. NORMOENERG, 500 ML,NESTLE;http://www.codage.ext.cnamts.fr/cgi/tips/cgi-fiche?p_code_tips=1150523&p_date_jo_arrete=%25&p_menu=FICHE&p_site=AMELI
1151190;SOLUTION HYALURONATE SODIUM 0,18 POUR CENT, HORUS,VISMED,B. DE 20 UNIDOSES 0,3ML;http://www.codage.ext.cnamts.fr/cgi/tips/cgi-fiche?p_code_tips=1151190&p_date_jo_arrete=%25&p_menu=FICHE&p_site=AMELI
1151451;TENS, ACHAT DE L APPAREIL FOURNI AVEC DEUX CABLES,BLUETENS FRANCE;http://www.codage.ext.cnamts.fr/cgi/tips/cgi-fiche?p_code_tips=1151451&p_date_jo_arrete=%25&p_menu=FICHE&p_site=AMELI
1151497;GILET DE SERIE CONTENTION ET IMMOBILISATION SCAPULO-HUMERALE,SIMP ORTHO SOL;http://www.codage.ext.cnamts.fr/cgi/tips/cgi-fiche?p_code_tips=1151497&p_date_jo_arrete=%25&p_menu=FICHE&p_site=AMELI
1152060;BOUTON DE GASTROSTOMIE, PROLONGATEUR ADAPTABLE, RENOUVELLEMENT,CARDINAL HEALTH;http://www.codage.ext.cnamts.fr/cgi/tips/cgi-fiche?p_code_tips=1152060&p_date_jo_arrete=%25&p_menu=FICHE&p_site=AMELI
1153059;AUTOCONTROLE , 50 BANDELETTES, CAPTEURS OU ELECTRODES,B.BRAUN MEDICAL;http://www.codage.ext.cnamts.fr/cgi/tips/cgi-fiche?p_code_tips=1153059&p_date_jo_arrete=%25&p_menu=FICHE&p_site=AMELI
1153208;TIRE-LAIT, ACHAT KIT 2 TETERELLES, BIBERON, TUBE DE RACCORDEMENT.,LANSINOH;http://www.codage.ext.cnamts.fr/cgi/tips/cgi-fiche?p_code_tips=1153208&p_date_jo_arrete=%25&p_menu=FICHE&p_site=AMELI
1153480;PERFUSION, POMPE EXTERNE A INSULINE, CATHET ET CONSOM ASSOCIES, FORF JOURNALIER.;http://www.codage.ext.cnamts.fr/cgi/tips/cgi-fiche?p_code_tips=1153480&p_date_jo_arrete=%25&p_menu=FICHE&p_site=AMELI
1153786;BOUTON DE GASTROSTOMIE, PROLONGATEUR ADAPTABLE, RENOUVELLEMENT,ASEPT INMED;http://www.codage.ext.cnamts.fr/cgi/tips/cgi-fiche?p_code_tips=1153786&p_date_jo_arrete=%25&p_menu=FICHE&p_site=AMELI
1153792;ACCESSOIRES, POUDRE ABSORBANTE MINIMUM 25G,LABO CONVATEC;http://www.codage.ext.cnamts.fr/cgi/tips/cgi-fiche?p_code_tips=1153792&p_date_jo_arrete=%25&p_menu=FICHE&p_site=AMELI
1153898;ACCESSOIRES, POUDRE ABSORBANTE MINIMUM 25G,COLOPLAST;http://www.codage.ext.cnamts.fr/cgi/tips/cgi-fiche?p_code_tips=1153898&p_date_jo_arrete=%25&p_menu=FICHE&p_site=AMELI
1154099;NEUROSTIMULATION ELECTRIQUE TRANSCUTANEE, ELECTRODES SOUPLES,FLOWSTIM TECHNO;http://www.codage.ext.cnamts.fr/cgi/tips/cgi-fiche?p_code_tips=1154099&p_date_jo_arrete=%25&p_menu=FICHE&p_site=AMELI
1154449;NUTRITION ENTERALE, SONDE EN PVC NASO GASTRIQUE OU NASO ENTERALE,LABOKIT;http://www.codage.ext.cnamts.fr/cgi/tips/cgi-fiche?p_code_tips=1154449&p_date_jo_arrete=%25&p_menu=FICHE&p_site=AMELI
1154544;GILET DE SERIE CONTENTION ET IMMOBILISATION SCAPULO-HUMERALE,ACTIV ' ORTHO;http://www.codage.ext.cnamts.fr/cgi/tips/cgi-fiche?p_code_tips=1154544&p_date_jo_arrete=%25&p_menu=FICHE&p_site=AMELI
1154739;NUT ENTERALE, ADULTE, MEL POLY HYPERPROT. NORMOENERG, FRESENIUS, FRESUBIN, 500ML;http://www.codage.ext.cnamts.fr/cgi/tips/cgi-fiche?p_code_tips=1154739&p_date_jo_arrete=%25&p_menu=FICHE&p_site=AMELI
1155006;URO-GENITAL, ELECTROSTIMULATEUR NEUROMUSCULAIRE, ACHAT,EFFIK;http://www.codage.ext.cnamts.fr/cgi/tips/cgi-fiche?p_code_tips=1155006&p_date_jo_arrete=%25&p_menu=FICHE&p_site=AMELI
1155130;CHAMBRE D INHALATION, RESPIRATOIRE, MASQUE AVEC OU SANS EMBOUT,H2O PHARM;http://www.codage.ext.cnamts.fr/cgi/tips/cgi-fiche?p_code_tips=1155130&p_date_jo_arrete=%25&p_menu=FICHE&p_site=AMELI
1155331;AUTOCONTROLE, 200 LANCETTES POUR AUTOPIQUEUR NON REUTILIS STERI,PIKDARE;http://www.codage.ext.cnamts.fr/cgi/tips/cgi-fiche?p_code_tips=1155331&p_date_jo_arrete=%25&p_menu=FICHE&p_site=AMELI
1155897;ACCESSOIRES, PATE PROTECTION PERISTOMIALE, TUBE OU BARRETTES 60G,B.BRAUN MEDICAL;http://www.codage.ext.cnamts.fr/cgi/tips/cgi-fiche?p_code_tips=1155897&p_date_jo_arrete=%25&p_menu=FICHE&p_site=AMELI
1156052;ALIMENT SANS GLUTEN, PAIN, 100 G,DR. SCHAR FRANCE;http://www.codage.ext.cnamts.fr/cgi/tips/cgi-fiche?p_code_tips=1156052&p_date_jo_arrete=%25&p_menu=FICHE&p_site=AMELI
1156684;GILET DE SERIE CONTENTION ET IMMOBILISATION SCAPULO-HUMERALE,ETOILE GRENOBLE;http://www.codage.ext.cnamts.fr/cgi/tips/cgi-fiche?p_code_tips=1156684&p_date_jo_arrete=%25&p_menu=FICHE&p_site=AMELI
1157471;DISPOSITIF STERILE DE RECUEIL DES SAIGNEES ET ACCESSOIRES,HOMESET;http://www.codage.ext.cnamts.fr/cgi/tips/cgi-fiche?p_code_tips=1157471&p_date_jo_arrete=%25&p_menu=FICHE&p_site=AMELI
1157560;GILET DE SERIE CONTENTION ET IMMOBILISATION SCAPULO-HUMERALE,ACTIV ' ORTHO;http://www.codage.ext.cnamts.fr/cgi/tips/cgi-fiche?p_code_tips=1157560&p_date_jo_arrete=%25&p_menu=FICHE&p_site=AMELI
1157732;ALIMENT SANS GLUTEN, PAIN, 100 G,DR. SCHAR FRANCE;http://www.codage.ext.cnamts.fr/cgi/tips/cgi-fiche?p_code_tips=1157732&p_date_jo_arrete=%25&p_menu=FICHE&p_site=AMELI
1158536;NEUROSTIMULATION ELECTRIQUE TRANSCUTANEE, ELECTRODES SOUPLES,BLUETENS FRANCE;http://www.codage.ext.cnamts.fr/cgi/tips/cgi-fiche?p_code_tips=1158536&p_date_jo_arrete=%25&p_menu=FICHE&p_site=AMELI
1158559;DEBITMETRE DE POINTE QUELLE QUE SOIT LA CONFORMATION,PHILIPS;http://www.codage.ext.cnamts.fr/cgi/tips/cgi-fiche?p_code_tips=1158559&p_date_jo_arrete=%25&p_menu=FICHE&p_site=AMELI
1159429;GILET DE SERIE CONTENTION ET IMMOBILISATION SCAPULO-HUMERALE,ORTHO MORINIERE;http://www.codage.ext.cnamts.fr/cgi/tips/cgi-fiche?p_code_tips=1159429&p_date_jo_arrete=%25&p_menu=FICHE&p_site=AMELI
1160792;GILET DE SERIE CONTENTION ET IMMOBILISATION SCAPULO-HUMERALE,ACTIV ' ORTHO;http://www.codage.ext.cnamts.fr/cgi/tips/cgi-fiche?p_code_tips=1160792&p_date_jo_arrete=%25&p_menu=FICHE&p_site=AMELI
1160800;TIRE-LAIT, ACHAT KIT TETERELLE, BIBERON, TUBE DE RACCORDEMENT.,LANSINOH;http://www.codage.ext.cnamts.fr/cgi/tips/cgi-fiche?p_code_tips=1160800&p_date_jo_arrete=%25&p_menu=FICHE&p_site=AMELI
1160830;ALIMENT SANS GLUTEN, FARINE, 500 G,BMD;http://www.codage.ext.cnamts.fr/cgi/tips/cgi-fiche?p_code_tips=1160830&p_date_jo_arrete=%25&p_menu=FICHE&p_site=AMELI
1160958;FILTRE RESPIRATOIRE POUR LARYNGECTOMISES, LA PAIRE,UAFLMV;http://www.codage.ext.cnamts.fr/cgi/tips/cgi-fiche?p_code_tips=1160958&p_date_jo_arrete=%25&p_menu=FICHE&p_site=AMELI
1160964;GILET DE SERIE CONTENTION ET IMMOBILISATION SCAPULO-HUMERALE,PERFORM HEALTH;http://www.codage.ext.cnamts.fr/cgi/tips/cgi-fiche?p_code_tips=1160964&p_date_jo_arrete=%25&p_menu=FICHE&p_site=AMELI
1161024;PPC, APNEE SOMMEIL, PATIENT SANS RELEVE DOBSERVANCE, FORF HEBD 9.SRO-A-ASSOCIER;http://www.codage.ext.cnamts.fr/cgi/tips/cgi-fiche?p_code_tips=1161024&p_date_jo_arrete=%25&p_menu=FICHE&p_site=AMELI
1161107;PROTECTION TRACHEALE POUR LARYNGECTOMISES AVEC COL OFFICIER,CEREDAS;http://www.codage.ext.cnamts.fr/cgi/tips/cgi-fiche?p_code_tips=1161107&p_date_jo_arrete=%25&p_menu=FICHE&p_site=AMELI
1161550;TIRE-LAIT, ACHAT KIT TETERELLE, BIBERON, TUBE DE RACCORDEMENT.,DTF;http://www.codage.ext.cnamts.fr/cgi/tips/cgi-fiche?p_code_tips=1161550&p_date_jo_arrete=%25&p_menu=FICHE&p_site=AMELI
1161662;GILET DE SERIE CONTENTION ET IMMOBILISATION SCAPULO-HUMERALE,ORTHOMEDICA;http://www.codage.ext.cnamts.fr/cgi/tips/cgi-fiche?p_code_tips=1161662&p_date_jo_arrete=%25&p_menu=FICHE&p_site=AMELI
1162510;BOUTON DE GASTROSTOMIE, PROLONGATEUR ADAPTABLE, RENOUVELLEMENT,HOMESET;http://www.codage.ext.cnamts.fr/cgi/tips/cgi-fiche?p_code_tips=1162510&p_date_jo_arrete=%25&p_menu=FICHE&p_site=AMELI
1162680;CHAMBRE D'INHALATION, RESPIRATOIRE, MASQUE AVEC OU SANS EMBOUT,MEDIFLUX;http://www.codage.ext.cnamts.fr/cgi/tips/cgi-fiche?p_code_tips=1162680&p_date_jo_arrete=%25&p_menu=FICHE&p_site=AMELI
1163030;DISP IRRIG TRANSANALE, COLOPLAST, PERISTEEN PLUS SONDE RECTALE CONIQUE, SYST INI;http://www.codage.ext.cnamts.fr/cgi/tips/cgi-fiche?p_code_tips=1163030&p_date_jo_arrete=%25&p_menu=FICHE&p_site=AMELI
1163069;ACCESSOIRES, PATE PROTECTION PERISTOMIALE, TUBE OU BARRETTES 60G,COLOPLAST;http://www.codage.ext.cnamts.fr/cgi/tips/cgi-fiche?p_code_tips=1163069&p_date_jo_arrete=%25&p_menu=FICHE&p_site=AMELI
1163224;ALIMENT SANS GLUTEN, PATES, 100 G,ARTZ;http://www.codage.ext.cnamts.fr/cgi/tips/cgi-fiche?p_code_tips=1163224&p_date_jo_arrete=%25&p_menu=FICHE&p_site=AMELI
1163514;DRAINAGE, SONDE VESICALE A BALLONNET, A 3 VOIES.,MYHOMECARE;http://www.codage.ext.cnamts.fr/cgi/tips/cgi-fiche?p_code_tips=1163514&p_date_jo_arrete=%25&p_menu=FICHE&p_site=AMELI
1164264;NUT. ENTERALE, ADULTE, MEL POLY NORMOPROT. NORMOENERG, 1 000 ML,NUTRICIA;http://www.codage.ext.cnamts.fr/cgi/tips/cgi-fiche?p_code_tips=1164264&p_date_jo_arrete=%25&p_menu=FICHE&p_site=AMELI
1164420;NEUROSTIMULATION ELECTRIQUE TRANSCUTANEE, ELECTRODES SOUPLES,FLOWSTIM TECHNO;http://www.codage.ext.cnamts.fr/cgi/tips/cgi-fiche?p_code_tips=1164420&p_date_jo_arrete=%25&p_menu=FICHE&p_site=AMELI
1166100;AUTOCONTROLE, 200 LANCETTES POUR AUTOPIQUEUR NON REUTILIS STERI,SHANDONG LIANFA;http://www.codage.ext.cnamts.fr/cgi/tips/cgi-fiche?p_code_tips=1166100&p_date_jo_arrete=%25&p_menu=FICHE&p_site=AMELI
1168049;NUT. ORALE, HYDROLYSAT PROT, ENFANT, PDR, 15 RATIONS 200 ML,MEAD JOHNSON;http://www.codage.ext.cnamts.fr/cgi/tips/cgi-fiche?p_code_tips=1168049&p_date_jo_arrete=%25&p_menu=FICHE&p_site=AMELI
1168380;BOUTON DE GASTROSTOMIE, PROLONGATEUR ADAPTABLE, RENOUVELLEMENT,CARDINAL HEALTH;http://www.codage.ext.cnamts.fr/cgi/tips/cgi-fiche?p_code_tips=1168380&p_date_jo_arrete=%25&p_menu=FICHE&p_site=AMELI
1168411;NUT. ENTERALE, SONDE GASTROSTOMIE OU JEJUNOSTOMIE, RENOUV,BARD FRANCE SAS;http://www.codage.ext.cnamts.fr/cgi/tips/cgi-fiche?p_code_tips=1168411&p_date_jo_arrete=%25&p_menu=FICHE&p_site=AMELI
1168552;NUT. ENTERALE, SONDE GASTROSTOMIE OU JEJUNOSTOMIE, RENOUV,NUTRICIA;http://www.codage.ext.cnamts.fr/cgi/tips/cgi-fiche?p_code_tips=1168552&p_date_jo_arrete=%25&p_menu=FICHE&p_site=AMELI
1168776;NEUROSTIMULATION ELECTRIQUE TRANSCUTANEE, ELECTRODES SOUPLES,FLOWSTIM TECHNO;http://www.codage.ext.cnamts.fr/cgi/tips/cgi-fiche?p_code_tips=1168776&p_date_jo_arrete=%25&p_menu=FICHE&p_site=AMELI
1171471;NUTRITION ENTERALE, NOVARTIS, NUTRIMENT STANDARD, NORMO-REAL FIBRES OU ISOSOURCE;http://www.codage.ext.cnamts.fr/cgi/tips/cgi-fiche?p_code_tips=1171471&p_date_jo_arrete=%25&p_menu=FICHE&p_site=AMELI
1172364;BOUTON DE GASTROSTOMIE, PROLONGATEUR ADAPTABLE, RENOUVELLEMENT,FRESENIUS VIAL;http://www.codage.ext.cnamts.fr/cgi/tips/cgi-fiche?p_code_tips=1172364&p_date_jo_arrete=%25&p_menu=FICHE&p_site=AMELI
1172766;MAT. HYDRODURCISS. A BASE MINERALE, LONGUEUR 2 M, LARGEUR 0,10 M,BSN-RADIANTE;http://www.codage.ext.cnamts.fr/cgi/tips/cgi-fiche?p_code_tips=1172766&p_date_jo_arrete=%25&p_menu=FICHE&p_site=AMELI
1172772;GILET DE SERIE CONTENTION ET IMMOBILISATION SCAPULO-HUMERALE,GOURAL ORTHO;http://www.codage.ext.cnamts.fr/cgi/tips/cgi-fiche?p_code_tips=1172772&p_date_jo_arrete=%25&p_menu=FICHE&p_site=AMELI
1173323;PERFUSION,SYSTEME ACTIF AMBULATOIRE,ACHAT DE LA POMPE PROGRAMMABLE HORS INSULINE;http://www.codage.ext.cnamts.fr/cgi/tips/cgi-fiche?p_code_tips=1173323&p_date_jo_arrete=%25&p_menu=FICHE&p_site=AMELI
1173487;AUTOCONTROLE , 10 BANDELETTES, CAPTEURS OU ELECTRODES,MED TRUST;http://www.codage.ext.cnamts.fr/cgi/tips/cgi-fiche?p_code_tips=1173487&p_date_jo_arrete=%25&p_menu=FICHE&p_site=AMELI
1175693;DRAINAGE, SONDE VESICALE A BALLONNET, A 3 VOIES.,TELEFLEX MED;http://www.codage.ext.cnamts.fr/cgi/tips/cgi-fiche?p_code_tips=1175693&p_date_jo_arrete=%25&p_menu=FICHE&p_site=AMELI
1175983;NUT. ENTERALE, ADULTE, MEL POLY NORMOPROT. HYPERENERG, 1 000 ML,LACTALIS NUT;http://www.codage.ext.cnamts.fr/cgi/tips/cgi-fiche?p_code_tips=1175983&p_date_jo_arrete=%25&p_menu=FICHE&p_site=AMELI
1176480;GEL STERILE HYALURONATE DE SODIUM 0,3 POUR 100,TRB,HYLOVIS GEL MULTI,FLACON 15ML;http://www.codage.ext.cnamts.fr/cgi/tips/cgi-fiche?p_code_tips=1176480&p_date_jo_arrete=%25&p_menu=FICHE&p_site=AMELI
1176497;GILET DE SERIE CONTENTION ET IMMOBILISATION SCAPULO-HUMERALE,RESAMEDIC;http://www.codage.ext.cnamts.fr/cgi/tips/cgi-fiche?p_code_tips=1176497&p_date_jo_arrete=%25&p_menu=FICHE&p_site=AMELI
1176557;GILET DE SERIE CONTENTION ET IMMOBILISATION SCAPULO-HUMERALE,ORTHO MORINIERE;http://www.codage.ext.cnamts.fr/cgi/tips/cgi-fiche?p_code_tips=1176557&p_date_jo_arrete=%25&p_menu=FICHE&p_site=AMELI
1176741;NUT. ENTERALE, SONDE GASTROSTOMIE OU JEJUNOSTOMIE, RENOUV,HOIST MEDICAL;http://www.codage.ext.cnamts.fr/cgi/tips/cgi-fiche?p_code_tips=1176741&p_date_jo_arrete=%25&p_menu=FICHE&p_site=AMELI
1177060;GILET DE SERIE CONTENTION ET IMMOBILISATION SCAPULO-HUMERALE,CIMATEL;http://www.codage.ext.cnamts.fr/cgi/tips/cgi-fiche?p_code_tips=1177060&p_date_jo_arrete=%25&p_menu=FICHE&p_site=AMELI
1177545;ACCESSOIRES, PATE PROTECTION PERISTOMIALE, TUBE OU BARRETTES 60G,B.BRAUN MEDICAL;http://www.codage.ext.cnamts.fr/cgi/tips/cgi-fiche?p_code_tips=1177545&p_date_jo_arrete=%25&p_menu=FICHE&p_site=AMELI
1179308;CHAMBRE D'INHALATION, RESPIRATOIRE, MASQUE AVEC OU SANS EMBOUT,ID-TANDEM;http://www.codage.ext.cnamts.fr/cgi/tips/cgi-fiche?p_code_tips=1179308&p_date_jo_arrete=%25&p_menu=FICHE&p_site=AMELI
1179596;CHAMBRE D'INHALATION, RESPIRATOIRE, MASQUE AVEC OU SANS EMBOUT,PARI PULMOMED;http://www.codage.ext.cnamts.fr/cgi/tips/cgi-fiche?p_code_tips=1179596&p_date_jo_arrete=%25&p_menu=FICHE&p_site=AMELI
1180837;BOUTON DE GASTROSTOMIE, PROLONGATEUR ADAPTABLE, RENOUVELLEMENT,HOMESET;http://www.codage.ext.cnamts.fr/cgi/tips/cgi-fiche?p_code_tips=1180837&p_date_jo_arrete=%25&p_menu=FICHE&p_site=AMELI
1181050;URO-GENITAL, ELECTROSTIMULATEUR NEUROMUSCULAIRE, ACHAT,VERITY MEDICAL;http://www.codage.ext.cnamts.fr/cgi/tips/cgi-fiche?p_code_tips=1181050&p_date_jo_arrete=%25&p_menu=FICHE&p_site=AMELI
1181529;GILET DE SERIE CONTENTION ET IMMOBILISATION SCAPULO-HUMERALE,PAVIS;http://www.codage.ext.cnamts.fr/cgi/tips/cgi-fiche?p_code_tips=1181529&p_date_jo_arrete=%25&p_menu=FICHE&p_site=AMELI
1181989;ACCESSOIRES, PATE PROTECTION PERISTOMIALE, TUBE OU BARRETTES 60G,B.BRAUN MEDICAL;http://www.codage.ext.cnamts.fr/cgi/tips/cgi-fiche?p_code_tips=1181989&p_date_jo_arrete=%25&p_menu=FICHE&p_site=AMELI
1182842;ACCESSOIRES, PATE PROTECTION PERISTOMIALE, TUBE OU BARRETTES 60G,COLOPLAST;http://www.codage.ext.cnamts.fr/cgi/tips/cgi-fiche?p_code_tips=1182842&p_date_jo_arrete=%25&p_menu=FICHE&p_site=AMELI
1183126;DISPOSITIF STERILE DE RECUEIL DES SAIGNEES ET ACCESSOIRES,MACO PHARMA;http://www.codage.ext.cnamts.fr/cgi/tips/cgi-fiche?p_code_tips=1183126&p_date_jo_arrete=%25&p_menu=FICHE&p_site=AMELI
1183267;PROTECTION TRACHEALE POUR LARYNGECTOMISES AVEC COL OFFICIER,ATOS MED;http://www.codage.ext.cnamts.fr/cgi/tips/cgi-fiche?p_code_tips=1183267&p_date_jo_arrete=%25&p_menu=FICHE&p_site=AMELI
1183468;NEUROSTIMULATION ELECTRIQUE TRANSCUTANEE, ELECTRODES SOUPLES,SUBLIMED;http://www.codage.ext.cnamts.fr/cgi/tips/cgi-fiche?p_code_tips=1183468&p_date_jo_arrete=%25&p_menu=FICHE&p_site=AMELI
1185042;COLOSTOMIE, SET POUR IRRIGATION COLIQUE,COLOPLAST;http://www.codage.ext.cnamts.fr/cgi/tips/cgi-fiche?p_code_tips=1185042&p_date_jo_arrete=%25&p_menu=FICHE&p_site=AMELI
1185119;AUTOCONTROLE, 200 LANCETTES POUR AUTOPIQUEUR NON REUTILIS STERI,GROUPE SNM;http://www.codage.ext.cnamts.fr/cgi/tips/cgi-fiche?p_code_tips=1185119&p_date_jo_arrete=%25&p_menu=FICHE&p_site=AMELI
1185214;ACCESSOIRES, PATE PROTECTION PERISTOMIALE, TUBE OU BARRETTES 60G,COLOPLAST;http://www.codage.ext.cnamts.fr/cgi/tips/cgi-fiche?p_code_tips=1185214&p_date_jo_arrete=%25&p_menu=FICHE&p_site=AMELI
1185266;CHAMBRE D'INHALATION, RESPIRATOIRE, VALVE DE RECHANGE,GSK;http://www.codage.ext.cnamts.fr/cgi/tips/cgi-fiche?p_code_tips=1185266&p_date_jo_arrete=%25&p_menu=FICHE&p_site=AMELI
1186202;SONDAGE PERMANENT, SONDE VESIC. STERILE BALLONNET, 2 VOIES, PEDIATRIQUE.;http://www.codage.ext.cnamts.fr/cgi/tips/cgi-fiche?p_code_tips=1186202&p_date_jo_arrete=%25&p_menu=FICHE&p_site=AMELI
1186254;ACCESSOIRES, PATE PROTECTION PERISTOMIALE, TUBE OU BARRETTES 60G,EAKIN;http://www.codage.ext.cnamts.fr/cgi/tips/cgi-fiche?p_code_tips=1186254&p_date_jo_arrete=%25&p_menu=FICHE&p_site=AMELI
1186722;ACCESSOIRES, PATE PROTECTION PERISTOMIALE, TUBE OU BARRETTES 60G,B.BRAUN MEDICAL;http://www.codage.ext.cnamts.fr/cgi/tips/cgi-fiche?p_code_tips=1186722&p_date_jo_arrete=%25&p_menu=FICHE&p_site=AMELI
1186774;AUTOCONTROLE, 200 LANCETTES POUR AUTOPIQUEUR NON REUTILIS STERI,DINNO SANTE;http://www.codage.ext.cnamts.fr/cgi/tips/cgi-fiche?p_code_tips=1186774&p_date_jo_arrete=%25&p_menu=FICHE&p_site=AMELI
1187147;GILET DE SERIE CONTENTION ET IMMOBILISATION SCAPULO-HUMERALE,DJO FRANCE;http://www.codage.ext.cnamts.fr/cgi/tips/cgi-fiche?p_code_tips=1187147&p_date_jo_arrete=%25&p_menu=FICHE&p_site=AMELI
1187408;AUTOCONTROLE , 200 BANDELETTES, CAPTEURS OU ELECTRODES,ABBOTT FRANCE;http://www.codage.ext.cnamts.fr/cgi/tips/cgi-fiche?p_code_tips=1187408&p_date_jo_arrete=%25&p_menu=FICHE&p_site=AMELI
1187472;PERFUSION, INSULINE, MEDTRUM, TOUCHCARE, MISE A DISPO DU PDM, POMPE-PRESTA JOUR.;http://www.codage.ext.cnamts.fr/cgi/tips/cgi-fiche?p_code_tips=1187472&p_date_jo_arrete=%25&p_menu=FICHE&p_site=AMELI
1188000;NUT. ORALE, HYDROLYSAT PROT, ENFANT, PDR, 15 RATIONS 200 ML,MEAD JOHNSON;http://www.codage.ext.cnamts.fr/cgi/tips/cgi-fiche?p_code_tips=1188000&p_date_jo_arrete=%25&p_menu=FICHE&p_site=AMELI
1188224;NEUROSTIMULATION ELECTRIQUE TRANSCUTANEE, ELECTRODES SOUPLES,SCHWA MEDICO;http://www.codage.ext.cnamts.fr/cgi/tips/cgi-fiche?p_code_tips=1188224&p_date_jo_arrete=%25&p_menu=FICHE&p_site=AMELI
1188684;AUTOCONTROLE DU GLUCOSE INTERSTITIEL, FORFAIT MENSUEL,DEXCOM, DEXCOM G4 PLATINUM;http://www.codage.ext.cnamts.fr/cgi/tips/cgi-fiche?p_code_tips=1188684&p_date_jo_arrete=%25&p_menu=FICHE&p_site=AMELI
1189270;GILET DE SERIE CONTENTION ET IMMOBILISATION SCAPULO-HUMERALE,CAMP SCANDINAV;http://www.codage.ext.cnamts.fr/cgi/tips/cgi-fiche?p_code_tips=1189270&p_date_jo_arrete=%25&p_menu=FICHE&p_site=AMELI
1189815;SOLUTE DE REHYDRATATION ORALE, LE CONDITIONNEMENT,NUTRICIA;http://www.codage.ext.cnamts.fr/cgi/tips/cgi-fiche?p_code_tips=1189815&p_date_jo_arrete=%25&p_menu=FICHE&p_site=AMELI
1189896;GILET DE SERIE CONTENTION ET IMMOBILISATION SCAPULO-HUMERALE,PAVIS;http://www.codage.ext.cnamts.fr/cgi/tips/cgi-fiche?p_code_tips=1189896&p_date_jo_arrete=%25&p_menu=FICHE&p_site=AMELI
1190020;NUT. ENTERALE, ADULTE, MEL POLY NORMOPROT. NORMOENERG, 1 000 ML,NESTLE;http://www.codage.ext.cnamts.fr/cgi/tips/cgi-fiche?p_code_tips=1190020&p_date_jo_arrete=%25&p_menu=FICHE&p_site=AMELI
1190132;DISPOSITIF STERILE DE RECUEIL DES SAIGNEES ET ACCESSOIRES,MACO PHARMA;http://www.codage.ext.cnamts.fr/cgi/tips/cgi-fiche?p_code_tips=1190132&p_date_jo_arrete=%25&p_menu=FICHE&p_site=AMELI
1190557;GILET DE SERIE CONTENTION ET IMMOBILISATION SCAPULO-HUMERALE,WINNCARE FRANCE;http://www.codage.ext.cnamts.fr/cgi/tips/cgi-fiche?p_code_tips=1190557&p_date_jo_arrete=%25&p_menu=FICHE&p_site=AMELI
1191002;NUT. ENTERALE, ADULTE, MEL POLY NORMOPROT. HYPERENERG, 1 500 ML,NUTRICIA;http://www.codage.ext.cnamts.fr/cgi/tips/cgi-fiche?p_code_tips=1191002&p_date_jo_arrete=%25&p_menu=FICHE&p_site=AMELI
1191858;TIRE-LAIT, ACHAT KIT TETERELLE, BIBERON, TUBE DE RACCORDEMENT.,FR ALLAITEMENT;http://www.codage.ext.cnamts.fr/cgi/tips/cgi-fiche?p_code_tips=1191858&p_date_jo_arrete=%25&p_menu=FICHE&p_site=AMELI
1192007;NUT. ENTERALE, ADULTE, MEL POLY HYPERPROT. HYPERENERG, 1000 ML,FRESENIUS KABI;http://www.codage.ext.cnamts.fr/cgi/tips/cgi-fiche?p_code_tips=1192007&p_date_jo_arrete=%25&p_menu=FICHE&p_site=AMELI
1192220;ALIMENT SANS GLUTEN, FARINE, 500 G,NUTRITION-SANTE;http://www.codage.ext.cnamts.fr/cgi/tips/cgi-fiche?p_code_tips=1192220&p_date_jo_arrete=%25&p_menu=FICHE&p_site=AMELI
1192533;GILET DE SERIE CONTENTION ET IMMOBILISATION SCAPULO-HUMERALE,CIMATEL;http://www.codage.ext.cnamts.fr/cgi/tips/cgi-fiche?p_code_tips=1192533&p_date_jo_arrete=%25&p_menu=FICHE&p_site=AMELI
1192869;GILET DE SERIE CONTENTION ET IMMOBILISATION SCAPULO-HUMERALE,COOP PHARMA FR;http://www.codage.ext.cnamts.fr/cgi/tips/cgi-fiche?p_code_tips=1192869&p_date_jo_arrete=%25&p_menu=FICHE&p_site=AMELI
1192875;BOUTON DE GASTROSTOMIE, PROLONGATEUR ADAPTABLE, RENOUVELLEMENT,PANSCARE;http://www.codage.ext.cnamts.fr/cgi/tips/cgi-fiche?p_code_tips=1192875&p_date_jo_arrete=%25&p_menu=FICHE&p_site=AMELI
1193610;ACCESSOIRES, PATE PROTECTION PERISTOMIALE, TUBE OU BARRETTES 60G,B.BRAUN MEDICAL;http://www.codage.ext.cnamts.fr/cgi/tips/cgi-fiche?p_code_tips=1193610&p_date_jo_arrete=%25&p_menu=FICHE&p_site=AMELI
1193780;AUTOCONTROLE, 200 LANCETTES POUR AUTOPIQUEUR NON REUTILIS STERI,OWEN MUMFORD;http://www.codage.ext.cnamts.fr/cgi/tips/cgi-fiche?p_code_tips=1193780&p_date_jo_arrete=%25&p_menu=FICHE&p_site=AMELI
1193998;GILET DE SERIE CONTENTION ET IMMOBILISATION SCAPULO-HUMERALE,ORTHOMEDICA;http://www.codage.ext.cnamts.fr/cgi/tips/cgi-fiche?p_code_tips=1193998&p_date_jo_arrete=%25&p_menu=FICHE&p_site=AMELI
1195098;ACCESSOIRES, PATE PROTECTION PERISTOMIALE, TUBE OU BARRETTES 60G,COLOPLAST;http://www.codage.ext.cnamts.fr/cgi/tips/cgi-fiche?p_code_tips=1195098&p_date_jo_arrete=%25&p_menu=FICHE&p_site=AMELI
1195537;TENS, ACHAT DE L APPAREIL FOURNI AVEC DEUX CABLES,BLUETENS FRANCE;http://www.codage.ext.cnamts.fr/cgi/tips/cgi-fiche?p_code_tips=1195537&p_date_jo_arrete=%25&p_menu=FICHE&p_site=AMELI
1195796;NEUROSTIMULATION ELECTRIQUE TRANSCUTANEE, ELECTRODES SOUPLES,PERFORM HEALTH;http://www.codage.ext.cnamts.fr/cgi/tips/cgi-fiche?p_code_tips=1195796&p_date_jo_arrete=%25&p_menu=FICHE&p_site=AMELI
1195862;GILET DE SERIE CONTENTION ET IMMOBILISATION SCAPULO-HUMERALE,ORTHO MORINIERE;http://www.codage.ext.cnamts.fr/cgi/tips/cgi-fiche?p_code_tips=1195862&p_date_jo_arrete=%25&p_menu=FICHE&p_site=AMELI
1196270;PERFUSION, SYSTEME ACTIF, CATHETER ET CONSOMMABLES ASSOCIES POUR POMPE, INSULINE;http://www.codage.ext.cnamts.fr/cgi/tips/cgi-fiche?p_code_tips=1196270&p_date_jo_arrete=%25&p_menu=FICHE&p_site=AMELI
1197080;NEUROSTIMULATION ELECTRIQUE TRANSCUTANEE, ELECTRODES SOUPLES,FLOWSTIM TECHNO;http://www.codage.ext.cnamts.fr/cgi/tips/cgi-fiche?p_code_tips=1197080&p_date_jo_arrete=%25&p_menu=FICHE&p_site=AMELI
1197281;ACCESSOIRES, POUDRE ABSORBANTE MINIMUM 25G,LABO CONVATEC;http://www.codage.ext.cnamts.fr/cgi/tips/cgi-fiche?p_code_tips=1197281&p_date_jo_arrete=%25&p_menu=FICHE&p_site=AMELI
1198033;PERFUSION,SYSTEME ACTIF,ACCESSOIRES USAGE UNIQUE POMPE AMBULATOIRE,HORS INSULINE;http://www.codage.ext.cnamts.fr/cgi/tips/cgi-fiche?p_code_tips=1198033&p_date_jo_arrete=%25&p_menu=FICHE&p_site=AMELI
1198085;SOLUTE DE REHYDRATATION ORALE, LE CONDITIONNEMENT,ALTERRA;http://www.codage.ext.cnamts.fr/cgi/tips/cgi-fiche?p_code_tips=1198085&p_date_jo_arrete=%25&p_menu=FICHE&p_site=AMELI
1198240;DRAINAGE, SONDE VESICALE A BALLONNET, 2 VOIES,;http://www.codage.ext.cnamts.fr/cgi/tips/cgi-fiche?p_code_tips=1198240&p_date_jo_arrete=%25&p_menu=FICHE&p_site=AMELI
1198926;DRAINAGE, SONDE VESICALE A BALLONNET, A 3 VOIES.,BARD FRANCE SAS;http://www.codage.ext.cnamts.fr/cgi/tips/cgi-fiche?p_code_tips=1198926&p_date_jo_arrete=%25&p_menu=FICHE&p_site=AMELI
1199297;SOLUTION A USAGE OPHT., ALCON, SYSTANE ULTRA, FLACON MULTIDOSE 10 ML, SANS CONS.;http://www.codage.ext.cnamts.fr/cgi/tips/cgi-fiche?p_code_tips=1199297&p_date_jo_arrete=%25&p_menu=FICHE&p_site=AMELI
1199506;NUT,ENT,AD,SE-EL,HYPERPRO,HYPERE,NUTRICIA,NUTRISON PEPTISORB PLUS HEHP,500ML,B12;http://www.codage.ext.cnamts.fr/cgi/tips/cgi-fiche?p_code_tips=1199506&p_date_jo_arrete=%25&p_menu=FICHE&p_site=AMELI
1199535;GILET DE SERIE CONTENTION ET IMMOBILISATION SCAPULO-HUMERALE,SIMP ORTHO SOL;http://www.codage.ext.cnamts.fr/cgi/tips/cgi-fiche?p_code_tips=1199535&p_date_jo_arrete=%25&p_menu=FICHE&p_site=AMELI
1199558;NEUROSTIM ELEC TRANS,EXPANSCIENCE,VITALITENS,ELECTRODES SOUPLES AUTOCOLLANTES L4;http://www.codage.ext.cnamts.fr/cgi/tips/cgi-fiche?p_code_tips=1199558&p_date_jo_arrete=%25&p_menu=FICHE&p_site=AMELI
1199788;NUT. ENTERALE, MEL POLY HP. HE., UN AN A 3 ANS, 500 ML,NUTRICIA;http://www.codage.ext.cnamts.fr/cgi/tips/cgi-fiche?p_code_tips=1199788&p_date_jo_arrete=%25&p_menu=FICHE&p_site=AMELI
1200764;SIEGE DE SERIE, SIEGE MODUL EVOLUTIF, TOUT MODELE ET ADJONCTIONS,DGK MEDICAL;http://www.codage.ext.cnamts.fr/cgi/tips/cgi-fiche?p_code_tips=1200764&p_date_jo_arrete=%25&p_menu=FICHE&p_site=AMELI
1201114;SIEGE DE SERIE, SIEGE MODUL EVOLUTIF, TOUT MODELE ET ADJONCTIONS,NEW LIVE MOBIL;http://www.codage.ext.cnamts.fr/cgi/tips/cgi-fiche?p_code_tips=1201114&p_date_jo_arrete=%25&p_menu=FICHE&p_site=AMELI
1201700;ESCARRES, SURMATELAS AIR MOTORISE, WINNCARE, AXTAIR ONE, FORFAIT LOCATION HEBDO;http://www.codage.ext.cnamts.fr/cgi/tips/cgi-fiche?p_code_tips=1201700&p_date_jo_arrete=%25&p_menu=FICHE&p_site=AMELI
1202266;OBJET CONTRACEPTIF, STERILET AVEC INSERTEUR, MULTILAN, CU 250 STANDARD;http://www.codage.ext.cnamts.fr/cgi/tips/cgi-fiche?p_code_tips=1202266&p_date_jo_arrete=%25&p_menu=FICHE&p_site=AMELI
1202674;SIEGE DE SERIE, SIEGE MODULABLE ET EVOLUTIF, TABLETTE AMOVIBLE.,DRIVE DEVILBISS;http://www.codage.ext.cnamts.fr/cgi/tips/cgi-fiche?p_code_tips=1202674&p_date_jo_arrete=%25&p_menu=FICHE&p_site=AMELI
1203248;SIEGE DE SERIE, SIEGE MODUL EVOLUTIF, PIED SUPPORT TELESCOPIQUE.,TM LE CONFORT;http://www.codage.ext.cnamts.fr/cgi/tips/cgi-fiche?p_code_tips=1203248&p_date_jo_arrete=%25&p_menu=FICHE&p_site=AMELI
1203633;SIEGE DE SERIE, SIEGE MODUL EVOLUTIF, TOUT MODELE ET ADJONCTIONS,LIFE MOBILITY;http://www.codage.ext.cnamts.fr/cgi/tips/cgi-fiche?p_code_tips=1203633&p_date_jo_arrete=%25&p_menu=FICHE&p_site=AMELI
1204035;SUPPORT BRAS DYNAMIQUE A ASSIST. ELEC., CREE, GOWING2, PRESTATION INITIALE;http://www.codage.ext.cnamts.fr/cgi/tips/cgi-fiche?p_code_tips=1204035&p_date_jo_arrete=%25&p_menu=FICHE&p_site=AMELI
1204220;APPAREIL DE SOUTIEN PARTIEL DE LA TETE;http://www.codage.ext.cnamts.fr/cgi/tips/cgi-fiche?p_code_tips=1204220&p_date_jo_arrete=%25&p_menu=FICHE&p_site=AMELI
1205477;SIEGE DE SERIE, SIEGE MODULABLE ET EVOLUTIF, TABLETTE AMOVIBLE.,TARTA DESIGN;http://www.codage.ext.cnamts.fr/cgi/tips/cgi-fiche?p_code_tips=1205477&p_date_jo_arrete=%25&p_menu=FICHE&p_site=AMELI
1206880;SIEGE DE SERIE, SIEGE MODUL EVOLUTIF, TOUT MODELE ET ADJONCTIONS,DPZ SERVICES;http://www.codage.ext.cnamts.fr/cgi/tips/cgi-fiche?p_code_tips=1206880&p_date_jo_arrete=%25&p_menu=FICHE&p_site=AMELI
1207453;CANNE BLANCHE POUR AVEUGLE, PLIABLE OU NON, A L'ACHAT,CANNES FAYET SE;http://www.codage.ext.cnamts.fr/cgi/tips/cgi-fiche?p_code_tips=1207453&p_date_jo_arrete=%25&p_menu=FICHE&p_site=AMELI
1207507;APPAREIL MODULAIRE DE VERTICALISATION, JEU DE ROULETTES, ACHAT,SCALEO MEDICAL;http://www.codage.ext.cnamts.fr/cgi/tips/cgi-fiche?p_code_tips=1207507&p_date_jo_arrete=%25&p_menu=FICHE&p_site=AMELI
1211383;ESCARRES, ACC, COUSSIN DECHARGE DU TALON, COUDES OU GENOUX,SYST ASSIST MED;http://www.codage.ext.cnamts.fr/cgi/tips/cgi-fiche?p_code_tips=1211383&p_date_jo_arrete=%25&p_menu=FICHE&p_site=AMELI
1211489;APPAREIL MODULAIRE DE VERTICALISATION, APPUI FRONTAL, ACHAT,AMYMAT;http://www.codage.ext.cnamts.fr/cgi/tips/cgi-fiche?p_code_tips=1211489&p_date_jo_arrete=%25&p_menu=FICHE&p_site=AMELI
1213896;ESCARRES, COUSSIN EN MOUSSE VISCOELASTIQUE, CLASSE II, PHARMA OUEST, PHARMA FORM;http://www.codage.ext.cnamts.fr/cgi/tips/cgi-fiche?p_code_tips=1213896&p_date_jo_arrete=%25&p_menu=FICHE&p_site=AMELI
1215636;SIEGE DE SERIE, SIEGE MODUL EVOLUTIF, TOUT MODELE ET ADJONCTIONS,ALU REHAB APS;http://www.codage.ext.cnamts.fr/cgi/tips/cgi-fiche?p_code_tips=1215636&p_date_jo_arrete=%25&p_menu=FICHE&p_site=AMELI
1215702;SIEGE DE SERIE, SIEGE MODULABLE ET EVOLUTIF, PIED SUPPORT TELESCOPIQUE.;http://www.codage.ext.cnamts.fr/cgi/tips/cgi-fiche?p_code_tips=1215702&p_date_jo_arrete=%25&p_menu=FICHE&p_site=AMELI
1216481;SIEGE DE SERIE, SIEGE MODULABLE ET EVOLUTIF, TABLETTE AMOVIBLE.,SCHUCHMANN;http://www.codage.ext.cnamts.fr/cgi/tips/cgi-fiche?p_code_tips=1216481&p_date_jo_arrete=%25&p_menu=FICHE&p_site=AMELI
1217374;LIT MEDICAL, ACCESSOIRES, ACHAT DE DEUX BARRIERES SUR JUSTIFICATION MEDICALE;http://www.codage.ext.cnamts.fr/cgi/tips/cgi-fiche?p_code_tips=1217374&p_date_jo_arrete=%25&p_menu=FICHE&p_site=AMELI
1220293;APPAREIL DE REEDUCATION PAR POULIE-THERAPIE, LOCATION HEBDOMADAIRE D'UN ENSEMBLE;http://www.codage.ext.cnamts.fr/cgi/tips/cgi-fiche?p_code_tips=1220293&p_date_jo_arrete=%25&p_menu=FICHE&p_site=AMELI
1220471;APPAREIL MODULAIRE DE VERTICALISATION, MODELE ENFANT ET ADULTE,TM LE CONFORT;http://www.codage.ext.cnamts.fr/cgi/tips/cgi-fiche?p_code_tips=1220471&p_date_jo_arrete=%25&p_menu=FICHE&p_site=AMELI
1221855;ESCARRES, ACC, COUSSIN DECHARGE DU TALON, COUDES OU GENOUX,WINNCARE FRANCE;http://www.codage.ext.cnamts.fr/cgi/tips/cgi-fiche?p_code_tips=1221855&p_date_jo_arrete=%25&p_menu=FICHE&p_site=AMELI
1225675;APPAREIL MODULAIRE DE VERTICALISATION, JEU DE ROULETTES, ACHAT,PERFORM HEALTH;http://www.codage.ext.cnamts.fr/cgi/tips/cgi-fiche?p_code_tips=1225675&p_date_jo_arrete=%25&p_menu=FICHE&p_site=AMELI
1227332;APPAREIL DE SOUTIEN PARTIEL DE LA TETE;http://www.codage.ext.cnamts.fr/cgi/tips/cgi-fiche?p_code_tips=1227332&p_date_jo_arrete=%25&p_menu=FICHE&p_site=AMELI
1228857;LIT MEDICAL, LIT STANDARD OU ENFANT, FORFAIT DE LIVRAISON DU LIT ET ACCESSOIRES;http://www.codage.ext.cnamts.fr/cgi/tips/cgi-fiche?p_code_tips=1228857&p_date_jo_arrete=%25&p_menu=FICHE&p_site=AMELI
1230972;ESCARRES, COUSSIN EN MOUSSE VISCOELASTIQUE, CLASSE II, PHARMA OUEST, PRIMA FORM;http://www.codage.ext.cnamts.fr/cgi/tips/cgi-fiche?p_code_tips=1230972&p_date_jo_arrete=%25&p_menu=FICHE&p_site=AMELI
1235662;SIEGE DE SERIE, SIEGE MODUL EVOLUTIF, TOUT MODELE ET ADJONCTIONS,TM LE CONFORT;http://www.codage.ext.cnamts.fr/cgi/tips/cgi-fiche?p_code_tips=1235662&p_date_jo_arrete=%25&p_menu=FICHE&p_site=AMELI
1237253;CANNE BLANCHE POUR AVEUGLE, PLIABLE OU NON, A L'ACHAT,CECIAA;http://www.codage.ext.cnamts.fr/cgi/tips/cgi-fiche?p_code_tips=1237253&p_date_jo_arrete=%25&p_menu=FICHE&p_site=AMELI
1238152;APPAREIL MODULAIRE DE VERTICALISATION, MODELE ENFANT ET ADULTE,TM LE CONFORT;http://www.codage.ext.cnamts.fr/cgi/tips/cgi-fiche?p_code_tips=1238152&p_date_jo_arrete=%25&p_menu=FICHE&p_site=AMELI
1240054;SIEGE DE SERIE, SIEGE MODUL EVOLUTIF, PIED SUPPORT TELESCOPIQUE.,SCHUCHMANN;http://www.codage.ext.cnamts.fr/cgi/tips/cgi-fiche?p_code_tips=1240054&p_date_jo_arrete=%25&p_menu=FICHE&p_site=AMELI
1241651;APPAREIL MODULAIRE DE VERTICALISATION, MODELE ENFANT ET ADULTE,SCALEO MEDICAL;http://www.codage.ext.cnamts.fr/cgi/tips/cgi-fiche?p_code_tips=1241651&p_date_jo_arrete=%25&p_menu=FICHE&p_site=AMELI
1243302;APPAREIL MODULAIRE DE VERTICALISATION, MODELE ENFANT ET ADULTE,FRANCE REHAB;http://www.codage.ext.cnamts.fr/cgi/tips/cgi-fiche?p_code_tips=1243302&p_date_jo_arrete=%25&p_menu=FICHE&p_site=AMELI
1243510;ESCARRES, SURMATELAS AIR MOTORISE, WINNCARE, AXTAIR ONE, FORFAIT LOCATION HEBDO;http://www.codage.ext.cnamts.fr/cgi/tips/cgi-fiche?p_code_tips=1243510&p_date_jo_arrete=%25&p_menu=FICHE&p_site=AMELI
1245407;APPAREIL MODULAIRE DE VERTICALISATION, MODELE ENFANT ET ADULTE,PERFORM HEALTH;http://www.codage.ext.cnamts.fr/cgi/tips/cgi-fiche?p_code_tips=1245407&p_date_jo_arrete=%25&p_menu=FICHE&p_site=AMELI
1247665;ESCARRES, COUSSIN EN MOUSSE VISCOELASTIQUE, CLASSE II, PHARMA OUEST, PRIMA FORM;http://www.codage.ext.cnamts.fr/cgi/tips/cgi-fiche?p_code_tips=1247665&p_date_jo_arrete=%25&p_menu=FICHE&p_site=AMELI
1249374;LIT MEDICAL, ACHAT LIT ET ACCESSOIRES HORS BARRIERES, HOME MEDICAL, FORTISSIMO;http://www.codage.ext.cnamts.fr/cgi/tips/cgi-fiche?p_code_tips=1249374&p_date_jo_arrete=%25&p_menu=FICHE&p_site=AMELI
1249523;A04.28;http://www.codage.ext.cnamts.fr/cgi/tips/cgi-fiche?p_code_tips=1249523&p_date_jo_arrete=%25&p_menu=FICHE&p_site=AMELI
1251460;A04.32;http://www.codage.ext.cnamts.fr/cgi/tips/cgi-fiche?p_code_tips=1251460&p_date_jo_arrete=%25&p_menu=FICHE&p_site=AMELI
1251840;LIT MEDICAL, FORFAIT DE LIVRAISON DU LIT AVEC OU SANS ACCESSOIRES;http://www.codage.ext.cnamts.fr/cgi/tips/cgi-fiche?p_code_tips=1251840&p_date_jo_arrete=%25&p_menu=FICHE&p_site=AMELI
1252206;ESCARRES,SURMATELAS AIR MOTORISE,WINNCARE,AXTAIR ONE PLUS,FORFAIT LOCATION HEBDO;http://www.codage.ext.cnamts.fr/cgi/tips/cgi-fiche?p_code_tips=1252206&p_date_jo_arrete=%25&p_menu=FICHE&p_site=AMELI
1252815;A04.21;http://www.codage.ext.cnamts.fr/cgi/tips/cgi-fiche?p_code_tips=1252815&p_date_jo_arrete=%25&p_menu=FICHE&p_site=AMELI
1254895;SIEGE DE SERIE, SIEGE MODUL EVOLUTIF, PIED SUPPORT TELESCOPIQUE.,SUNRISE MED;http://www.codage.ext.cnamts.fr/cgi/tips/cgi-fiche?p_code_tips=1254895&p_date_jo_arrete=%25&p_menu=FICHE&p_site=AMELI
1261725;A04.32;http://www.codage.ext.cnamts.fr/cgi/tips/cgi-fiche?p_code_tips=1261725&p_date_jo_arrete=%25&p_menu=FICHE&p_site=AMELI
1261872;APPAREIL MODULAIRE DE VERTICALISATION, MODELE ENFANT ET ADULTE,IDENTITES 49;http://www.codage.ext.cnamts.fr/cgi/tips/cgi-fiche?p_code_tips=1261872&p_date_jo_arrete=%25&p_menu=FICHE&p_site=AMELI
1264764;SIEGE DE SERIE, SIEGE MODULABLE ET EVOLUTIF, TOUT MODELE ET ADJONCTIONS.;http://www.codage.ext.cnamts.fr/cgi/tips/cgi-fiche?p_code_tips=1264764&p_date_jo_arrete=%25&p_menu=FICHE&p_site=AMELI
1265166;C08.11;http://www.codage.ext.cnamts.fr/cgi/tips/cgi-fiche?p_code_tips=1265166&p_date_jo_arrete=%25&p_menu=FICHE&p_site=AMELI
1265410;ESCARRES,COUSSIN MOUSSE VISCOELASTIQUE,CLASSE II,CARPENTER,CARPENTER VISCOLUX;http://www.codage.ext.cnamts.fr/cgi/tips/cgi-fiche?p_code_tips=1265410&p_date_jo_arrete=%25&p_menu=FICHE&p_site=AMELI
1266846;APPAREIL MODULAIRE DE VERTICALISATION, JEU DE ROULETTES, ACHAT,DRIVE DEVILBISS;http://www.codage.ext.cnamts.fr/cgi/tips/cgi-fiche?p_code_tips=1266846&p_date_jo_arrete=%25&p_menu=FICHE&p_site=AMELI
1269224;ESCARRES SURMATELAS, SUPPORT DE PLUS DE 5 CM POUR SURMATELAS,SYST ASSIST MED;http://www.codage.ext.cnamts.fr/cgi/tips/cgi-fiche?p_code_tips=1269224&p_date_jo_arrete=%25&p_menu=FICHE&p_site=AMELI
1269336;SIEGE DE SERIE, SIEGE MODUL EVOLUTIF, TOUT MODELE ET ADJONCTIONS,PRIDE MOBILITY;http://www.codage.ext.cnamts.fr/cgi/tips/cgi-fiche?p_code_tips=1269336&p_date_jo_arrete=%25&p_menu=FICHE&p_site=AMELI
1270463;SIEGE DE SERIE, SIEGE MODUL EVOLUTIF, TOUT MODELE ET ADJONCTIONS,ERGOCONCEPT;http://www.codage.ext.cnamts.fr/cgi/tips/cgi-fiche?p_code_tips=1270463&p_date_jo_arrete=%25&p_menu=FICHE&p_site=AMELI
1273415;A04.21;http://www.codage.ext.cnamts.fr/cgi/tips/cgi-fiche?p_code_tips=1273415&p_date_jo_arrete=%25&p_menu=FICHE&p_site=AMELI
1273875;A04.23;http://www.codage.ext.cnamts.fr/cgi/tips/cgi-fiche?p_code_tips=1273875&p_date_jo_arrete=%25&p_menu=FICHE&p_site=AMELI
1277057;SIEGE DE SERIE, SIEGE MODUL EVOLUTIF, TOUT MODELE ET ADJONCTIONS,TARTA DESIGN;http://www.codage.ext.cnamts.fr/cgi/tips/cgi-fiche?p_code_tips=1277057&p_date_jo_arrete=%25&p_menu=FICHE&p_site=AMELI
1277749;LIT MEDICAL, LIT STANDARD OU ENFANT, FORFAIT DE LIVRAISON DU LIT ET ACCESSOIRES;http://www.codage.ext.cnamts.fr/cgi/tips/cgi-fiche?p_code_tips=1277749&p_date_jo_arrete=%25&p_menu=FICHE&p_site=AMELI
1278571;APPAREIL MODULAIRE DE VERTICALISATION, MODELE ENFANT ET ADULTE,WINNCARE FRANCE;http://www.codage.ext.cnamts.fr/cgi/tips/cgi-fiche?p_code_tips=1278571&p_date_jo_arrete=%25&p_menu=FICHE&p_site=AMELI
1279027;SIEGE DE SERIE, SIEGE MODUL EVOLUTIF, PIED SUPPORT TELESCOPIQUE.,SUNRISE MED;http://www.codage.ext.cnamts.fr/cgi/tips/cgi-fiche?p_code_tips=1279027&p_date_jo_arrete=%25&p_menu=FICHE&p_site=AMELI
1280533;APPAREIL MODULAIRE DE VERTICALISATION, MODELE ENFANT ET ADULTE,DRIVE DEVILBISS;http://www.codage.ext.cnamts.fr/cgi/tips/cgi-fiche?p_code_tips=1280533&p_date_jo_arrete=%25&p_menu=FICHE&p_site=AMELI
1280562;LIT, COMPRESSEUR POUR SURMATELAS PNEUMATIQUE, FORFAIT DE LIVRAISON;http://www.codage.ext.cnamts.fr/cgi/tips/cgi-fiche?p_code_tips=1280562&p_date_jo_arrete=%25&p_menu=FICHE&p_site=AMELI
1281202;COUTEAU, COUTEAU-FOURCHETTE, PLIANTS AVEC ETUI,DRIVE DEVILBISS;http://www.codage.ext.cnamts.fr/cgi/tips/cgi-fiche?p_code_tips=1281202&p_date_jo_arrete=%25&p_menu=FICHE&p_site=AMELI
1281372;APPAREIL MODULAIRE DE VERTICALISATION, JEU DE ROULETTES, ACHAT,FRANCE REHAB;http://www.codage.ext.cnamts.fr/cgi/tips/cgi-fiche?p_code_tips=1281372&p_date_jo_arrete=%25&p_menu=FICHE&p_site=AMELI
1283365;ESCARRES MATELAS EN MOUSSE VISCOELASTIQUE, CLASSE II, WINNCARE, VITAFORM;http://www.codage.ext.cnamts.fr/cgi/tips/cgi-fiche?p_code_tips=1283365&p_date_jo_arrete=%25&p_menu=FICHE&p_site=AMELI
1283537;C08.11;http://www.codage.ext.cnamts.fr/cgi/tips/cgi-fiche?p_code_tips=1283537&p_date_jo_arrete=%25&p_menu=FICHE&p_site=AMELI
1283684;PROTHESE CAPILLAIRE TOTALE - CLASSE IV,COMPLEMENT HAIR;http://www.codage.ext.cnamts.fr/cgi/tips/cgi-fiche?p_code_tips=1283684&p_date_jo_arrete=%25&p_menu=FICHE&p_site=AMELI
1285619;CANNE TRIPODE OU QUADRIPODE REGLABLE EN HAUTEUR, A L'ACHAT,DRIVE DEVILBISS;http://www.codage.ext.cnamts.fr/cgi/tips/cgi-fiche?p_code_tips=1285619&p_date_jo_arrete=%25&p_menu=FICHE&p_site=AMELI
1286955;A04.28;http://www.codage.ext.cnamts.fr/cgi/tips/cgi-fiche?p_code_tips=1286955&p_date_jo_arrete=%25&p_menu=FICHE&p_site=AMELI
1286978;VPH, LCD, FORFAIT DE LOCATION HEBDOMADAIRE FMPR, 14 A 26 SEMAINES INCLUSES;http://www.codage.ext.cnamts.fr/cgi/tips/cgi-fiche?p_code_tips=1286978&p_date_jo_arrete=%25&p_menu=FICHE&p_site=AMELI
1289652;CANNE METALLIQUE REGLABLE, AVEC APPUI ANTEBRACHIAL OU POIGNET EN T, A L'ACHAT;http://www.codage.ext.cnamts.fr/cgi/tips/cgi-fiche?p_code_tips=1289652&p_date_jo_arrete=%25&p_menu=FICHE&p_site=AMELI
1290968;ESCARRES, COUSSIN PNEUMATIQUE, CLASSE II, SYST'AM, POLYAIR P302C;http://www.codage.ext.cnamts.fr/cgi/tips/cgi-fiche?p_code_tips=1290968&p_date_jo_arrete=%25&p_menu=FICHE&p_site=AMELI
1292424;SIEGE DE SERIE, SIEGE MODULABLE ET EVOLUTIF, TABLETTE AMOVIBLE.,TM LE CONFORT;http://www.codage.ext.cnamts.fr/cgi/tips/cgi-fiche?p_code_tips=1292424&p_date_jo_arrete=%25&p_menu=FICHE&p_site=AMELI
1296787;APPAREIL MODULAIRE DE VERTICALISATION, MODELE ENFANT ET ADULTE,ALTER ECO SANTE;http://www.codage.ext.cnamts.fr/cgi/tips/cgi-fiche?p_code_tips=1296787&p_date_jo_arrete=%25&p_menu=FICHE&p_site=AMELI
1296971;SIEGE DE SERIE, SIEGE MODUL EVOLUTIF, TOUT MODELE ET ADJONCTIONS,4POWER4;http://www.codage.ext.cnamts.fr/cgi/tips/cgi-fiche?p_code_tips=1296971&p_date_jo_arrete=%25&p_menu=FICHE&p_site=AMELI
1298119;ESCARRES MATELAS EN MOUSSE VISCOELASTIQUE, CLASSE II,INVACARE,SOFTFORM VISCOMIXT;http://www.codage.ext.cnamts.fr/cgi/tips/cgi-fiche?p_code_tips=1298119&p_date_jo_arrete=%25&p_menu=FICHE&p_site=AMELI
1300709;PANS., FIX., BANDE, EXTENSIBLE, 3 M A L'ETIRAGE, LARGEUR 7 CM.,HARTMANN;http://www.codage.ext.cnamts.fr/cgi/tips/cgi-fiche?p_code_tips=1300709&p_date_jo_arrete=%25&p_menu=FICHE&p_site=AMELI
1301117;POCHETTE DE SUTURE ADHESIVE STERILE, 3 BANDES, 7,5 CM x 0,6 CM.,IDC GROUP;http://www.codage.ext.cnamts.fr/cgi/tips/cgi-fiche?p_code_tips=1301117&p_date_jo_arrete=%25&p_menu=FICHE&p_site=AMELI
1301130;PANS., FIX., BANDE, EXTENSIBLE, 4 M A L'ETIRAGE, LARGEUR 15 CM.,URGO HEALTHCARE;http://www.codage.ext.cnamts.fr/cgi/tips/cgi-fiche?p_code_tips=1301130&p_date_jo_arrete=%25&p_menu=FICHE&p_site=AMELI
1301175;POCHETTE DE SUTURE ADHESIVE STERILE, 5 BANDES, 7,5 CM x 0,3 CM.,MYHOMECARE;http://www.codage.ext.cnamts.fr/cgi/tips/cgi-fiche?p_code_tips=1301175&p_date_jo_arrete=%25&p_menu=FICHE&p_site=AMELI
1301650;PANS., FIX., BANDE, EXTENS., AUTOADH, 4 M ETIRAGE ET LARG. 7 CM.,URGO HEALTHCARE;http://www.codage.ext.cnamts.fr/cgi/tips/cgi-fiche?p_code_tips=1301650&p_date_jo_arrete=%25&p_menu=FICHE&p_site=AMELI
1301850;PANS., FIX., BANDE, EXTENSIBLE, 4 M A L'ETIRAGE, LARGEUR 15 CM.,URGO HEALTHCARE;http://www.codage.ext.cnamts.fr/cgi/tips/cgi-fiche?p_code_tips=1301850&p_date_jo_arrete=%25&p_menu=FICHE&p_site=AMELI
1302298;POCHETTE DE SUTURE ADHESIVE STERILE, 5 BANDES, 7,5 CM x 0,3 CM.,SOINEO;http://www.codage.ext.cnamts.fr/cgi/tips/cgi-fiche?p_code_tips=1302298&p_date_jo_arrete=%25&p_menu=FICHE&p_site=AMELI
1303263;PANS., FIX., BANDE, EXTENS, AUTOADH, 4 M ETIRAGE ET LARG. 10 CM.,MARQUE VERTE;http://www.codage.ext.cnamts.fr/cgi/tips/cgi-fiche?p_code_tips=1303263&p_date_jo_arrete=%25&p_menu=FICHE&p_site=AMELI
1303470;RONDELLES OCULAIRES STERILES DE GAZE HYDROPHILE, BOITE DE 10,HARTMANN;http://www.codage.ext.cnamts.fr/cgi/tips/cgi-fiche?p_code_tips=1303470&p_date_jo_arrete=%25&p_menu=FICHE&p_site=AMELI
1303688;PANS., FIX., BANDE, EXTENSIBLE, 3 M A L ETIRAGE, LARGEUR 10 CM.,LABO TECHNO;http://www.codage.ext.cnamts.fr/cgi/tips/cgi-fiche?p_code_tips=1303688&p_date_jo_arrete=%25&p_menu=FICHE&p_site=AMELI
1304363;PANS., FIX., BANDE, EXTENSIBLE, 3 M A L'ETIRAGE, LARGEUR 10 CM.,TETRA MEDICAL;http://www.codage.ext.cnamts.fr/cgi/tips/cgi-fiche?p_code_tips=1304363&p_date_jo_arrete=%25&p_menu=FICHE&p_site=AMELI
1304498;PANS., FIX., BANDE, EXTENSIBLE, 4 M A LETIRAGE, LARGEUR 10 CM.,L2N TRADING;http://www.codage.ext.cnamts.fr/cgi/tips/cgi-fiche?p_code_tips=1304498&p_date_jo_arrete=%25&p_menu=FICHE&p_site=AMELI
1304742;PANS., FIX., BANDE, EXTENSIBLE, 4 M A LETIRAGE, LARGEUR 10 CM.,L2N TRADING;http://www.codage.ext.cnamts.fr/cgi/tips/cgi-fiche?p_code_tips=1304742&p_date_jo_arrete=%25&p_menu=FICHE&p_site=AMELI
1305457;POCHETTE DE SUTURE ADHESIVE STERILE, 10 BANDES, 10 CM x 0,6 CM.,3M FRANCE;http://www.codage.ext.cnamts.fr/cgi/tips/cgi-fiche?p_code_tips=1305457&p_date_jo_arrete=%25&p_menu=FICHE&p_site=AMELI
1305598;PANS., FIX., BANDE, EXTENSIBLE, 4 M A LETIRAGE, LARGEUR 10 CM.,L2N TRADING;http://www.codage.ext.cnamts.fr/cgi/tips/cgi-fiche?p_code_tips=1305598&p_date_jo_arrete=%25&p_menu=FICHE&p_site=AMELI
1305718;PANS., FIX., BANDE, EXTENSIBLE, 3 M A L'ETIRAGE, LARGEUR 10 CM.,HARTMANN;http://www.codage.ext.cnamts.fr/cgi/tips/cgi-fiche?p_code_tips=1305718&p_date_jo_arrete=%25&p_menu=FICHE&p_site=AMELI
1306155;PANS., FIX., BANDE, EXTENSIBLE, 4 M A LETIRAGE, LARGEUR 10 CM.,L2N TRADING;http://www.codage.ext.cnamts.fr/cgi/tips/cgi-fiche?p_code_tips=1306155&p_date_jo_arrete=%25&p_menu=FICHE&p_site=AMELI
1306400;PANS., FIX., BANDE, EXTENSIBLE, 4 M A LETIRAGE, LARGEUR 10 CM.,L2N TRADING;http://www.codage.ext.cnamts.fr/cgi/tips/cgi-fiche?p_code_tips=1306400&p_date_jo_arrete=%25&p_menu=FICHE&p_site=AMELI
1306497;POCHETTE DE SUTURE ADHESIVE STERILE, 10 BANDES, 10 CM x 0,6 CM.,MARQUE VERTE;http://www.codage.ext.cnamts.fr/cgi/tips/cgi-fiche?p_code_tips=1306497&p_date_jo_arrete=%25&p_menu=FICHE&p_site=AMELI
1306534;POCHETTE DE SUTURE ADHESIVE STERILE, 5 BANDES, 7,5 CM x 0,3 CM.,BSN-RADIANTE;http://www.codage.ext.cnamts.fr/cgi/tips/cgi-fiche?p_code_tips=1306534&p_date_jo_arrete=%25&p_menu=FICHE&p_site=AMELI
1306847;POCHETTE DE SUTURE ADHESIVE STERILE, 5 BANDES, 7,5 CM x 0,3 CM.,MYHOMECARE;http://www.codage.ext.cnamts.fr/cgi/tips/cgi-fiche?p_code_tips=1306847&p_date_jo_arrete=%25&p_menu=FICHE&p_site=AMELI
1307002;PANS., FIX., BANDE, EXTENSIBLE, 3 M A L'ETIRAGE, LARGEUR 10 CM.,HARTMANN;http://www.codage.ext.cnamts.fr/cgi/tips/cgi-fiche?p_code_tips=1307002&p_date_jo_arrete=%25&p_menu=FICHE&p_site=AMELI
1307054;PANS., FIX., BANDE, EXTENSIBLE, 4 M A L'ETIRAGE, LARGEUR 15 CM.,URGO HEALTHCARE;http://www.codage.ext.cnamts.fr/cgi/tips/cgi-fiche?p_code_tips=1307054&p_date_jo_arrete=%25&p_menu=FICHE&p_site=AMELI
1307195;PANS., FIX., BANDE, EXTENSIBLE, 4 M A L'ETIRAGE, LARGEUR 15 CM.,URGO HEALTHCARE;http://www.codage.ext.cnamts.fr/cgi/tips/cgi-fiche?p_code_tips=1307195&p_date_jo_arrete=%25&p_menu=FICHE&p_site=AMELI
1307226;POCHETTE DE SUTURE ADHESIVE STERILE, 10 BANDES, 10 CM x 0,6 CM.,MARQUE VERTE;http://www.codage.ext.cnamts.fr/cgi/tips/cgi-fiche?p_code_tips=1307226&p_date_jo_arrete=%25&p_menu=FICHE&p_site=AMELI
1307309;PANS., FIX., BANDE, EXTENSIBLE, 3 M A L'ETIRAGE, LARGEUR 10 CM.,HARTMANN;http://www.codage.ext.cnamts.fr/cgi/tips/cgi-fiche?p_code_tips=1307309&p_date_jo_arrete=%25&p_menu=FICHE&p_site=AMELI
1307692;POCHETTE DE SUTURE ADHESIVE STERILE, 5 BANDES, 7,5 CM x 0,3 CM.,SYLAMED;http://www.codage.ext.cnamts.fr/cgi/tips/cgi-fiche?p_code_tips=1307692&p_date_jo_arrete=%25&p_menu=FICHE&p_site=AMELI
1307700;PANS., FIX., BANDE, EXTENSIBLE, 4 M A LETIRAGE, LARGEUR 10 CM.,L2N TRADING;http://www.codage.ext.cnamts.fr/cgi/tips/cgi-fiche?p_code_tips=1307700&p_date_jo_arrete=%25&p_menu=FICHE&p_site=AMELI
1307864;PANS., FIX., BANDE, EXTENSIBLE, 3 M A L'ETIRAGE, LARGEUR 10 CM.,EVOLUPHARM;http://www.codage.ext.cnamts.fr/cgi/tips/cgi-fiche?p_code_tips=1307864&p_date_jo_arrete=%25&p_menu=FICHE&p_site=AMELI
1308668;PANS., FIX., BANDE, EXTENSIBLE, 3 M A L ETIRAGE, LARGEUR 10 CM.,LABO TECHNO;http://www.codage.ext.cnamts.fr/cgi/tips/cgi-fiche?p_code_tips=1308668&p_date_jo_arrete=%25&p_menu=FICHE&p_site=AMELI
1308898;POCHETTE DE SUTURE ADHESIVE STERILE, 5 BANDES, 7,5 CM x 0,3 CM.,BSN-RADIANTE;http://www.codage.ext.cnamts.fr/cgi/tips/cgi-fiche?p_code_tips=1308898&p_date_jo_arrete=%25&p_menu=FICHE&p_site=AMELI
1309343;PANS., FIX., BANDE, EXTENSIBLE, 4 M A L'ETIRAGE, LARGEUR 15 CM.,URGO HEALTHCARE;http://www.codage.ext.cnamts.fr/cgi/tips/cgi-fiche?p_code_tips=1309343&p_date_jo_arrete=%25&p_menu=FICHE&p_site=AMELI
1310033;POCHETTE DE SUTURE ADHESIVE STERILE, 5 BANDES, 7,5 CM X 0,3 CM.,LABOKIT;http://www.codage.ext.cnamts.fr/cgi/tips/cgi-fiche?p_code_tips=1310033&p_date_jo_arrete=%25&p_menu=FICHE&p_site=AMELI
1310346;POCHETTE DE SUTURE ADHESIVE STERILE, 10 BANDES, 10 CM x 0,6 CM.,MARQUE VERTE;http://www.codage.ext.cnamts.fr/cgi/tips/cgi-fiche?p_code_tips=1310346&p_date_jo_arrete=%25&p_menu=FICHE&p_site=AMELI
1310464;PANS., FIX., BANDE, EXTENSIBLE, 3 M A L ETIRAGE, LARGEUR 10 CM.,LABO TECHNO;http://www.codage.ext.cnamts.fr/cgi/tips/cgi-fiche?p_code_tips=1310464&p_date_jo_arrete=%25&p_menu=FICHE&p_site=AMELI
1311446;PANSEMENT, FIXATION, BANDE, CREPE, COTON, 4 M X 7 CM.,RAFFIN MEDICAL;http://www.codage.ext.cnamts.fr/cgi/tips/cgi-fiche?p_code_tips=1311446&p_date_jo_arrete=%25&p_menu=FICHE&p_site=AMELI
1311624;PANS., FIX., BANDE, EXTENSIBLE, 3 M A L'ETIRAGE, LARGEUR 10 CM.,HARTMANN;http://www.codage.ext.cnamts.fr/cgi/tips/cgi-fiche?p_code_tips=1311624&p_date_jo_arrete=%25&p_menu=FICHE&p_site=AMELI
1312032;COUSSINS POUR CONTENTION, PANS.S ELASTO-COMPRESSIFS, TOUT MODELE,BSN-RADIANTE;http://www.codage.ext.cnamts.fr/cgi/tips/cgi-fiche?p_code_tips=1312032&p_date_jo_arrete=%25&p_menu=FICHE&p_site=AMELI
1312760;PANS., FIX., BANDE, EXTENSIBLE, 3 M A L ETIRAGE, LARGEUR 10 CM.,LABO TECHNO;http://www.codage.ext.cnamts.fr/cgi/tips/cgi-fiche?p_code_tips=1312760&p_date_jo_arrete=%25&p_menu=FICHE&p_site=AMELI
1312776;POCHETTE DE SUTURE ADHESIVE STERILE, 5 BANDES, 7,5 CM x 0,3 CM.,BSN-RADIANTE;http://www.codage.ext.cnamts.fr/cgi/tips/cgi-fiche?p_code_tips=1312776&p_date_jo_arrete=%25&p_menu=FICHE&p_site=AMELI
1313037;POCHETTE DE SUTURE ADHESIVE STERILE, 10 BANDES, 10 CM x 0,6 CM.,MYHOMECARE;http://www.codage.ext.cnamts.fr/cgi/tips/cgi-fiche?p_code_tips=1313037&p_date_jo_arrete=%25&p_menu=FICHE&p_site=AMELI
1313391;PANS., FIX., BANDE, EXTENSIBLE, 3 M A L'ETIRAGE, LARGEUR 10 CM.,TETRA MEDICAL;http://www.codage.ext.cnamts.fr/cgi/tips/cgi-fiche?p_code_tips=1313391&p_date_jo_arrete=%25&p_menu=FICHE&p_site=AMELI
1313882;PANS., FIX., BANDE, EXTENS., AUTOADH, 4 M ETIRAGE ET LARG. 6 CM.,TETRA MEDICAL;http://www.codage.ext.cnamts.fr/cgi/tips/cgi-fiche?p_code_tips=1313882&p_date_jo_arrete=%25&p_menu=FICHE&p_site=AMELI
1314166;POCHETTE DE SUTURE ADHESIVE STERILE, 10 BANDES, 10 CM x 0,6 CM.,MYHOMECARE;http://www.codage.ext.cnamts.fr/cgi/tips/cgi-fiche?p_code_tips=1314166&p_date_jo_arrete=%25&p_menu=FICHE&p_site=AMELI
1314261;PANS., FIX., BANDE, EXTENSIBLE, 4 M A L ETIRAGE, LARGEUR 15 CM.,LABO TECHNO;http://www.codage.ext.cnamts.fr/cgi/tips/cgi-fiche?p_code_tips=1314261&p_date_jo_arrete=%25&p_menu=FICHE&p_site=AMELI
1314278;PANS., FIX., BANDE, EXTENS, AUTOADH, 4 M ETIRAGE ET LARG. 2,5 CM,SYLAMED;http://www.codage.ext.cnamts.fr/cgi/tips/cgi-fiche?p_code_tips=1314278&p_date_jo_arrete=%25&p_menu=FICHE&p_site=AMELI
1314284;COTON HYDROPHYLE, NON STERILE, PAQUET DE 100 G,SEPTONA SA;http://www.codage.ext.cnamts.fr/cgi/tips/cgi-fiche?p_code_tips=1314284&p_date_jo_arrete=%25&p_menu=FICHE&p_site=AMELI
1314367;PANS., FIX., BANDE, EXTENSIBLE, 4 M A L'ETIRAGE, LARGEUR 15 CM.,URGO HEALTHCARE;http://www.codage.ext.cnamts.fr/cgi/tips/cgi-fiche?p_code_tips=1314367&p_date_jo_arrete=%25&p_menu=FICHE&p_site=AMELI
1314829;PANS., FIX., BANDE, EXTENSIBLE, 3 M A L ETIRAGE, LARGEUR 10 CM.,LABO TECHNO;http://www.codage.ext.cnamts.fr/cgi/tips/cgi-fiche?p_code_tips=1314829&p_date_jo_arrete=%25&p_menu=FICHE&p_site=AMELI
1314976;PANS., FIX., BANDE, EXTENSIBLE, 4 M A L'ETIRAGE, LARGEUR 15 CM.,URGO HEALTHCARE;http://www.codage.ext.cnamts.fr/cgi/tips/cgi-fiche?p_code_tips=1314976&p_date_jo_arrete=%25&p_menu=FICHE&p_site=AMELI
1315852;RONDELLES OCULAIRES STERILES DE GAZE HYDROPHILE, BOITE DE 10,CEORA;http://www.codage.ext.cnamts.fr/cgi/tips/cgi-fiche?p_code_tips=1315852&p_date_jo_arrete=%25&p_menu=FICHE&p_site=AMELI
1316633;POCHETTE DE SUTURE ADHESIVE STERILE, 10 BANDES, 10 CM x 0,6 CM.,3M FRANCE;http://www.codage.ext.cnamts.fr/cgi/tips/cgi-fiche?p_code_tips=1316633&p_date_jo_arrete=%25&p_menu=FICHE&p_site=AMELI
1316981;PANS., FIX., BANDE, EXTENS, AUTOADH, 4 M ETIRAGE ET LARG. 10 CM.,MARQUE VERTE;http://www.codage.ext.cnamts.fr/cgi/tips/cgi-fiche?p_code_tips=1316981&p_date_jo_arrete=%25&p_menu=FICHE&p_site=AMELI
1317153;PANS., FIX., BANDE, EXTENSIBLE, 4 M A L'ETIRAGE, LARGEUR 15 CM.,URGO HEALTHCARE;http://www.codage.ext.cnamts.fr/cgi/tips/cgi-fiche?p_code_tips=1317153&p_date_jo_arrete=%25&p_menu=FICHE&p_site=AMELI
1317851;PANS., FIX., BANDE, EXTENSIBLE, 4 M A LETIRAGE, LARGEUR 10 CM.,L2N TRADING;http://www.codage.ext.cnamts.fr/cgi/tips/cgi-fiche?p_code_tips=1317851&p_date_jo_arrete=%25&p_menu=FICHE&p_site=AMELI
1318030;PANS., FIX., BANDE, EXTENSIBLE, 3 M A L ETIRAGE, LARGEUR 10 CM.,LABO TECHNO;http://www.codage.ext.cnamts.fr/cgi/tips/cgi-fiche?p_code_tips=1318030&p_date_jo_arrete=%25&p_menu=FICHE&p_site=AMELI
1318224;PANS., FIX., BANDE, EXTENS, AUTOADH, 4 M ETIRAGE ET LARG. 2,5 CM,SYLAMED;http://www.codage.ext.cnamts.fr/cgi/tips/cgi-fiche?p_code_tips=1318224&p_date_jo_arrete=%25&p_menu=FICHE&p_site=AMELI
1319040;PANS., FIX., BANDE, EXTENSIBLE, 4 M A LETIRAGE, LARGEUR 10 CM.,L2N TRADING;http://www.codage.ext.cnamts.fr/cgi/tips/cgi-fiche?p_code_tips=1319040&p_date_jo_arrete=%25&p_menu=FICHE&p_site=AMELI
1319643;PANSEMENT, FIXATION, BANDE, CREPE, COTON, 5 M X 20 CM.,LABOKIT;http://www.codage.ext.cnamts.fr/cgi/tips/cgi-fiche?p_code_tips=1319643&p_date_jo_arrete=%25&p_menu=FICHE&p_site=AMELI
1319896;PANSEMENT, FIXATION, BANDE, CREPE, COTON, 4 M X 7 CM.,RAFFIN MEDICAL;http://www.codage.ext.cnamts.fr/cgi/tips/cgi-fiche?p_code_tips=1319896&p_date_jo_arrete=%25&p_menu=FICHE&p_site=AMELI
1319904;COTON HYDROPHYLE, NON STERILE, PAQUET DE 100 G,SEPTONA SA;http://www.codage.ext.cnamts.fr/cgi/tips/cgi-fiche?p_code_tips=1319904&p_date_jo_arrete=%25&p_menu=FICHE&p_site=AMELI
1320014;PANS., FIX., BANDE, EXTENS., AUTOADH, 4 M ETIRAGE ET LARG. 6 CM.,TETRA MEDICAL;http://www.codage.ext.cnamts.fr/cgi/tips/cgi-fiche?p_code_tips=1320014&p_date_jo_arrete=%25&p_menu=FICHE&p_site=AMELI
1320913;PANS., FIX., BANDE, EXTENSIBLE, 3 M A L ETIRAGE, LARGEUR 10 CM.,LABO TECHNO;http://www.codage.ext.cnamts.fr/cgi/tips/cgi-fiche?p_code_tips=1320913&p_date_jo_arrete=%25&p_menu=FICHE&p_site=AMELI
1321261;PANS., FIX., BANDE, EXTENSIBLE, 4 M A L'ETIRAGE, LARGEUR 15 CM.,URGO HEALTHCARE;http://www.codage.ext.cnamts.fr/cgi/tips/cgi-fiche?p_code_tips=1321261&p_date_jo_arrete=%25&p_menu=FICHE&p_site=AMELI
1321321;PANS., FIX., BANDE, EXTENS., AUTOADH, 4 M ETIRAGE ET LARG. 6 CM.,HARTMANN;http://www.codage.ext.cnamts.fr/cgi/tips/cgi-fiche?p_code_tips=1321321&p_date_jo_arrete=%25&p_menu=FICHE&p_site=AMELI
1321491;PANS., FIX., BANDE, EXTENS., AUTOADH, 4 M ETIRAGE ET LARG. 6 CM.,TETRA MEDICAL;http://www.codage.ext.cnamts.fr/cgi/tips/cgi-fiche?p_code_tips=1321491&p_date_jo_arrete=%25&p_menu=FICHE&p_site=AMELI
1321835;PANS., FIX., BANDE, EXTENS., AUTOADH, 4 M ETIRAGE ET LARG. 6 CM.,HARTMANN;http://www.codage.ext.cnamts.fr/cgi/tips/cgi-fiche?p_code_tips=1321835&p_date_jo_arrete=%25&p_menu=FICHE&p_site=AMELI
1321924;PANS., FIX., BANDE, EXTENS., AUTOADH, 4 M ETIRAGE ET LARG. 6 CM.,MARQUE VERTE;http://www.codage.ext.cnamts.fr/cgi/tips/cgi-fiche?p_code_tips=1321924&p_date_jo_arrete=%25&p_menu=FICHE&p_site=AMELI
1321982;PANS., FIX., BANDE, EXTENSIBLE, 3 M A L ETIRAGE, LARGEUR 10 CM.,LABO TECHNO;http://www.codage.ext.cnamts.fr/cgi/tips/cgi-fiche?p_code_tips=1321982&p_date_jo_arrete=%25&p_menu=FICHE&p_site=AMELI
1322326;POCHETTE DE SUTURE ADHESIVE STERILE, 10 BANDES, 10 CM x 0,6 CM.,IDC GROUP;http://www.codage.ext.cnamts.fr/cgi/tips/cgi-fiche?p_code_tips=1322326&p_date_jo_arrete=%25&p_menu=FICHE&p_site=AMELI
1323308;PANS., FIX., BANDE, EXTENSIBLE, 4 M A LETIRAGE, LARGEUR 7 CM.,L2N TRADING;http://www.codage.ext.cnamts.fr/cgi/tips/cgi-fiche?p_code_tips=1323308&p_date_jo_arrete=%25&p_menu=FICHE&p_site=AMELI
1323805;PANS., FIX., BANDE, EXTENSIBLE, 3 M A L ETIRAGE, LARGEUR 10 CM.,LABO TECHNO;http://www.codage.ext.cnamts.fr/cgi/tips/cgi-fiche?p_code_tips=1323805&p_date_jo_arrete=%25&p_menu=FICHE&p_site=AMELI
1324510;COUSSINS POUR CONTENTION, PANS.S ELASTO-COMPRESSIFS, TOUT MODELE,THUASNE;http://www.codage.ext.cnamts.fr/cgi/tips/cgi-fiche?p_code_tips=1324510&p_date_jo_arrete=%25&p_menu=FICHE&p_site=AMELI
1324868;PANS., FIX., BANDE, EXTENS., AUTOADH, 4 M ETIRAGE ET LARG. 6 CM.,HARTMANN;http://www.codage.ext.cnamts.fr/cgi/tips/cgi-fiche?p_code_tips=1324868&p_date_jo_arrete=%25&p_menu=FICHE&p_site=AMELI
1324957;PANS., FIX., BANDE, EXTENSIBLE, 4 M A L'ETIRAGE, LARGEUR 15 CM.,URGO HEALTHCARE;http://www.codage.ext.cnamts.fr/cgi/tips/cgi-fiche?p_code_tips=1324957&p_date_jo_arrete=%25&p_menu=FICHE&p_site=AMELI
1325299;POCHETTE DE SUTURE ADHESIVE STERILE, 10 BANDES, 10 CM x 0,6 CM.,MARQUE VERTE;http://www.codage.ext.cnamts.fr/cgi/tips/cgi-fiche?p_code_tips=1325299&p_date_jo_arrete=%25&p_menu=FICHE&p_site=AMELI
1325460;PANS., FIX., BANDE, EXTENS., AUTOADH, 4 M ETIRAGE ET LARG. 6 CM.,HARTMANN;http://www.codage.ext.cnamts.fr/cgi/tips/cgi-fiche?p_code_tips=1325460&p_date_jo_arrete=%25&p_menu=FICHE&p_site=AMELI
1325550;POCHETTE DE SUTURE ADHESIVE STERILE, 10 BANDES, 10 CM x 0,6 CM.,MYHOMECARE;http://www.codage.ext.cnamts.fr/cgi/tips/cgi-fiche?p_code_tips=1325550&p_date_jo_arrete=%25&p_menu=FICHE&p_site=AMELI
1325589;PANS., FIX., BANDE, EXTENSIBLE, 4 M A L'ETIRAGE, LARGEUR 15 CM.,MARQUE VERTE;http://www.codage.ext.cnamts.fr/cgi/tips/cgi-fiche?p_code_tips=1325589&p_date_jo_arrete=%25&p_menu=FICHE&p_site=AMELI
1326040;PANS., FIX., BANDE, EXTENSIBLE, 4 M A L'ETIRAGE, LARGEUR 5 CM.,BSN-RADIANTE;http://www.codage.ext.cnamts.fr/cgi/tips/cgi-fiche?p_code_tips=1326040&p_date_jo_arrete=%25&p_menu=FICHE&p_site=AMELI
1326057;PANS., FIX., BANDE, EXTENS., AUTOADH, 4 M ETIRAGE ET LARG. 6 CM.,LABOKIT;http://www.codage.ext.cnamts.fr/cgi/tips/cgi-fiche?p_code_tips=1326057&p_date_jo_arrete=%25&p_menu=FICHE&p_site=AMELI
1326560;PANS., FIX., BANDE, EXTENSIBLE, 3 M A L ETIRAGE, LARGEUR 10 CM.,LABO TECHNO;http://www.codage.ext.cnamts.fr/cgi/tips/cgi-fiche?p_code_tips=1326560&p_date_jo_arrete=%25&p_menu=FICHE&p_site=AMELI
1326666;POCHETTE DE SUTURE ADHESIVE STERILE, 10 BANDES, 10 CM x 0,6 CM.,MARQUE VERTE;http://www.codage.ext.cnamts.fr/cgi/tips/cgi-fiche?p_code_tips=1326666&p_date_jo_arrete=%25&p_menu=FICHE&p_site=AMELI
1326761;PANS., FIX., BANDE, EXTENSIBLE, 3 M A L ETIRAGE, LARGEUR 10 CM.,LABO TECHNO;http://www.codage.ext.cnamts.fr/cgi/tips/cgi-fiche?p_code_tips=1326761&p_date_jo_arrete=%25&p_menu=FICHE&p_site=AMELI
1326927;PANS., FIX., BANDE, EXTENSIBLE, 4 M A L'ETIRAGE, LARGEUR 15 CM.,URGO HEALTHCARE;http://www.codage.ext.cnamts.fr/cgi/tips/cgi-fiche?p_code_tips=1326927&p_date_jo_arrete=%25&p_menu=FICHE&p_site=AMELI
1327039;PANS., FIX., BANDE, EXTENSIBLE, 4 M A LETIRAGE, LARGEUR 10 CM.,L2N TRADING;http://www.codage.ext.cnamts.fr/cgi/tips/cgi-fiche?p_code_tips=1327039&p_date_jo_arrete=%25&p_menu=FICHE&p_site=AMELI
1327217;PANSEMENT, FIXATION, BANDE, CREPE, COTON, 4 M X 7 CM.,RAFFIN MEDICAL;http://www.codage.ext.cnamts.fr/cgi/tips/cgi-fiche?p_code_tips=1327217&p_date_jo_arrete=%25&p_menu=FICHE&p_site=AMELI
1328493;PANS., FIX., BANDE, EXTENSIBLE, 4 M A LETIRAGE, LARGEUR 10 CM.,L2N TRADING;http://www.codage.ext.cnamts.fr/cgi/tips/cgi-fiche?p_code_tips=1328493&p_date_jo_arrete=%25&p_menu=FICHE&p_site=AMELI
1328501;PANS., FIX., BANDE, EXTENS., AUTOADH, 4 M ETIRAGE ET LARG. 6 CM.,HARTMANN;http://www.codage.ext.cnamts.fr/cgi/tips/cgi-fiche?p_code_tips=1328501&p_date_jo_arrete=%25&p_menu=FICHE&p_site=AMELI
1328613;BANDE EN MOUSSE POUR CAPITONNAGE, TOUT MODELE,BSN-RADIANTE;http://www.codage.ext.cnamts.fr/cgi/tips/cgi-fiche?p_code_tips=1328613&p_date_jo_arrete=%25&p_menu=FICHE&p_site=AMELI
1328665;PANS., FIX., BANDE, EXTENSIBLE, 4 M A L'ETIRAGE, LARGEUR 5 CM.,MEDISTOCK;http://www.codage.ext.cnamts.fr/cgi/tips/cgi-fiche?p_code_tips=1328665&p_date_jo_arrete=%25&p_menu=FICHE&p_site=AMELI
1329452;PANS., FIX., BANDE, EXTENSIBLE, 4 M A L'ETIRAGE, LARGEUR 15 CM.,URGO HEALTHCARE;http://www.codage.ext.cnamts.fr/cgi/tips/cgi-fiche?p_code_tips=1329452&p_date_jo_arrete=%25&p_menu=FICHE&p_site=AMELI
1330082;PANS., FIX., BANDE, EXTENS., AUTOADH, 4 M ETIRAGE ET LARG. 6 CM.,HARTMANN;http://www.codage.ext.cnamts.fr/cgi/tips/cgi-fiche?p_code_tips=1330082&p_date_jo_arrete=%25&p_menu=FICHE&p_site=AMELI
1330277;HERNIES CRURALES - BANDAGE SIMPLE A RESSORT AVEC TOUR DE CUISSE- B6N -SUR MESURE;http://www.codage.ext.cnamts.fr/cgi/tips/cgi-fiche?p_code_tips=1330277&p_date_jo_arrete=%25&p_menu=FICHE&p_site=AMELI
1330308;PANS., FIX., BANDE, EXTENSIBLE, 4 M A L'ETIRAGE, LARGEUR 15 CM.,URGO HEALTHCARE;http://www.codage.ext.cnamts.fr/cgi/tips/cgi-fiche?p_code_tips=1330308&p_date_jo_arrete=%25&p_menu=FICHE&p_site=AMELI
1330509;RONDELLES OCULAIRES STERILES DE GAZE HYDROPHILE, BOITE DE 10,CEORA;http://www.codage.ext.cnamts.fr/cgi/tips/cgi-fiche?p_code_tips=1330509&p_date_jo_arrete=%25&p_menu=FICHE&p_site=AMELI
1330633;POCHETTE DE SUTURE ADHESIVE STERILE, 5 BANDES, 7,5 CM x 0,3 CM.,SOINEO;http://www.codage.ext.cnamts.fr/cgi/tips/cgi-fiche?p_code_tips=1330633&p_date_jo_arrete=%25&p_menu=FICHE&p_site=AMELI
1330751;PANS., FIX., BANDE, EXTENSIBLE, 4 M A L'ETIRAGE, LARGEUR 10 CM.,TETRA MEDICAL;http://www.codage.ext.cnamts.fr/cgi/tips/cgi-fiche?p_code_tips=1330751&p_date_jo_arrete=%25&p_menu=FICHE&p_site=AMELI
1330805;POCHETTE DE SUTURE ADHESIVE STERILE, 10 BANDES, 10 CM x 0,6 CM.,MARQUE VERTE;http://www.codage.ext.cnamts.fr/cgi/tips/cgi-fiche?p_code_tips=1330805&p_date_jo_arrete=%25&p_menu=FICHE&p_site=AMELI
1330892;PANS., FIX., BANDE, EXTENS, AUTOADH, 4 M ETIRAGE ET LARG. 10 CM.,MARQUE VERTE;http://www.codage.ext.cnamts.fr/cgi/tips/cgi-fiche?p_code_tips=1330892&p_date_jo_arrete=%25&p_menu=FICHE&p_site=AMELI
1331383;PANS., FIX., BANDE, EXTENSIBLE, 3 M A L ETIRAGE, LARGEUR 10 CM.,LABO TECHNO;http://www.codage.ext.cnamts.fr/cgi/tips/cgi-fiche?p_code_tips=1331383&p_date_jo_arrete=%25&p_menu=FICHE&p_site=AMELI
1331733;POCHETTE DE SUTURE ADHESIVE STERILE, 5 BANDES, 7,5 CM x 0,3 CM.,SOINEO;http://www.codage.ext.cnamts.fr/cgi/tips/cgi-fiche?p_code_tips=1331733&p_date_jo_arrete=%25&p_menu=FICHE&p_site=AMELI
1331911;PANS., FIX., BANDE, EXTENSIBLE, 4 M A L'ETIRAGE, LARGEUR 10 CM.,TETRA MEDICAL;http://www.codage.ext.cnamts.fr/cgi/tips/cgi-fiche?p_code_tips=1331911&p_date_jo_arrete=%25&p_menu=FICHE&p_site=AMELI
1331934;PANS., FIX., BANDE, EXTENSIBLE, 4 M A L'ETIRAGE, LARGEUR 10 CM.,SYLAMED;http://www.codage.ext.cnamts.fr/cgi/tips/cgi-fiche?p_code_tips=1331934&p_date_jo_arrete=%25&p_menu=FICHE&p_site=AMELI
1332282;COUSSINS POUR CONTENTION, PANS.S ELASTO-COMPRESSIFS, TOUT MODELE,THUASNE;http://www.codage.ext.cnamts.fr/cgi/tips/cgi-fiche?p_code_tips=1332282&p_date_jo_arrete=%25&p_menu=FICHE&p_site=AMELI
1332313;PANS., FIX., BANDE, EXTENSIBLE, 4 M A L'ETIRAGE, LARGEUR 15 CM.,URGO HEALTHCARE;http://www.codage.ext.cnamts.fr/cgi/tips/cgi-fiche?p_code_tips=1332313&p_date_jo_arrete=%25&p_menu=FICHE&p_site=AMELI
1333028;PANS., FIX., BANDE, EXTENSIBLE, 4 M A L'ETIRAGE, LARGEUR 10 CM.,TETRA MEDICAL;http://www.codage.ext.cnamts.fr/cgi/tips/cgi-fiche?p_code_tips=1333028&p_date_jo_arrete=%25&p_menu=FICHE&p_site=AMELI
1333198;PANS., FIX., BANDE, EXTENSIBLE, 3 M A L ETIRAGE, LARGEUR 10 CM.,LABO TECHNO;http://www.codage.ext.cnamts.fr/cgi/tips/cgi-fiche?p_code_tips=1333198&p_date_jo_arrete=%25&p_menu=FICHE&p_site=AMELI
1333258;PANS., FIX., BANDE, EXTENSIBLE, 4 M A L'ETIRAGE, LARGEUR 15 CM.,URGO HEALTHCARE;http://www.codage.ext.cnamts.fr/cgi/tips/cgi-fiche?p_code_tips=1333258&p_date_jo_arrete=%25&p_menu=FICHE&p_site=AMELI
1333324;PANS., FIX., BANDE, EXTENS., AUTOADH, 4 M ETIRAGE ET LARG. 6 CM.,LABOKIT;http://www.codage.ext.cnamts.fr/cgi/tips/cgi-fiche?p_code_tips=1333324&p_date_jo_arrete=%25&p_menu=FICHE&p_site=AMELI
1333399;PANS., FIX., BANDE, EXTENSIBLE, 3 M A L ETIRAGE, LARGEUR 10 CM.,LABO TECHNO;http://www.codage.ext.cnamts.fr/cgi/tips/cgi-fiche?p_code_tips=1333399&p_date_jo_arrete=%25&p_menu=FICHE&p_site=AMELI
1333695;POCHETTE DE SUTURE ADHESIVE STERILE, 3 BANDES, 7,5 CM x 0,6 CM.,IDC GROUP;http://www.codage.ext.cnamts.fr/cgi/tips/cgi-fiche?p_code_tips=1333695&p_date_jo_arrete=%25&p_menu=FICHE&p_site=AMELI
1333962;POCHETTE DE SUTURE ADHESIVE STERILE, 10 BANDES, 10 CM x 0,6 CM.,MYHOMECARE;http://www.codage.ext.cnamts.fr/cgi/tips/cgi-fiche?p_code_tips=1333962&p_date_jo_arrete=%25&p_menu=FICHE&p_site=AMELI
1334690;PANS., FIX., BANDE, EXTENSIBLE, 3 M A L'ETIRAGE, LARGEUR 7 CM.,HARTMANN;http://www.codage.ext.cnamts.fr/cgi/tips/cgi-fiche?p_code_tips=1334690&p_date_jo_arrete=%25&p_menu=FICHE&p_site=AMELI
1334743;POCHETTE DE SUTURE ADHESIVE STERILE, 10 BANDES, 10 CM x 0,6 CM.,MYHOMECARE;http://www.codage.ext.cnamts.fr/cgi/tips/cgi-fiche?p_code_tips=1334743&p_date_jo_arrete=%25&p_menu=FICHE&p_site=AMELI
1335004;POCHETTE DE SUTURE ADHESIVE STERILE, 10 BANDES, 10 CM x 0,6 CM.,MARQUE VERTE;http://www.codage.ext.cnamts.fr/cgi/tips/cgi-fiche?p_code_tips=1335004&p_date_jo_arrete=%25&p_menu=FICHE&p_site=AMELI
1335866;POCHETTE DE SUTURE ADHESIVE STERILE, 3 BANDES, 7,5 CM x 0,6 CM.,MYHOMECARE;http://www.codage.ext.cnamts.fr/cgi/tips/cgi-fiche?p_code_tips=1335866&p_date_jo_arrete=%25&p_menu=FICHE&p_site=AMELI
1335872;PANS., FIX., BANDE, EXTENSIBLE, 4 M A L'ETIRAGE, LARGEUR 15 CM.,URGO HEALTHCARE;http://www.codage.ext.cnamts.fr/cgi/tips/cgi-fiche?p_code_tips=1335872&p_date_jo_arrete=%25&p_menu=FICHE&p_site=AMELI
1336340;PANS., FIX., BANDE, EXTENSIBLE, 3 M A L'ETIRAGE, LARGEUR 7 CM.,TETRA MEDICAL;http://www.codage.ext.cnamts.fr/cgi/tips/cgi-fiche?p_code_tips=1336340&p_date_jo_arrete=%25&p_menu=FICHE&p_site=AMELI
1336558;POCHETTE DE SUTURE ADHESIVE STERILE, 3 BANDES, 7,5 CM x 0,6 CM.,MYHOMECARE;http://www.codage.ext.cnamts.fr/cgi/tips/cgi-fiche?p_code_tips=1336558&p_date_jo_arrete=%25&p_menu=FICHE&p_site=AMELI
1337026;POCHETTE DE SUTURE ADHESIVE STERILE, 10 BANDES, 10 CM x 0,6 CM.,MARQUE VERTE;http://www.codage.ext.cnamts.fr/cgi/tips/cgi-fiche?p_code_tips=1337026&p_date_jo_arrete=%25&p_menu=FICHE&p_site=AMELI
1337150;POCHETTE DE SUTURE ADHESIVE STERILE, 10 BANDES, 10 CM x 0,6 CM.,3M FRANCE;http://www.codage.ext.cnamts.fr/cgi/tips/cgi-fiche?p_code_tips=1337150&p_date_jo_arrete=%25&p_menu=FICHE&p_site=AMELI
1337635;PANS., FIX., BANDE, EXTENS, AUTOADH, 4 M ETIRAGE ET LARG. 12 CM.,BSN-RADIANTE;http://www.codage.ext.cnamts.fr/cgi/tips/cgi-fiche?p_code_tips=1337635&p_date_jo_arrete=%25&p_menu=FICHE&p_site=AMELI
1337820;PANS., FIX., BANDE, EXTENS, AUTOADH, 4 M ETIRAGE ET LARG. 10 CM.,MARQUE VERTE;http://www.codage.ext.cnamts.fr/cgi/tips/cgi-fiche?p_code_tips=1337820&p_date_jo_arrete=%25&p_menu=FICHE&p_site=AMELI
1338385;PANS., FIX., BANDE, EXTENS., AUTOADH, 4 M ETIRAGE ET LARG. 8 CM.,TETRA MEDICAL;http://www.codage.ext.cnamts.fr/cgi/tips/cgi-fiche?p_code_tips=1338385&p_date_jo_arrete=%25&p_menu=FICHE&p_site=AMELI
1338942;PANS., FIX., BANDE, EXTENSIBLE, 3 M A L ETIRAGE, LARGEUR 10 CM.,LABO TECHNO;http://www.codage.ext.cnamts.fr/cgi/tips/cgi-fiche?p_code_tips=1338942&p_date_jo_arrete=%25&p_menu=FICHE&p_site=AMELI
1339090;PANS., FIX., BANDE, EXTENS, AUTOADH, 4 M ETIRAGE ET LARG. 12 CM.,BSN-RADIANTE;http://www.codage.ext.cnamts.fr/cgi/tips/cgi-fiche?p_code_tips=1339090&p_date_jo_arrete=%25&p_menu=FICHE&p_site=AMELI
1340330;PANS., FIX., BANDE, EXTENS, AUTOADH, 4 M ETIRAGE ET LARG. 12 CM.,BSN-RADIANTE;http://www.codage.ext.cnamts.fr/cgi/tips/cgi-fiche?p_code_tips=1340330&p_date_jo_arrete=%25&p_menu=FICHE&p_site=AMELI
1340399;PANS., FIX., BANDE, EXTENS., AUTOADH, 4 M ETIRAGE ET LARG. 8 CM.,BSN-RADIANTE;http://www.codage.ext.cnamts.fr/cgi/tips/cgi-fiche?p_code_tips=1340399&p_date_jo_arrete=%25&p_menu=FICHE&p_site=AMELI
1340778;PANS., FIX., BANDE, EXTENS., AUTOADH, 4 M ETIRAGE ET LARG. 8 CM.,TETRA MEDICAL;http://www.codage.ext.cnamts.fr/cgi/tips/cgi-fiche?p_code_tips=1340778&p_date_jo_arrete=%25&p_menu=FICHE&p_site=AMELI
1340873;PANSEMENT, FIXATION, BANDE, CREPE, COTON, 4 M X 5 CM.,HARTMANN;http://www.codage.ext.cnamts.fr/cgi/tips/cgi-fiche?p_code_tips=1340873&p_date_jo_arrete=%25&p_menu=FICHE&p_site=AMELI
1341370;BANDE EN MOUSSE POUR CAPITONNAGE, TOUT MODELE,THUASNE;http://www.codage.ext.cnamts.fr/cgi/tips/cgi-fiche?p_code_tips=1341370&p_date_jo_arrete=%25&p_menu=FICHE&p_site=AMELI
1342174;PANS., FIX., BANDE, EXTENSIBLE, 4 M A LETIRAGE, LARGEUR 10 CM.,L2N TRADING;http://www.codage.ext.cnamts.fr/cgi/tips/cgi-fiche?p_code_tips=1342174&p_date_jo_arrete=%25&p_menu=FICHE&p_site=AMELI
1342872;PANS., FIX., BANDE, EXTENS, AUTOADH, 4 M ETIRAGE ET LARG. 10 CM.,MARQUE VERTE;http://www.codage.ext.cnamts.fr/cgi/tips/cgi-fiche?p_code_tips=1342872&p_date_jo_arrete=%25&p_menu=FICHE&p_site=AMELI
1344397;PANS., FIX., BANDE, EXTENSIBLE, 4 M A LETIRAGE, LARGEUR 10 CM.,L2N TRADING;http://www.codage.ext.cnamts.fr/cgi/tips/cgi-fiche?p_code_tips=1344397&p_date_jo_arrete=%25&p_menu=FICHE&p_site=AMELI
1344842;PANS., FIX., BANDE, EXTENSIBLE, 3 M A L ETIRAGE, LARGEUR 10 CM.,LABO TECHNO;http://www.codage.ext.cnamts.fr/cgi/tips/cgi-fiche?p_code_tips=1344842&p_date_jo_arrete=%25&p_menu=FICHE&p_site=AMELI
1345362;PANS., FIX., BANDE, EXTENSIBLE, 3 M A L ETIRAGE, LARGEUR 10 CM.,LABO TECHNO;http://www.codage.ext.cnamts.fr/cgi/tips/cgi-fiche?p_code_tips=1345362&p_date_jo_arrete=%25&p_menu=FICHE&p_site=AMELI
1345830;POCHETTE DE SUTURE ADHESIVE STERILE, 3 BANDES, 7,5 CM X 0,6 CM.,LABOKIT;http://www.codage.ext.cnamts.fr/cgi/tips/cgi-fiche?p_code_tips=1345830&p_date_jo_arrete=%25&p_menu=FICHE&p_site=AMELI
1345942;POCHETTE DE SUTURE ADHESIVE STERILE, 5 BANDES, 7,5 CM x 0,3 CM.,SOINEO;http://www.codage.ext.cnamts.fr/cgi/tips/cgi-fiche?p_code_tips=1345942&p_date_jo_arrete=%25&p_menu=FICHE&p_site=AMELI
1345971;PANS., FIX., BANDE, EXTENSIBLE, 4 M A L'ETIRAGE, LARGEUR 15 CM.,URGO HEALTHCARE;http://www.codage.ext.cnamts.fr/cgi/tips/cgi-fiche?p_code_tips=1345971&p_date_jo_arrete=%25&p_menu=FICHE&p_site=AMELI
1346769;PANS., FIX., BANDE, EXTENSIBLE, 4 M A L'ETIRAGE, LARGEUR 15 CM.,URGO HEALTHCARE;http://www.codage.ext.cnamts.fr/cgi/tips/cgi-fiche?p_code_tips=1346769&p_date_jo_arrete=%25&p_menu=FICHE&p_site=AMELI
1347533;POCHETTE DE SUTURE ADHESIVE STERILE, 10 BANDES, 10 CM x 0,6 CM.,MYHOMECARE;http://www.codage.ext.cnamts.fr/cgi/tips/cgi-fiche?p_code_tips=1347533&p_date_jo_arrete=%25&p_menu=FICHE&p_site=AMELI
1347830;COUSSINS POUR CONTENTION, PANS.S ELASTO-COMPRESSIFS, TOUT MODELE,THUASNE;http://www.codage.ext.cnamts.fr/cgi/tips/cgi-fiche?p_code_tips=1347830&p_date_jo_arrete=%25&p_menu=FICHE&p_site=AMELI
1348484;POCHETTE DE SUTURE ADHESIVE STERILE, 5 BANDES, 7,5 CM X 0,3 CM.,LABOKIT;http://www.codage.ext.cnamts.fr/cgi/tips/cgi-fiche?p_code_tips=1348484&p_date_jo_arrete=%25&p_menu=FICHE&p_site=AMELI
1348633;PANS., FIX., BANDE, EXTENSIBLE, 3 M A L ETIRAGE, LARGEUR 10 CM.,LABO TECHNO;http://www.codage.ext.cnamts.fr/cgi/tips/cgi-fiche?p_code_tips=1348633&p_date_jo_arrete=%25&p_menu=FICHE&p_site=AMELI
1348679;RONDELLES OCULAIRES STERILES DE GAZE HYDROPHILE, BOITE DE 10,TETRA MEDICAL;http://www.codage.ext.cnamts.fr/cgi/tips/cgi-fiche?p_code_tips=1348679&p_date_jo_arrete=%25&p_menu=FICHE&p_site=AMELI
1349147;PANS., FIX., BANDE, EXTENS., AUTOADH, 4 M ETIRAGE ET LARG. 8 CM.,HARTMANN;http://www.codage.ext.cnamts.fr/cgi/tips/cgi-fiche?p_code_tips=1349147&p_date_jo_arrete=%25&p_menu=FICHE&p_site=AMELI
1349319;PANS., FIX., BANDE, EXTENS., AUTOADH, 4 M ETIRAGE ET LARG. 8 CM.,HARTMANN;http://www.codage.ext.cnamts.fr/cgi/tips/cgi-fiche?p_code_tips=1349319&p_date_jo_arrete=%25&p_menu=FICHE&p_site=AMELI
1349466;PANS., FIX., BANDE, EXTENS., AUTOADH, 4 M ETIRAGE ET LARG. 6 CM.,LABOKIT;http://www.codage.ext.cnamts.fr/cgi/tips/cgi-fiche?p_code_tips=1349466&p_date_jo_arrete=%25&p_menu=FICHE&p_site=AMELI
1349727;PANS., FIX., BANDE, EXTENSIBLE, 4 M A L'ETIRAGE, LARGEUR 5 CM.,BSN-RADIANTE;http://www.codage.ext.cnamts.fr/cgi/tips/cgi-fiche?p_code_tips=1349727&p_date_jo_arrete=%25&p_menu=FICHE&p_site=AMELI
1349756;PANS., FIX., BANDE, EXTENSIBLE, 4 M A L'ETIRAGE, LARGEUR 5 CM.,BSN-RADIANTE;http://www.codage.ext.cnamts.fr/cgi/tips/cgi-fiche?p_code_tips=1349756&p_date_jo_arrete=%25&p_menu=FICHE&p_site=AMELI
1350802;PANS., FIX., BANDE, EXTENSIBLE, 4 M A L'ETIRAGE, LARGEUR 5 CM.,BSN-RADIANTE;http://www.codage.ext.cnamts.fr/cgi/tips/cgi-fiche?p_code_tips=1350802&p_date_jo_arrete=%25&p_menu=FICHE&p_site=AMELI
1351109;POCHETTE DE SUTURE ADHESIVE STERILE, 3 BANDES, 7,5 CM X 0,6 CM.,LABOKIT;http://www.codage.ext.cnamts.fr/cgi/tips/cgi-fiche?p_code_tips=1351109&p_date_jo_arrete=%25&p_menu=FICHE&p_site=AMELI
1351173;PANSEMENT, FIXATION, SPARADRAP, SILICONE, SOLVENTUM, MICROPORE, 25MM X 5M.;http://www.codage.ext.cnamts.fr/cgi/tips/cgi-fiche?p_code_tips=1351173&p_date_jo_arrete=%25&p_menu=FICHE&p_site=AMELI
1351262;PANS., FIX., BANDE, EXTENSIBLE, 3 M A L ETIRAGE, LARGEUR 10 CM.,LABO TECHNO;http://www.codage.ext.cnamts.fr/cgi/tips/cgi-fiche?p_code_tips=1351262&p_date_jo_arrete=%25&p_menu=FICHE&p_site=AMELI
1351635;PANS., FIX., BANDE, EXTENSIBLE, 4 M A L'ETIRAGE, LARGEUR 5 CM.,URGO HEALTHCARE;http://www.codage.ext.cnamts.fr/cgi/tips/cgi-fiche?p_code_tips=1351635&p_date_jo_arrete=%25&p_menu=FICHE&p_site=AMELI
1351747;PANS., FIX., BANDE, EXTENSIBLE, 3 M A L ETIRAGE, LARGEUR 10 CM.,LABO TECHNO;http://www.codage.ext.cnamts.fr/cgi/tips/cgi-fiche?p_code_tips=1351747&p_date_jo_arrete=%25&p_menu=FICHE&p_site=AMELI
1352132;PANS., FIX., BANDE, EXTENS., AUTOADH, 4 M ETIRAGE ET LARG. 6 CM.,LABOKIT;http://www.codage.ext.cnamts.fr/cgi/tips/cgi-fiche?p_code_tips=1352132&p_date_jo_arrete=%25&p_menu=FICHE&p_site=AMELI
1353752;PANS., FIX., BANDE, EXTENSIBLE, 4 M A L'ETIRAGE, LARGEUR 15 CM.,URGO HEALTHCARE;http://www.codage.ext.cnamts.fr/cgi/tips/cgi-fiche?p_code_tips=1353752&p_date_jo_arrete=%25&p_menu=FICHE&p_site=AMELI
1354600;COTON HYDROPHYLE, NON STERILE, PAQUET DE 100 G,SEPTONA SA;http://www.codage.ext.cnamts.fr/cgi/tips/cgi-fiche?p_code_tips=1354600&p_date_jo_arrete=%25&p_menu=FICHE&p_site=AMELI
1355165;PANS., FIX., BANDE, EXTENS., AUTOADH, 4 M ETIRAGE ET LARG. 6 CM.,LABOKIT;http://www.codage.ext.cnamts.fr/cgi/tips/cgi-fiche?p_code_tips=1355165&p_date_jo_arrete=%25&p_menu=FICHE&p_site=AMELI
1355350;PANS., FIX., BANDE, EXTENS, AUTOADH, 4 M ETIRAGE ET LARG. 10 CM.,HARTMANN;http://www.codage.ext.cnamts.fr/cgi/tips/cgi-fiche?p_code_tips=1355350&p_date_jo_arrete=%25&p_menu=FICHE&p_site=AMELI
1355685;PANS., FIX., BANDE, EXTENSIBLE, 4 M A L'ETIRAGE, LARGEUR 15 CM.,URGO HEALTHCARE;http://www.codage.ext.cnamts.fr/cgi/tips/cgi-fiche?p_code_tips=1355685&p_date_jo_arrete=%25&p_menu=FICHE&p_site=AMELI
1356207;PANS., FIX., BANDE, EXTENS, AUTOADH, 4 M ETIRAGE ET LARG. 10 CM.,MARQUE VERTE;http://www.codage.ext.cnamts.fr/cgi/tips/cgi-fiche?p_code_tips=1356207&p_date_jo_arrete=%25&p_menu=FICHE&p_site=AMELI
1356319;PANS., FIX., BANDE, EXTENSIBLE, 4 M A LETIRAGE, LARGEUR 10 CM.,L2N TRADING;http://www.codage.ext.cnamts.fr/cgi/tips/cgi-fiche?p_code_tips=1356319&p_date_jo_arrete=%25&p_menu=FICHE&p_site=AMELI
1356390;PANS., FIX., BANDE, EXTENSIBLE, 4 M A L'ETIRAGE, LARGEUR 15 CM.,TETRA MEDICAL;http://www.codage.ext.cnamts.fr/cgi/tips/cgi-fiche?p_code_tips=1356390&p_date_jo_arrete=%25&p_menu=FICHE&p_site=AMELI
1356408;PANS., FIX., BANDE, EXTENSIBLE, 4 M A L'ETIRAGE, LARGEUR 15 CM.,URGO HEALTHCARE;http://www.codage.ext.cnamts.fr/cgi/tips/cgi-fiche?p_code_tips=1356408&p_date_jo_arrete=%25&p_menu=FICHE&p_site=AMELI
1357336;RONDELLES OCULAIRES STERILES DE GAZE HYDROPHILE, BOITE DE 10,CEORA;http://www.codage.ext.cnamts.fr/cgi/tips/cgi-fiche?p_code_tips=1357336&p_date_jo_arrete=%25&p_menu=FICHE&p_site=AMELI
1358152;PANS., FIX., BANDE, EXTENSIBLE, 4 M A LETIRAGE, LARGEUR 10 CM.,L2N TRADING;http://www.codage.ext.cnamts.fr/cgi/tips/cgi-fiche?p_code_tips=1358152&p_date_jo_arrete=%25&p_menu=FICHE&p_site=AMELI
1358330;COUSSINS POUR CONTENTION, PANS.S ELASTO-COMPRESSIFS, TOUT MODELE,BSN-RADIANTE;http://www.codage.ext.cnamts.fr/cgi/tips/cgi-fiche?p_code_tips=1358330&p_date_jo_arrete=%25&p_menu=FICHE&p_site=AMELI
1358347;COTON HYDROPHYLE, NON STERILE, PAQUET DE 100 G,NEP DEVELOP;http://www.codage.ext.cnamts.fr/cgi/tips/cgi-fiche?p_code_tips=1358347&p_date_jo_arrete=%25&p_menu=FICHE&p_site=AMELI
1358703;COUSSINS POUR CONTENTION, PANS.S ELASTO-COMPRESSIFS, TOUT MODELE,BSN-RADIANTE;http://www.codage.ext.cnamts.fr/cgi/tips/cgi-fiche?p_code_tips=1358703&p_date_jo_arrete=%25&p_menu=FICHE&p_site=AMELI
1359097;COUSSINS POUR CONTENTION, PANS.S ELASTO-COMPRESSIFS, TOUT MODELE,BSN-RADIANTE;http://www.codage.ext.cnamts.fr/cgi/tips/cgi-fiche?p_code_tips=1359097&p_date_jo_arrete=%25&p_menu=FICHE&p_site=AMELI
1360657;PANS., FIX., BANDE, EXTENSIBLE, 4 M A L'ETIRAGE, LARGEUR 7 CM.,HARTMANN;http://www.codage.ext.cnamts.fr/cgi/tips/cgi-fiche?p_code_tips=1360657&p_date_jo_arrete=%25&p_menu=FICHE&p_site=AMELI
1361154;PANS., FIX., BANDE, EXTENSIBLE, 4 M A L'ETIRAGE, LARGEUR 15 CM.,URGO HEALTHCARE;http://www.codage.ext.cnamts.fr/cgi/tips/cgi-fiche?p_code_tips=1361154&p_date_jo_arrete=%25&p_menu=FICHE&p_site=AMELI
1361355;PANS., FIX., BANDE, EXTENS., AUTOADH, 4 M ETIRAGE ET LARG. 7 CM.,URGO HEALTHCARE;http://www.codage.ext.cnamts.fr/cgi/tips/cgi-fiche?p_code_tips=1361355&p_date_jo_arrete=%25&p_menu=FICHE&p_site=AMELI
1361728;PANS., FIX., BANDE, EXTENSIBLE, 4 M A L'ETIRAGE, LARGEUR 15 CM.,TETRA MEDICAL;http://www.codage.ext.cnamts.fr/cgi/tips/cgi-fiche?p_code_tips=1361728&p_date_jo_arrete=%25&p_menu=FICHE&p_site=AMELI
1362797;PANS., FIX., BANDE, EXTENSIBLE, 4 M A L ETIRAGE, LARGEUR 20 CM.,RAFFIN MEDICAL;http://www.codage.ext.cnamts.fr/cgi/tips/cgi-fiche?p_code_tips=1362797&p_date_jo_arrete=%25&p_menu=FICHE&p_site=AMELI
1363035;PANS., FIX., BANDE, EXTENSIBLE, 4 M A L ETIRAGE, LARGEUR 20 CM.,RAFFIN MEDICAL;http://www.codage.ext.cnamts.fr/cgi/tips/cgi-fiche?p_code_tips=1363035&p_date_jo_arrete=%25&p_menu=FICHE&p_site=AMELI
1363325;PANS., FIX., BANDE, EXTENSIBLE, 4 M A LETIRAGE, LARGEUR 5 CM.,L2N TRADING;http://www.codage.ext.cnamts.fr/cgi/tips/cgi-fiche?p_code_tips=1363325&p_date_jo_arrete=%25&p_menu=FICHE&p_site=AMELI
1364030;PANS., FIX., BANDE, EXTENSIBLE, 4 M A L'ETIRAGE, LARGEUR 5 CM.,MEDISTOCK;http://www.codage.ext.cnamts.fr/cgi/tips/cgi-fiche?p_code_tips=1364030&p_date_jo_arrete=%25&p_menu=FICHE&p_site=AMELI
1364129;PANS., FIX., BANDE, EXTENSIBLE, 4 M A L'ETIRAGE, LARGEUR 15 CM.,RAFFIN MEDICAL;http://www.codage.ext.cnamts.fr/cgi/tips/cgi-fiche?p_code_tips=1364129&p_date_jo_arrete=%25&p_menu=FICHE&p_site=AMELI
1364342;PANS., FIX., BANDE, EXTENSIBLE, 3 M A L ETIRAGE, LARGEUR 10 CM.,LABO TECHNO;http://www.codage.ext.cnamts.fr/cgi/tips/cgi-fiche?p_code_tips=1364342&p_date_jo_arrete=%25&p_menu=FICHE&p_site=AMELI
1364520;PANS., FIX., BANDE, EXTENSIBLE, 4 M A L'ETIRAGE, LARGEUR 15 CM.,URGO HEALTHCARE;http://www.codage.ext.cnamts.fr/cgi/tips/cgi-fiche?p_code_tips=1364520&p_date_jo_arrete=%25&p_menu=FICHE&p_site=AMELI
1364974;POCHETTE DE SUTURE ADHESIVE STERILE, 5 BANDES, 7,5 CM X 0,3 CM.,LABOKIT;http://www.codage.ext.cnamts.fr/cgi/tips/cgi-fiche?p_code_tips=1364974&p_date_jo_arrete=%25&p_menu=FICHE&p_site=AMELI
1365117;PANS., FIX., BANDE, EXTENSIBLE, 4 M A LETIRAGE, LARGEUR 10 CM.,L2N TRADING;http://www.codage.ext.cnamts.fr/cgi/tips/cgi-fiche?p_code_tips=1365117&p_date_jo_arrete=%25&p_menu=FICHE&p_site=AMELI
1365488;PANS., FIX., BANDE, EXTENSIBLE, 4 M A LETIRAGE, LARGEUR 10 CM.,L2N TRADING;http://www.codage.ext.cnamts.fr/cgi/tips/cgi-fiche?p_code_tips=1365488&p_date_jo_arrete=%25&p_menu=FICHE&p_site=AMELI
1365519;PANS., FIX., BANDE, EXTENSIBLE, 4 M A L'ETIRAGE, LARGEUR 5 CM.,BSN-RADIANTE;http://www.codage.ext.cnamts.fr/cgi/tips/cgi-fiche?p_code_tips=1365519&p_date_jo_arrete=%25&p_menu=FICHE&p_site=AMELI
1365755;POCHETTE DE SUTURE ADHESIVE STERILE, 10 BANDES, 10 CM x 0,6 CM.,MARQUE VERTE;http://www.codage.ext.cnamts.fr/cgi/tips/cgi-fiche?p_code_tips=1365755&p_date_jo_arrete=%25&p_menu=FICHE&p_site=AMELI
1365896;PANS., FIX., BANDE, EXTENSIBLE, 4 M A L'ETIRAGE, LARGEUR 15 CM.,URGO HEALTHCARE;http://www.codage.ext.cnamts.fr/cgi/tips/cgi-fiche?p_code_tips=1365896&p_date_jo_arrete=%25&p_menu=FICHE&p_site=AMELI
1366016;PANS., FIX., BANDE, EXTENS, AUTOADH, 4 M ETIRAGE ET LARG. 10 CM.,HARTMANN;http://www.codage.ext.cnamts.fr/cgi/tips/cgi-fiche?p_code_tips=1366016&p_date_jo_arrete=%25&p_menu=FICHE&p_site=AMELI
1366074;PANS., FIX., BANDE, EXTENS., AUTOADH, 4 M ETIRAGE ET LARG. 7 CM.,SYLAMED;http://www.codage.ext.cnamts.fr/cgi/tips/cgi-fiche?p_code_tips=1366074&p_date_jo_arrete=%25&p_menu=FICHE&p_site=AMELI
1366128;PANS., FIX., BANDE, EXTENSIBLE, 4 M A LETIRAGE, LARGEUR 10 CM.,L2N TRADING;http://www.codage.ext.cnamts.fr/cgi/tips/cgi-fiche?p_code_tips=1366128&p_date_jo_arrete=%25&p_menu=FICHE&p_site=AMELI
1367501;PANSEMENT, FIXATION, BANDE, CREPE, COTON, 4 M X 7 CM.,DIAS DE ANDRADE;http://www.codage.ext.cnamts.fr/cgi/tips/cgi-fiche?p_code_tips=1367501&p_date_jo_arrete=%25&p_menu=FICHE&p_site=AMELI
1367837;POCHETTE DE SUTURE ADHESIVE STERILE, 10 BANDES, 10 CM x 0,6 CM.,MYHOMECARE;http://www.codage.ext.cnamts.fr/cgi/tips/cgi-fiche?p_code_tips=1367837&p_date_jo_arrete=%25&p_menu=FICHE&p_site=AMELI
1368222;POCHETTE DE SUTURE ADHESIVE STERILE, 10 BANDES, 10 CM x 0,6 CM.,3M FRANCE;http://www.codage.ext.cnamts.fr/cgi/tips/cgi-fiche?p_code_tips=1368222&p_date_jo_arrete=%25&p_menu=FICHE&p_site=AMELI
1368363;PANS., FIX., BANDE, EXTENS, AUTOADH, 4 M ETIRAGE ET LARG. 10 CM.,MARQUE VERTE;http://www.codage.ext.cnamts.fr/cgi/tips/cgi-fiche?p_code_tips=1368363&p_date_jo_arrete=%25&p_menu=FICHE&p_site=AMELI
1368370;PANS., FIX., BANDE, EXTENS, AUTOADH, 4 M ETIRAGE ET LARG. 10 CM.,MARQUE VERTE;http://www.codage.ext.cnamts.fr/cgi/tips/cgi-fiche?p_code_tips=1368370&p_date_jo_arrete=%25&p_menu=FICHE&p_site=AMELI
1368587;BANDE EN MOUSSE POUR CAPITONNAGE, TOUT MODELE,THUASNE;http://www.codage.ext.cnamts.fr/cgi/tips/cgi-fiche?p_code_tips=1368587&p_date_jo_arrete=%25&p_menu=FICHE&p_site=AMELI
1368908;PANS., FIX., BANDE, EXTENSIBLE, 4 M A L'ETIRAGE, LARGEUR 15 CM.,MARQUE VERTE;http://www.codage.ext.cnamts.fr/cgi/tips/cgi-fiche?p_code_tips=1368908&p_date_jo_arrete=%25&p_menu=FICHE&p_site=AMELI
1369322;PANS., FIX., BANDE, EXTENS., AUTOADH, 4 M ETIRAGE ET LARG. 6 CM.,LABOKIT;http://www.codage.ext.cnamts.fr/cgi/tips/cgi-fiche?p_code_tips=1369322&p_date_jo_arrete=%25&p_menu=FICHE&p_site=AMELI
1370064;PANS., FIX., BANDE, EXTENSIBLE, 4 M A L ETIRAGE, LARGEUR 20 CM.,RAFFIN MEDICAL;http://www.codage.ext.cnamts.fr/cgi/tips/cgi-fiche?p_code_tips=1370064&p_date_jo_arrete=%25&p_menu=FICHE&p_site=AMELI
1370213;POCHETTE DE SUTURE ADHESIVE STERILE, 10 BANDES, 10 CM x 0,6 CM.,MARQUE VERTE;http://www.codage.ext.cnamts.fr/cgi/tips/cgi-fiche?p_code_tips=1370213&p_date_jo_arrete=%25&p_menu=FICHE&p_site=AMELI
1370236;POCHETTE DE SUTURE ADHESIVE STERILE, 10 BANDES, 10 CM x 0,6 CM.,MARQUE VERTE;http://www.codage.ext.cnamts.fr/cgi/tips/cgi-fiche?p_code_tips=1370236&p_date_jo_arrete=%25&p_menu=FICHE&p_site=AMELI
1370526;PANS., FIX., BANDE, EXTENS., AUTOADH, 4 M ETIRAGE ET LARG. 6 CM.,LABOKIT;http://www.codage.ext.cnamts.fr/cgi/tips/cgi-fiche?p_code_tips=1370526&p_date_jo_arrete=%25&p_menu=FICHE&p_site=AMELI
1370673;PANS., FIX., BANDE, EXTENS., AUTOADH, 4 M ETIRAGE ET LARG. 6 CM.,LABOKIT;http://www.codage.ext.cnamts.fr/cgi/tips/cgi-fiche?p_code_tips=1370673&p_date_jo_arrete=%25&p_menu=FICHE&p_site=AMELI
1370704;POCHETTE DE SUTURE ADHESIVE STERILE, 3 BANDES, 7,5 CM X 0,6 CM.,GIPHAR;http://www.codage.ext.cnamts.fr/cgi/tips/cgi-fiche?p_code_tips=1370704&p_date_jo_arrete=%25&p_menu=FICHE&p_site=AMELI
1370800;PANS., FIX., BANDE, EXTENS, AUTOADH, 4 M ETIRAGE ET LARG. 10 CM.,MARQUE VERTE;http://www.codage.ext.cnamts.fr/cgi/tips/cgi-fiche?p_code_tips=1370800&p_date_jo_arrete=%25&p_menu=FICHE&p_site=AMELI
1370897;RONDELLES OCULAIRES STERILES DE GAZE HYDROPHILE, BOITE DE 10,CEORA;http://www.codage.ext.cnamts.fr/cgi/tips/cgi-fiche?p_code_tips=1370897&p_date_jo_arrete=%25&p_menu=FICHE&p_site=AMELI
1371030;PANSEMENT, FIXATION, BANDE, EXTENSIBLE, AUTOADHE, 4 M ETIRAGE ET LARGEUR 12 CM.;http://www.codage.ext.cnamts.fr/cgi/tips/cgi-fiche?p_code_tips=1371030&p_date_jo_arrete=%25&p_menu=FICHE&p_site=AMELI
1371388;PANS., FIX., BANDE, EXTENSIBLE, 4 M A L ETIRAGE, LARGEUR 15 CM.,LABO TECHNO;http://www.codage.ext.cnamts.fr/cgi/tips/cgi-fiche?p_code_tips=1371388&p_date_jo_arrete=%25&p_menu=FICHE&p_site=AMELI
1371508;PANS., FIX., BANDE, EXTENSIBLE, 3 M A L ETIRAGE, LARGEUR 10 CM.,LABO TECHNO;http://www.codage.ext.cnamts.fr/cgi/tips/cgi-fiche?p_code_tips=1371508&p_date_jo_arrete=%25&p_menu=FICHE&p_site=AMELI
1371974;POCHETTE DE SUTURE ADHESIVE STERILE, 10 BANDES, 10 CM x 0,6 CM.,MARQUE VERTE;http://www.codage.ext.cnamts.fr/cgi/tips/cgi-fiche?p_code_tips=1371974&p_date_jo_arrete=%25&p_menu=FICHE&p_site=AMELI
1372420;POCHETTE DE SUTURE ADHESIVE STERILE, 5 BANDES, 7,5 CM x 0,3 CM.,BSN-RADIANTE;http://www.codage.ext.cnamts.fr/cgi/tips/cgi-fiche?p_code_tips=1372420&p_date_jo_arrete=%25&p_menu=FICHE&p_site=AMELI
1372672;PANS., FIX., BANDE, EXTENSIBLE, 3 M A L ETIRAGE, LARGEUR 10 CM.,LABO TECHNO;http://www.codage.ext.cnamts.fr/cgi/tips/cgi-fiche?p_code_tips=1372672&p_date_jo_arrete=%25&p_menu=FICHE&p_site=AMELI
1372689;PANS., FIX., BANDE, EXTENS., AUTOADH, 4 M ETIRAGE ET LARG. 4 CM.,HARTMANN;http://www.codage.ext.cnamts.fr/cgi/tips/cgi-fiche?p_code_tips=1372689&p_date_jo_arrete=%25&p_menu=FICHE&p_site=AMELI
1373565;POCHETTE DE SUTURE ADHESIVE STERILE, 5 BANDES, 7,5 CM X 0,3 CM.,LABOKIT;http://www.codage.ext.cnamts.fr/cgi/tips/cgi-fiche?p_code_tips=1373565&p_date_jo_arrete=%25&p_menu=FICHE&p_site=AMELI
1373625;PANS., FIX., BANDE, EXTENS., AUTOADH, 4 M ETIRAGE ET LARG. 8 CM.,HARTMANN;http://www.codage.ext.cnamts.fr/cgi/tips/cgi-fiche?p_code_tips=1373625&p_date_jo_arrete=%25&p_menu=FICHE&p_site=AMELI
1374300;PANS., FIX., BANDE, EXTENSIBLE, 4 M A L'ETIRAGE, LARGEUR 15 CM.,URGO HEALTHCARE;http://www.codage.ext.cnamts.fr/cgi/tips/cgi-fiche?p_code_tips=1374300&p_date_jo_arrete=%25&p_menu=FICHE&p_site=AMELI
1374694;RONDELLES OCULAIRES STERILES DE GAZE HYDROPHILE, BOITE DE 10,CEORA;http://www.codage.ext.cnamts.fr/cgi/tips/cgi-fiche?p_code_tips=1374694&p_date_jo_arrete=%25&p_menu=FICHE&p_site=AMELI
1374932;RONDELLES OCULAIRES STERILES DE GAZE HYDROPHILE, BOITE DE 10,CEORA;http://www.codage.ext.cnamts.fr/cgi/tips/cgi-fiche?p_code_tips=1374932&p_date_jo_arrete=%25&p_menu=FICHE&p_site=AMELI
1375475;PANS., FIX., BANDE, EXTENSIBLE, 4 M A L'ETIRAGE, LARGEUR 15 CM.,URGO HEALTHCARE;http://www.codage.ext.cnamts.fr/cgi/tips/cgi-fiche?p_code_tips=1375475&p_date_jo_arrete=%25&p_menu=FICHE&p_site=AMELI
1375618;RONDELLES OCULAIRES STERILES DE GAZE HYDROPHILE, BOITE DE 10,TETRA MEDICAL;http://www.codage.ext.cnamts.fr/cgi/tips/cgi-fiche?p_code_tips=1375618&p_date_jo_arrete=%25&p_menu=FICHE&p_site=AMELI
1376730;POCHETTE DE SUTURE ADHESIVE STERILE, 10 BANDES, 10 CM x 0,6 CM.,MYHOMECARE;http://www.codage.ext.cnamts.fr/cgi/tips/cgi-fiche?p_code_tips=1376730&p_date_jo_arrete=%25&p_menu=FICHE&p_site=AMELI
1376990;PANS., FIX., BANDE, EXTENSIBLE, 3 M A L ETIRAGE, LARGEUR 10 CM.,LABO TECHNO;http://www.codage.ext.cnamts.fr/cgi/tips/cgi-fiche?p_code_tips=1376990&p_date_jo_arrete=%25&p_menu=FICHE&p_site=AMELI
1377860;PANS., FIX., BANDE, EXTENSIBLE, 3 M A L ETIRAGE, LARGEUR 10 CM.,LABO TECHNO;http://www.codage.ext.cnamts.fr/cgi/tips/cgi-fiche?p_code_tips=1377860&p_date_jo_arrete=%25&p_menu=FICHE&p_site=AMELI
1378462;RONDELLES OCULAIRES STERILES DE GAZE HYDROPHILE, BOITE DE 10,TETRA MEDICAL;http://www.codage.ext.cnamts.fr/cgi/tips/cgi-fiche?p_code_tips=1378462&p_date_jo_arrete=%25&p_menu=FICHE&p_site=AMELI
1378858;PANS., FIX., BANDE, EXTENS., AUTOADH, 4 M ETIRAGE ET LARG. 6 CM.,HARTMANN;http://www.codage.ext.cnamts.fr/cgi/tips/cgi-fiche?p_code_tips=1378858&p_date_jo_arrete=%25&p_menu=FICHE&p_site=AMELI
1379088;POCHETTE DE SUTURE ADHESIVE STERILE, 10 BANDES, 10 CM x 0,6 CM.,MARQUE VERTE;http://www.codage.ext.cnamts.fr/cgi/tips/cgi-fiche?p_code_tips=1379088&p_date_jo_arrete=%25&p_menu=FICHE&p_site=AMELI
1380097;POCHETTE DE SUTURE ADHESIVE STERILE, 3 BANDES, 7,5 CM X 0,6 CM.,EUROMEDIS;http://www.codage.ext.cnamts.fr/cgi/tips/cgi-fiche?p_code_tips=1380097&p_date_jo_arrete=%25&p_menu=FICHE&p_site=AMELI
1380915;POCHETTE DE SUTURE ADHESIVE STERILE, 10 BANDES, 10 CM x 0,6 CM.,URGO HEALTHCARE;http://www.codage.ext.cnamts.fr/cgi/tips/cgi-fiche?p_code_tips=1380915&p_date_jo_arrete=%25&p_menu=FICHE&p_site=AMELI
1381056;POCHETTE DE SUTURE ADHESIVE STERILE, 10 BANDES, 10 CM x 0,6 CM.,MARQUE VERTE;http://www.codage.ext.cnamts.fr/cgi/tips/cgi-fiche?p_code_tips=1381056&p_date_jo_arrete=%25&p_menu=FICHE&p_site=AMELI
1381100;POCHETTE DE SUTURE ADHESIVE STERILE, 5 BANDES, 7,5 CM x 0,3 CM.,SOINEO;http://www.codage.ext.cnamts.fr/cgi/tips/cgi-fiche?p_code_tips=1381100&p_date_jo_arrete=%25&p_menu=FICHE&p_site=AMELI
1381576;POCHETTE DE SUTURE ADHESIVE STERILE, 10 BANDES, 10 CM X 0,6 CM.,EUROMEDIS;http://www.codage.ext.cnamts.fr/cgi/tips/cgi-fiche?p_code_tips=1381576&p_date_jo_arrete=%25&p_menu=FICHE&p_site=AMELI
1382541;PANS., FIX., BANDE, EXTENSIBLE, 4 M A L'ETIRAGE, LARGEUR 15 CM.,URGO HEALTHCARE;http://www.codage.ext.cnamts.fr/cgi/tips/cgi-fiche?p_code_tips=1382541&p_date_jo_arrete=%25&p_menu=FICHE&p_site=AMELI
1382558;PANS., FIX., BANDE, EXTENSIBLE, 4 M A L'ETIRAGE, LARGEUR 5 CM.,MEDISTOCK;http://www.codage.ext.cnamts.fr/cgi/tips/cgi-fiche?p_code_tips=1382558&p_date_jo_arrete=%25&p_menu=FICHE&p_site=AMELI
1382883;PANS., FIX., BANDE, EXTENSIBLE, 4 M A L'ETIRAGE, LARGEUR 7 CM.,RAFFIN MEDICAL;http://www.codage.ext.cnamts.fr/cgi/tips/cgi-fiche?p_code_tips=1382883&p_date_jo_arrete=%25&p_menu=FICHE&p_site=AMELI
1383010;PANS., FIX., BANDE, EXTENSIBLE, 3 M A L'ETIRAGE, LARGEUR 5 CM.,MARQUE VERTE;http://www.codage.ext.cnamts.fr/cgi/tips/cgi-fiche?p_code_tips=1383010&p_date_jo_arrete=%25&p_menu=FICHE&p_site=AMELI
1383144;POCHETTE DE SUTURE ADHESIVE STERILE, 10 BANDES, 10 CM x 0,6 CM.,MARQUE VERTE;http://www.codage.ext.cnamts.fr/cgi/tips/cgi-fiche?p_code_tips=1383144&p_date_jo_arrete=%25&p_menu=FICHE&p_site=AMELI
1383397;PANSEMENT, FIXATION, BANDE, CREPE, COTON, 4 M X 7 CM.,LABOKIT;http://www.codage.ext.cnamts.fr/cgi/tips/cgi-fiche?p_code_tips=1383397&p_date_jo_arrete=%25&p_menu=FICHE&p_site=AMELI
1383530;PANS., FIX., BANDE, EXTENSIBLE, 4 M A L'ETIRAGE, LARGEUR 10 CM.,URGO HEALTHCARE;http://www.codage.ext.cnamts.fr/cgi/tips/cgi-fiche?p_code_tips=1383530&p_date_jo_arrete=%25&p_menu=FICHE&p_site=AMELI
1383641;PANS., FIX., BANDE, EXTENSIBLE, 3 M A L'ETIRAGE, LARGEUR 7 CM.,HARTMANN;http://www.codage.ext.cnamts.fr/cgi/tips/cgi-fiche?p_code_tips=1383641&p_date_jo_arrete=%25&p_menu=FICHE&p_site=AMELI
1384847;POCHETTE DE SUTURE ADHESIVE STERILE, 10 BANDES, 10 CM x 0,6 CM.,MARQUE VERTE;http://www.codage.ext.cnamts.fr/cgi/tips/cgi-fiche?p_code_tips=1384847&p_date_jo_arrete=%25&p_menu=FICHE&p_site=AMELI
1384853;PANS., FIX., BANDE, EXTENSIBLE, 4 M A L'ETIRAGE, LARGEUR 5 CM.,BSN-RADIANTE;http://www.codage.ext.cnamts.fr/cgi/tips/cgi-fiche?p_code_tips=1384853&p_date_jo_arrete=%25&p_menu=FICHE&p_site=AMELI
1384988;PANS., FIX., BANDE, EXTENSIBLE, 4 M A L'ETIRAGE, LARGEUR 7 CM.,HARTMANN;http://www.codage.ext.cnamts.fr/cgi/tips/cgi-fiche?p_code_tips=1384988&p_date_jo_arrete=%25&p_menu=FICHE&p_site=AMELI
1385249;PANS., FIX., BANDE, EXTENSIBLE, 4 M A LETIRAGE, LARGEUR 10 CM.,L2N TRADING;http://www.codage.ext.cnamts.fr/cgi/tips/cgi-fiche?p_code_tips=1385249&p_date_jo_arrete=%25&p_menu=FICHE&p_site=AMELI
1385663;PANS., FIX., BANDE, EXTENSIBLE, 4 M A L'ETIRAGE, LARGEUR 7 CM.,URGO HEALTHCARE;http://www.codage.ext.cnamts.fr/cgi/tips/cgi-fiche?p_code_tips=1385663&p_date_jo_arrete=%25&p_menu=FICHE&p_site=AMELI
1387113;PANS., FIX., BANDE, EXTENSIBLE, 3 M A L ETIRAGE, LARGEUR 10 CM.,LABO TECHNO;http://www.codage.ext.cnamts.fr/cgi/tips/cgi-fiche?p_code_tips=1387113&p_date_jo_arrete=%25&p_menu=FICHE&p_site=AMELI
1387314;POCHETTE DE SUTURE ADHESIVE STERILE, 5 BANDES, 7,5 CM x 0,3 CM.,MYHOMECARE;http://www.codage.ext.cnamts.fr/cgi/tips/cgi-fiche?p_code_tips=1387314&p_date_jo_arrete=%25&p_menu=FICHE&p_site=AMELI
1387426;COUSSINS POUR CONTENTION, PANS.S ELASTO-COMPRESSIFS, TOUT MODELE,THUASNE;http://www.codage.ext.cnamts.fr/cgi/tips/cgi-fiche?p_code_tips=1387426&p_date_jo_arrete=%25&p_menu=FICHE&p_site=AMELI
1387923;PANS., FIX., BANDE, EXTENSIBLE, 4 M A L'ETIRAGE, LARGEUR 5 CM.,RAFFIN MEDICAL;http://www.codage.ext.cnamts.fr/cgi/tips/cgi-fiche?p_code_tips=1387923&p_date_jo_arrete=%25&p_menu=FICHE&p_site=AMELI
1388153;PANS., FIX., BANDE, EXTENSIBLE, 4 M A LETIRAGE, LARGEUR 10 CM.,L2N TRADING;http://www.codage.ext.cnamts.fr/cgi/tips/cgi-fiche?p_code_tips=1388153&p_date_jo_arrete=%25&p_menu=FICHE&p_site=AMELI
1388242;BANDE EN MOUSSE POUR CAPITONNAGE, TOUT MODELE,THUASNE;http://www.codage.ext.cnamts.fr/cgi/tips/cgi-fiche?p_code_tips=1388242&p_date_jo_arrete=%25&p_menu=FICHE&p_site=AMELI
1388319;PANS., FIX., BANDE, EXTENS., AUTOADH, 4 M ETIRAGE ET LARG. 6 CM.,LABOKIT;http://www.codage.ext.cnamts.fr/cgi/tips/cgi-fiche?p_code_tips=1388319&p_date_jo_arrete=%25&p_menu=FICHE&p_site=AMELI
1389112;RONDELLES OCULAIRES STERILES DE GAZE HYDROPHILE, BOITE DE 10,TETRA MEDICAL;http://www.codage.ext.cnamts.fr/cgi/tips/cgi-fiche?p_code_tips=1389112&p_date_jo_arrete=%25&p_menu=FICHE&p_site=AMELI
1389320;PANS., FIX., BANDE, EXTENSIBLE, 4 M A L'ETIRAGE, LARGEUR 15 CM.,URGO HEALTHCARE;http://www.codage.ext.cnamts.fr/cgi/tips/cgi-fiche?p_code_tips=1389320&p_date_jo_arrete=%25&p_menu=FICHE&p_site=AMELI
1389603;POCHETTE DE SUTURE ADHESIVE STERILE, 3 BANDES, 7,5 CM X 0,6 CM.,EUROMEDIS;http://www.codage.ext.cnamts.fr/cgi/tips/cgi-fiche?p_code_tips=1389603&p_date_jo_arrete=%25&p_menu=FICHE&p_site=AMELI
1390010;PANS., FIX., BANDE, EXTENSIBLE, 3 M A L'ETIRAGE, LARGEUR 7 CM.,HARTMANN;http://www.codage.ext.cnamts.fr/cgi/tips/cgi-fiche?p_code_tips=1390010&p_date_jo_arrete=%25&p_menu=FICHE&p_site=AMELI
1390055;PANS., FIX., BANDE, EXTENSIBLE, 4 M A LETIRAGE, LARGEUR 10 CM.,L2N TRADING;http://www.codage.ext.cnamts.fr/cgi/tips/cgi-fiche?p_code_tips=1390055&p_date_jo_arrete=%25&p_menu=FICHE&p_site=AMELI
1391089;PANS., FIX., BANDE, EXTENSIBLE, 4 M A LETIRAGE, LARGEUR 7 CM.,L2N TRADING;http://www.codage.ext.cnamts.fr/cgi/tips/cgi-fiche?p_code_tips=1391089&p_date_jo_arrete=%25&p_menu=FICHE&p_site=AMELI
1392367;PANS., FIX., BANDE, EXTENSIBLE, 4 M A L'ETIRAGE, LARGEUR 15 CM.,URGO HEALTHCARE;http://www.codage.ext.cnamts.fr/cgi/tips/cgi-fiche?p_code_tips=1392367&p_date_jo_arrete=%25&p_menu=FICHE&p_site=AMELI
1392574;PANS., FIX., BANDE, EXTENS., AUTOADH, 4 M ETIRAGE ET LARG. 6 CM.,HARTMANN;http://www.codage.ext.cnamts.fr/cgi/tips/cgi-fiche?p_code_tips=1392574&p_date_jo_arrete=%25&p_menu=FICHE&p_site=AMELI
1392717;PANS., FIX., BANDE, EXTENSIBLE, 4 M A LETIRAGE, LARGEUR 10 CM.,L2N TRADING;http://www.codage.ext.cnamts.fr/cgi/tips/cgi-fiche?p_code_tips=1392717&p_date_jo_arrete=%25&p_menu=FICHE&p_site=AMELI
1392798;BANDE EN MOUSSE POUR CAPITONNAGE, TOUT MODELE,THUASNE;http://www.codage.ext.cnamts.fr/cgi/tips/cgi-fiche?p_code_tips=1392798&p_date_jo_arrete=%25&p_menu=FICHE&p_site=AMELI
1393326;POCHETTE DE SUTURE ADHESIVE STERILE, 5 BANDES, 7,5 CM x 0,3 CM.,MYHOMECARE;http://www.codage.ext.cnamts.fr/cgi/tips/cgi-fiche?p_code_tips=1393326&p_date_jo_arrete=%25&p_menu=FICHE&p_site=AMELI
1393616;PANS., FIX., BANDE, EXTENSIBLE, 3 M A L ETIRAGE, LARGEUR 10 CM.,LABO TECHNO;http://www.codage.ext.cnamts.fr/cgi/tips/cgi-fiche?p_code_tips=1393616&p_date_jo_arrete=%25&p_menu=FICHE&p_site=AMELI
1393987;PANSEMENT, FIXATION, BANDE, CREPE, COTON, 4 M X 5 CM.,HARTMANN;http://www.codage.ext.cnamts.fr/cgi/tips/cgi-fiche?p_code_tips=1393987&p_date_jo_arrete=%25&p_menu=FICHE&p_site=AMELI
1394159;PANS., FIX., BANDE, EXTENSIBLE, 4 M A L'ETIRAGE, LARGEUR 15 CM.,URGO HEALTHCARE;http://www.codage.ext.cnamts.fr/cgi/tips/cgi-fiche?p_code_tips=1394159&p_date_jo_arrete=%25&p_menu=FICHE&p_site=AMELI
1394202;POCHETTE DE SUTURE ADHESIVE STERILE, 5 BANDES, 7,5 CM x 0,3 CM.,SOINEO;http://www.codage.ext.cnamts.fr/cgi/tips/cgi-fiche?p_code_tips=1394202&p_date_jo_arrete=%25&p_menu=FICHE&p_site=AMELI
1394751;PANS., FIX., BANDE, EXTENSIBLE, 3 M A L ETIRAGE, LARGEUR 10 CM.,LABO TECHNO;http://www.codage.ext.cnamts.fr/cgi/tips/cgi-fiche?p_code_tips=1394751&p_date_jo_arrete=%25&p_menu=FICHE&p_site=AMELI
1395526;PANS., FIX., BANDE, EXTENS, AUTOADH, 4 M ETIRAGE ET LARG. 10 CM.,MARQUE VERTE;http://www.codage.ext.cnamts.fr/cgi/tips/cgi-fiche?p_code_tips=1395526&p_date_jo_arrete=%25&p_menu=FICHE&p_site=AMELI
1395816;POCHETTE DE SUTURE ADHESIVE STERILE, 10 BANDES, 10 CM x 0,6 CM.,URGO HEALTHCARE;http://www.codage.ext.cnamts.fr/cgi/tips/cgi-fiche?p_code_tips=1395816&p_date_jo_arrete=%25&p_menu=FICHE&p_site=AMELI
1395839;PANS., FIX., BANDE, EXTENS, AUTOADH, 4 M ETIRAGE ET LARG. 10 CM.,MARQUE VERTE;http://www.codage.ext.cnamts.fr/cgi/tips/cgi-fiche?p_code_tips=1395839&p_date_jo_arrete=%25&p_menu=FICHE&p_site=AMELI
1396218;PANS., FIX., BANDE, EXTENSIBLE, 3 M A L ETIRAGE, LARGEUR 10 CM.,LABO TECHNO;http://www.codage.ext.cnamts.fr/cgi/tips/cgi-fiche?p_code_tips=1396218&p_date_jo_arrete=%25&p_menu=FICHE&p_site=AMELI
1396632;PANS., FIX., BANDE, EXTENSIBLE, 4 M A LETIRAGE, LARGEUR 10 CM.,L2N TRADING;http://www.codage.ext.cnamts.fr/cgi/tips/cgi-fiche?p_code_tips=1396632&p_date_jo_arrete=%25&p_menu=FICHE&p_site=AMELI
1396655;PANS., FIX., BANDE, EXTENSIBLE, 3 M A L ETIRAGE, LARGEUR 10 CM.,LABO TECHNO;http://www.codage.ext.cnamts.fr/cgi/tips/cgi-fiche?p_code_tips=1396655&p_date_jo_arrete=%25&p_menu=FICHE&p_site=AMELI
1396773;COUSSINS POUR CONTENTION, PANS.S ELASTO-COMPRESSIFS, TOUT MODELE,BSN-RADIANTE;http://www.codage.ext.cnamts.fr/cgi/tips/cgi-fiche?p_code_tips=1396773&p_date_jo_arrete=%25&p_menu=FICHE&p_site=AMELI
1396891;PANSEMENT, FIXATION, BANDE, CREPE, COTON, 4 M X 7 CM.,RAFFIN MEDICAL;http://www.codage.ext.cnamts.fr/cgi/tips/cgi-fiche?p_code_tips=1396891&p_date_jo_arrete=%25&p_menu=FICHE&p_site=AMELI
1396939;PANSEMENT, FIXATION, BANDE, CREPE, COTON, 4 M X 7 CM.,RAFFIN MEDICAL;http://www.codage.ext.cnamts.fr/cgi/tips/cgi-fiche?p_code_tips=1396939&p_date_jo_arrete=%25&p_menu=FICHE&p_site=AMELI
1397620;PANSEMENT ANATOMIQUE ABSORP IMPTE, ADH, 215 CM2,HARTMANN,PERMAFOAM CONCAVE,B10;http://www.codage.ext.cnamts.fr/cgi/tips/cgi-fiche?p_code_tips=1397620&p_date_jo_arrete=%25&p_menu=FICHE&p_site=AMELI
1397732;POCHETTE DE SUTURE ADHESIVE STERILE, 10 BANDES, 10 CM x 0,6 CM.,MARQUE VERTE;http://www.codage.ext.cnamts.fr/cgi/tips/cgi-fiche?p_code_tips=1397732&p_date_jo_arrete=%25&p_menu=FICHE&p_site=AMELI
1398499;POCHETTE DE SUTURE ADHESIVE STERILE, 5 BANDES, 7,5 CM x 0,3 CM.,SOINEO;http://www.codage.ext.cnamts.fr/cgi/tips/cgi-fiche?p_code_tips=1398499&p_date_jo_arrete=%25&p_menu=FICHE&p_site=AMELI
1398708;PANS., FIX., BANDE, EXTENSIBLE, 4 M A LETIRAGE, LARGEUR 10 CM.,L2N TRADING;http://www.codage.ext.cnamts.fr/cgi/tips/cgi-fiche?p_code_tips=1398708&p_date_jo_arrete=%25&p_menu=FICHE&p_site=AMELI
1399205;PANS., FIX., BANDE, EXTENSIBLE, 4 M A L'ETIRAGE, LARGEUR 5 CM.,BSN-RADIANTE;http://www.codage.ext.cnamts.fr/cgi/tips/cgi-fiche?p_code_tips=1399205&p_date_jo_arrete=%25&p_menu=FICHE&p_site=AMELI
1399895;PANS., FIX., BANDE, EXTENSIBLE, 3 M A L ETIRAGE, LARGEUR 10 CM.,LABO TECHNO;http://www.codage.ext.cnamts.fr/cgi/tips/cgi-fiche?p_code_tips=1399895&p_date_jo_arrete=%25&p_menu=FICHE&p_site=AMELI
1612544;DMN-TSM, INSU RESPIRATOIRE PATIENT ADULTE FORFAIT MENSUEL,PREDIMED TECHNOLOGY;http://www.codage.ext.cnamts.fr/cgi/tips/cgi-fiche?p_code_tips=1612544&p_date_jo_arrete=%25&p_menu=FICHE&p_site=AMELI
1643272;DMN-TSM, TLS DEFIBRILLATEUR OU STIMULATEUR CARDIAQUE, FORFAIT MENSUEL,IMPLICITY;http://www.codage.ext.cnamts.fr/cgi/tips/cgi-fiche?p_code_tips=1643272&p_date_jo_arrete=%25&p_menu=FICHE&p_site=AMELI
1654962;DMN-TSM, IRC DIALYSE TRANSPLANT FORFAIT MENSUEL, ENGENERING MEDICAL APPLICATION;http://www.codage.ext.cnamts.fr/cgi/tips/cgi-fiche?p_code_tips=1654962&p_date_jo_arrete=%25&p_menu=FICHE&p_site=AMELI
1659468;DMN-TSM,TLS DEFIBRILLATEUR OU STIMULATEUR CARDIAQUE,FORFAIT SEMESTRIEL,MICROPORT;http://www.codage.ext.cnamts.fr/cgi/tips/cgi-fiche?p_code_tips=1659468&p_date_jo_arrete=%25&p_menu=FICHE&p_site=AMELI
1662186;DMN-TSM,TLS DEFIBRILLATEUR OU STIMULATEUR CARDIAQUE,FORFAIT SEMESTRIEL,MEDTRONIC;http://www.codage.ext.cnamts.fr/cgi/tips/cgi-fiche?p_code_tips=1662186&p_date_jo_arrete=%25&p_menu=FICHE&p_site=AMELI
1668102;DMN-TSM, INSU RENALE CHRONIQUE DIALYSE TRANSPLANT FORFAIT MENSUEL,PREDICT4HEALTH;http://www.codage.ext.cnamts.fr/cgi/tips/cgi-fiche?p_code_tips=1668102&p_date_jo_arrete=%25&p_menu=FICHE&p_site=AMELI
1694358;DMN-TSM,TLS DEFIBRILLATEUR OU STIMULATEUR CARDIAQUE,FORFAIT SEMESTRIEL,MEDTRONIC;http://www.codage.ext.cnamts.fr/cgi/tips/cgi-fiche?p_code_tips=1694358&p_date_jo_arrete=%25&p_menu=FICHE&p_site=AMELI
2102986;VETEM COMPR., SUPP. GILET SANS MANCHE, CONFORMATEUR STERNAL,CERECARE;http://www.codage.ext.cnamts.fr/cgi/tips/cgi-fiche?p_code_tips=2102986&p_date_jo_arrete=%25&p_menu=FICHE&p_site=AMELI
2103661;VETEM COMPR, SUPP. GANT OUVERT OU FERME, SEPARATEUR INTERDIGITAL,NOVATEX MEDICAL;http://www.codage.ext.cnamts.fr/cgi/tips/cgi-fiche?p_code_tips=2103661&p_date_jo_arrete=%25&p_menu=FICHE&p_site=AMELI
2104525;COR. ORTHO., MAIN-POIGNET, ORTHESE DYNAMIQUE, EXTENSION MP,PERFORM HEALTH;http://www.codage.ext.cnamts.fr/cgi/tips/cgi-fiche?p_code_tips=2104525&p_date_jo_arrete=%25&p_menu=FICHE&p_site=AMELI
2104637;CORRECTION ORTHOPEDIQUE, GENOU, ATTELLE ET ORTHESE NON ARTICULEE,ORTHO MORINIERE;http://www.codage.ext.cnamts.fr/cgi/tips/cgi-fiche?p_code_tips=2104637&p_date_jo_arrete=%25&p_menu=FICHE&p_site=AMELI
2105938;COR. ORTHO., PIED, ORTH. STABILISATRICE CHEVILLE, PLAN FRONTAL,COOP PHARMA FR;http://www.codage.ext.cnamts.fr/cgi/tips/cgi-fiche?p_code_tips=2105938&p_date_jo_arrete=%25&p_menu=FICHE&p_site=AMELI
2106719;VETEMENT COMPRESSIF, SUPPLEMENT GILET SANS MANCHE, MANCHE LONGUE,MEDICAL Z;http://www.codage.ext.cnamts.fr/cgi/tips/cgi-fiche?p_code_tips=2106719&p_date_jo_arrete=%25&p_menu=FICHE&p_site=AMELI
2107972;CORRECTION ORTHOPEDIQUE, PIED, ATTELLE RELEVEUR DE PIED DE SERIE,OKM QUIMICA ORT;http://www.codage.ext.cnamts.fr/cgi/tips/cgi-fiche?p_code_tips=2107972&p_date_jo_arrete=%25&p_menu=FICHE&p_site=AMELI
2109534;CORRECTION ORTHOPEDIQUE, PIED, ATTELLE ARTICULEE SANS CHAUSSURES,GIMED LAB;http://www.codage.ext.cnamts.fr/cgi/tips/cgi-fiche?p_code_tips=2109534&p_date_jo_arrete=%25&p_menu=FICHE&p_site=AMELI
2112269;VETEMENT COMPRESSIF, SUPPLEMENT GILET SANS MANCHE, MANCHE LONGUE,THUASNE;http://www.codage.ext.cnamts.fr/cgi/tips/cgi-fiche?p_code_tips=2112269&p_date_jo_arrete=%25&p_menu=FICHE&p_site=AMELI
2113174;COR. ORTHO., MAIN-POIGNET, ORTH. POSITIONT, DEVIATION CUBITALE,VESINET ORTHO;http://www.codage.ext.cnamts.fr/cgi/tips/cgi-fiche?p_code_tips=2113174&p_date_jo_arrete=%25&p_menu=FICHE&p_site=AMELI
2116741;COR. ORTHO., HANCHE, COUSSIN D'ABDUCTION, MEMBRE INF., ENFANT,PERFORM HEALTH;http://www.codage.ext.cnamts.fr/cgi/tips/cgi-fiche?p_code_tips=2116741&p_date_jo_arrete=%25&p_menu=FICHE&p_site=AMELI
2117500;COR. ORTHO., HANCHE, COUSSIN D'ABDUCTION, MEMBRE INF., ENFANT,NEUT;http://www.codage.ext.cnamts.fr/cgi/tips/cgi-fiche?p_code_tips=2117500&p_date_jo_arrete=%25&p_menu=FICHE&p_site=AMELI
2118823;CORRECTION ORTHOPEDIQUE, GENOU, ATTELLE ET ORTHESE NON ARTICULEE,COOP PHARMA FR;http://www.codage.ext.cnamts.fr/cgi/tips/cgi-fiche?p_code_tips=2118823&p_date_jo_arrete=%25&p_menu=FICHE&p_site=AMELI
2120725;CORRECTION ORTHOPEDIQUE, PIED, ATTELLE RELEVEUR DE PIED DE SERIE,PERFORM HEALTH;http://www.codage.ext.cnamts.fr/cgi/tips/cgi-fiche?p_code_tips=2120725&p_date_jo_arrete=%25&p_menu=FICHE&p_site=AMELI
2120790;CORRECTION ORTHOPEDIQUE, GENOU, ATTELLE ET ORTHESE NON ARTICULEE,OSSUR EUROPE;http://www.codage.ext.cnamts.fr/cgi/tips/cgi-fiche?p_code_tips=2120790&p_date_jo_arrete=%25&p_menu=FICHE&p_site=AMELI
2122121;COR. ORTHO., MAIN-POIGNET, ORTHESE STATIQUE, POIGNET-RIGIDE,MILLET INNOV;http://www.codage.ext.cnamts.fr/cgi/tips/cgi-fiche?p_code_tips=2122121&p_date_jo_arrete=%25&p_menu=FICHE&p_site=AMELI
2122138;CORRECTION ORTHOPEDIQUE, GENOU, ATTELLE ET ORTHESE NON ARTICULEE,PERFORM HEALTH;http://www.codage.ext.cnamts.fr/cgi/tips/cgi-fiche?p_code_tips=2122138&p_date_jo_arrete=%25&p_menu=FICHE&p_site=AMELI
2122658;VETEM COMPR., SUPP. GILET SANS MANCHE, CONFORMATEUR STERNAL,NOVATEX MEDICAL;http://www.codage.ext.cnamts.fr/cgi/tips/cgi-fiche?p_code_tips=2122658&p_date_jo_arrete=%25&p_menu=FICHE&p_site=AMELI
2122776;CORRECTION ORTHOPEDIQUE, MAIN, ATTELLE MP, FLEXION,PRIM;http://www.codage.ext.cnamts.fr/cgi/tips/cgi-fiche?p_code_tips=2122776&p_date_jo_arrete=%25&p_menu=FICHE&p_site=AMELI
2123712;VETEMENT COMPRESSIF, SUPPLEMENT GILET SANS MANCHE, MANCHE COURTE,MEDICAL Z;http://www.codage.ext.cnamts.fr/cgi/tips/cgi-fiche?p_code_tips=2123712&p_date_jo_arrete=%25&p_menu=FICHE&p_site=AMELI
2124338;CORRECTION ORTHOPEDIQUE, GENOU, ATTELLE ET ORTHESE NON ARTICULEE,PETERS SURGICAL;http://www.codage.ext.cnamts.fr/cgi/tips/cgi-fiche?p_code_tips=2124338&p_date_jo_arrete=%25&p_menu=FICHE&p_site=AMELI
2126751;VETEMENT COMPRESSIF, SUPPLEMENT GILET SANS MANCHE, MANCHE LONGUE,NOVATEX MEDICAL;http://www.codage.ext.cnamts.fr/cgi/tips/cgi-fiche?p_code_tips=2126751&p_date_jo_arrete=%25&p_menu=FICHE&p_site=AMELI
2127733;VETEMENT COMPRESSIF, GANT OUVERT OU FERME,NOVATEX MEDICAL;http://www.codage.ext.cnamts.fr/cgi/tips/cgi-fiche?p_code_tips=2127733&p_date_jo_arrete=%25&p_menu=FICHE&p_site=AMELI
2128365;CORRECTION ORTHOPEDIQUE, PIED, ATTELLE RELEVEUR DE PIED DE SERIE,VLAMYNCK;http://www.codage.ext.cnamts.fr/cgi/tips/cgi-fiche?p_code_tips=2128365&p_date_jo_arrete=%25&p_menu=FICHE&p_site=AMELI
2130267;VETEMENT COMPRESSIF, SUPPLEMENT SHORT, JAMBE LONGUE,THUASNE;http://www.codage.ext.cnamts.fr/cgi/tips/cgi-fiche?p_code_tips=2130267&p_date_jo_arrete=%25&p_menu=FICHE&p_site=AMELI
2130310;COR. ORTHO., MAIN-POIGNET, ORTH. POSITIONT, POIGNET-MAIN-DOIGT,ORTHESIS LEMAN;http://www.codage.ext.cnamts.fr/cgi/tips/cgi-fiche?p_code_tips=2130310&p_date_jo_arrete=%25&p_menu=FICHE&p_site=AMELI
2132303;COR. ORTHO., MAIN-POIGNET, ORTHESE STATIQUE, POIGNET-MAIN,ORTHESIS LEMAN;http://www.codage.ext.cnamts.fr/cgi/tips/cgi-fiche?p_code_tips=2132303&p_date_jo_arrete=%25&p_menu=FICHE&p_site=AMELI
2133248;COR. ORTHO., HANCHE, HARNAIS D ABDUCT., HANCHE DYSPLASIQ, ENFANT,GROUPE SOBER;http://www.codage.ext.cnamts.fr/cgi/tips/cgi-fiche?p_code_tips=2133248&p_date_jo_arrete=%25&p_menu=FICHE&p_site=AMELI
2134549;VETEMENT COMPRESSIF, MENTONNIERE AVEC BRIDES,NOVATEX MEDICAL;http://www.codage.ext.cnamts.fr/cgi/tips/cgi-fiche?p_code_tips=2134549&p_date_jo_arrete=%25&p_menu=FICHE&p_site=AMELI
2139009;COR. ORTHO., PIED, ORTH. STABILISATRICE CHEVILLE, PLAN FRONTAL,GROUPE LEPINE;http://www.codage.ext.cnamts.fr/cgi/tips/cgi-fiche?p_code_tips=2139009&p_date_jo_arrete=%25&p_menu=FICHE&p_site=AMELI
2139943;CORRECTION ORTHOPEDIQUE, GENOU, ATTELLE ET ORTHESE NON ARTICULEE,GROUPE LEPINE;http://www.codage.ext.cnamts.fr/cgi/tips/cgi-fiche?p_code_tips=2139943&p_date_jo_arrete=%25&p_menu=FICHE&p_site=AMELI
2140455;ORTHESE PLANTAIRE, AU-DESSOUS DU 28,GIBAUD;http://www.codage.ext.cnamts.fr/cgi/tips/cgi-fiche?p_code_tips=2140455&p_date_jo_arrete=%25&p_menu=FICHE&p_site=AMELI
2144980;COR. ORTHO., MAIN, ATTELLE DIGITALE, EXTENSION TYPE CAPENER,PERFORM HEALTH;http://www.codage.ext.cnamts.fr/cgi/tips/cgi-fiche?p_code_tips=2144980&p_date_jo_arrete=%25&p_menu=FICHE&p_site=AMELI
2145493;VETEM COMPR., SUPP. GILET SANS MANCHE, CONFECTION POITRINE FEMME,NOVATEX MEDICAL;http://www.codage.ext.cnamts.fr/cgi/tips/cgi-fiche?p_code_tips=2145493&p_date_jo_arrete=%25&p_menu=FICHE&p_site=AMELI
2145984;CORRECTION ORTHOPEDIQUE, GENOU, ATTELLE ET ORTHESE ARTICULEE,NEP DEVELOP;http://www.codage.ext.cnamts.fr/cgi/tips/cgi-fiche?p_code_tips=2145984&p_date_jo_arrete=%25&p_menu=FICHE&p_site=AMELI
2149440;CORRECTION ORTHOPEDIQUE, GENOU, ATTELLE ET ORTHESE NON ARTICULEE,GIMED LAB;http://www.codage.ext.cnamts.fr/cgi/tips/cgi-fiche?p_code_tips=2149440&p_date_jo_arrete=%25&p_menu=FICHE&p_site=AMELI
2151772;VETEM COMPR., SUPP. GILET SANS MANCHE, CONFECTION POITRINE FEMME,MEDICAL Z;http://www.codage.ext.cnamts.fr/cgi/tips/cgi-fiche?p_code_tips=2151772&p_date_jo_arrete=%25&p_menu=FICHE&p_site=AMELI
2152211;CORRECTION ORTHOPEDIQUE, GENOU, ATTELLE ET ORTHESE NON ARTICULEE,ORTHO MORINIERE;http://www.codage.ext.cnamts.fr/cgi/tips/cgi-fiche?p_code_tips=2152211&p_date_jo_arrete=%25&p_menu=FICHE&p_site=AMELI
2154032;CORRECTION ORTHOPEDIQUE, GENOU, ATTELLE ET ORTHESE NON ARTICULEE,BSN-RADIANTE;http://www.codage.ext.cnamts.fr/cgi/tips/cgi-fiche?p_code_tips=2154032&p_date_jo_arrete=%25&p_menu=FICHE&p_site=AMELI
2155965;COR. ORTHO., MAIN-POIGNET, ORTH. POSITIONT, DEVIATION RADIALE,ORTHESIS LEMAN;http://www.codage.ext.cnamts.fr/cgi/tips/cgi-fiche?p_code_tips=2155965&p_date_jo_arrete=%25&p_menu=FICHE&p_site=AMELI
2156864;COR. ORTHO., MAIN, ATTELLE DIGITALE, EXTENSION ASSISTEE,PERFORM HEALTH;http://www.codage.ext.cnamts.fr/cgi/tips/cgi-fiche?p_code_tips=2156864&p_date_jo_arrete=%25&p_menu=FICHE&p_site=AMELI
2159526;CORRECTION ORTHOPEDIQUE, GENOU, ATTELLE ET ORTHESE NON ARTICULEE,NEP DEVELOP;http://www.codage.ext.cnamts.fr/cgi/tips/cgi-fiche?p_code_tips=2159526&p_date_jo_arrete=%25&p_menu=FICHE&p_site=AMELI
2161530;CORRECTION ORTHOPEDIQUE, GENOU, ATTELLE ET ORTHESE NON ARTICULEE,OKM QUIMICA ORT;http://www.codage.ext.cnamts.fr/cgi/tips/cgi-fiche?p_code_tips=2161530&p_date_jo_arrete=%25&p_menu=FICHE&p_site=AMELI
2164622;COR. ORTHO., PIED-GENOU, ATTELLE CORRECTRICE TOUT PLAN ESPACE,NEP DEVELOP;http://www.codage.ext.cnamts.fr/cgi/tips/cgi-fiche?p_code_tips=2164622&p_date_jo_arrete=%25&p_menu=FICHE&p_site=AMELI
2165194;CORRECTION ORTHOPEDIQUE, GENOU, ATTELLE ET ORTHESE NON ARTICULEE,DJO FRANCE;http://www.codage.ext.cnamts.fr/cgi/tips/cgi-fiche?p_code_tips=2165194&p_date_jo_arrete=%25&p_menu=FICHE&p_site=AMELI
2166740;CORRECTION ORTHOPEDIQUE, PIED, ATTELLE RELEVEUR DE PIED DE SERIE,CIZETA MEDICALI;http://www.codage.ext.cnamts.fr/cgi/tips/cgi-fiche?p_code_tips=2166740&p_date_jo_arrete=%25&p_menu=FICHE&p_site=AMELI
2167678;CORRECTION ORTHOPEDIQUE, PIED, ATTELLE ARTICULEE SANS CHAUSSURES,DJO FRANCE;http://www.codage.ext.cnamts.fr/cgi/tips/cgi-fiche?p_code_tips=2167678&p_date_jo_arrete=%25&p_menu=FICHE&p_site=AMELI
2172449;VETEMENT COMPRESSIF, CHAUSSETTE HAUTE,MEDICAL Z;http://www.codage.ext.cnamts.fr/cgi/tips/cgi-fiche?p_code_tips=2172449&p_date_jo_arrete=%25&p_menu=FICHE&p_site=AMELI
2174460;CORRECTION ORTHOPEDIQUE, GENOU, ATTELLE ET ORTHESE NON ARTICULEE,CIZETA MEDICALI;http://www.codage.ext.cnamts.fr/cgi/tips/cgi-fiche?p_code_tips=2174460&p_date_jo_arrete=%25&p_menu=FICHE&p_site=AMELI
2179500;COR. ORTHO., MAIN-POIGNET, ORTHESE STATIQUE, POIGNET-POUCE,PERFORM HEALTH;http://www.codage.ext.cnamts.fr/cgi/tips/cgi-fiche?p_code_tips=2179500&p_date_jo_arrete=%25&p_menu=FICHE&p_site=AMELI
2180450;CORRECTION ORTHOPEDIQUE, GENOU, ATTELLE ET ORTHESE NON ARTICULEE,AMBELIO;http://www.codage.ext.cnamts.fr/cgi/tips/cgi-fiche?p_code_tips=2180450&p_date_jo_arrete=%25&p_menu=FICHE&p_site=AMELI
2181945;VETEMENT COMPRESSIF, SUPPLEMENT GILET SANS MANCHE, MANCHE COURTE,NOVATEX MEDICAL;http://www.codage.ext.cnamts.fr/cgi/tips/cgi-fiche?p_code_tips=2181945&p_date_jo_arrete=%25&p_menu=FICHE&p_site=AMELI
2182710;CORRECTION ORTHOPEDIQUE, PIED, ATTELLE RIGIDE SANS CHAUSSURE,OKO SOLUTION;http://www.codage.ext.cnamts.fr/cgi/tips/cgi-fiche?p_code_tips=2182710&p_date_jo_arrete=%25&p_menu=FICHE&p_site=AMELI
2182755;COR. ORTHO., PIED-GENOU, ATTELLE CORRECTRICE TOUT PLAN ESPACE,OKM QUIMICA ORT;http://www.codage.ext.cnamts.fr/cgi/tips/cgi-fiche?p_code_tips=2182755&p_date_jo_arrete=%25&p_menu=FICHE&p_site=AMELI
2183855;CORRECTION ORTHOPEDIQUE, PIED, ATTELLE MONTEE SUR CHAUSSURES,CIZETA MEDICALI;http://www.codage.ext.cnamts.fr/cgi/tips/cgi-fiche?p_code_tips=2183855&p_date_jo_arrete=%25&p_menu=FICHE&p_site=AMELI
2185908;VETEMENT COMPRESSIF, SUPPLEMENT, MANCHETTE,THUASNE;http://www.codage.ext.cnamts.fr/cgi/tips/cgi-fiche?p_code_tips=2185908&p_date_jo_arrete=%25&p_menu=FICHE&p_site=AMELI
2187356;IMPLANT AUDITIF ACTIF A CONDUCTION OSSEUSE, COCHLEAR, OSIA 2, ENTRETIEN, FORFAIT;http://www.codage.ext.cnamts.fr/cgi/tips/cgi-fiche?p_code_tips=2187356&p_date_jo_arrete=%25&p_menu=FICHE&p_site=AMELI
2187439;CORRECTION ORTHOPEDIQUE, PIED, ATTELLE ARTICULEE SANS CHAUSSURES,NEUT;http://www.codage.ext.cnamts.fr/cgi/tips/cgi-fiche?p_code_tips=2187439&p_date_jo_arrete=%25&p_menu=FICHE&p_site=AMELI
2189800;CORRECTION ORTHOPEDIQUE, PIED, ATTELLE RELEVEUR DE PIED DE SERIE,CAMP SCANDINAV;http://www.codage.ext.cnamts.fr/cgi/tips/cgi-fiche?p_code_tips=2189800&p_date_jo_arrete=%25&p_menu=FICHE&p_site=AMELI
2190602;CORRECTION ORTHOPEDIQUE, GENOU, ATTELLE ET ORTHESE ARTICULEE,ORTHO EUROPE;http://www.codage.ext.cnamts.fr/cgi/tips/cgi-fiche?p_code_tips=2190602&p_date_jo_arrete=%25&p_menu=FICHE&p_site=AMELI
2192630;COR. ORTHO., PIED, ORTH. STABILISATRICE CHEVILLE, PLAN FRONTAL,GROUPE LEPINE;http://www.codage.ext.cnamts.fr/cgi/tips/cgi-fiche?p_code_tips=2192630&p_date_jo_arrete=%25&p_menu=FICHE&p_site=AMELI
2193693;VETEMENT COMPRESSIF, SUPP. GILET SANS MANCHE, PATTE SOUS-CUISSE,NOVATEX MEDICAL;http://www.codage.ext.cnamts.fr/cgi/tips/cgi-fiche?p_code_tips=2193693&p_date_jo_arrete=%25&p_menu=FICHE&p_site=AMELI
2193813;CORRECTION ORTHOPEDIQUE, PIED, ATTELLE RELEVEUR DE PIED DE SERIE,TM LE CONFORT;http://www.codage.ext.cnamts.fr/cgi/tips/cgi-fiche?p_code_tips=2193813&p_date_jo_arrete=%25&p_menu=FICHE&p_site=AMELI
2197159;CORRECTION ORTHOPEDIQUE, GENOU, ATTELLE ET ORTHESE ARTICULEE,AMA SANTE;http://www.codage.ext.cnamts.fr/cgi/tips/cgi-fiche?p_code_tips=2197159&p_date_jo_arrete=%25&p_menu=FICHE&p_site=AMELI
2199968;CORRECTION ORTHOPEDIQUE, PIED, ATTELLE RIGIDE SANS CHAUSSURE,MAYZAUD;http://www.codage.ext.cnamts.fr/cgi/tips/cgi-fiche?p_code_tips=2199968&p_date_jo_arrete=%25&p_menu=FICHE&p_site=AMELI
2200335;OPTIQUE, VERRE NEUTRE DE CLASSE A INDUS INSULAIRE;http://www.codage.ext.cnamts.fr/cgi/tips/cgi-fiche?p_code_tips=2200335&p_date_jo_arrete=%25&p_menu=FICHE&p_site=AMELI
2201754;OPTIQUE, MONTURE ADULTE DE CLASSE B,OPTIQUE RIVALIN;http://www.codage.ext.cnamts.fr/cgi/tips/cgi-fiche?p_code_tips=2201754&p_date_jo_arrete=%25&p_menu=FICHE&p_site=AMELI
2201814;OPTIQUE, MONTURE ADULTE DE CLASSE B,OPTIQUE RIVALIN;http://www.codage.ext.cnamts.fr/cgi/tips/cgi-fiche?p_code_tips=2201814&p_date_jo_arrete=%25&p_menu=FICHE&p_site=AMELI
2202305;OPTIQUE, MONTURE ADULTE DE CLASSE B,ASART;http://www.codage.ext.cnamts.fr/cgi/tips/cgi-fiche?p_code_tips=2202305&p_date_jo_arrete=%25&p_menu=FICHE&p_site=AMELI
2202430;OPTIQUE, MONTURE ADULTE DE CLASSE B,OPTIQUE RIVALIN;http://www.codage.ext.cnamts.fr/cgi/tips/cgi-fiche?p_code_tips=2202430&p_date_jo_arrete=%25&p_menu=FICHE&p_site=AMELI
2203316;OPTIQUE, MONTURE ADULTE DE CLASSE B,OPTIQUE RIVALIN;http://www.codage.ext.cnamts.fr/cgi/tips/cgi-fiche?p_code_tips=2203316&p_date_jo_arrete=%25&p_menu=FICHE&p_site=AMELI
2203486;OPTIQUE, MONTURE ENFANT DE CLASSE B,OPTICIENNE M-F;http://www.codage.ext.cnamts.fr/cgi/tips/cgi-fiche?p_code_tips=2203486&p_date_jo_arrete=%25&p_menu=FICHE&p_site=AMELI
2203871;OPTIQUE, MONTURE ADULTE DE CLASSE B,OPTIQUE RIVALIN;http://www.codage.ext.cnamts.fr/cgi/tips/cgi-fiche?p_code_tips=2203871&p_date_jo_arrete=%25&p_menu=FICHE&p_site=AMELI
2203948;OPTIQUE, VERRE NEUTRE DE CLASSE A INDUS INSULAIRE;http://www.codage.ext.cnamts.fr/cgi/tips/cgi-fiche?p_code_tips=2203948&p_date_jo_arrete=%25&p_menu=FICHE&p_site=AMELI
2204066;OPTIQUE, MONTURE ADULTE DE CLASSE B,OPTIQUE RIVALIN;http://www.codage.ext.cnamts.fr/cgi/tips/cgi-fiche?p_code_tips=2204066&p_date_jo_arrete=%25&p_menu=FICHE&p_site=AMELI
2204563;OPTIQUE, MONTURE ADULTE DE CLASSE B,OPTIQUE RIVALIN;http://www.codage.ext.cnamts.fr/cgi/tips/cgi-fiche?p_code_tips=2204563&p_date_jo_arrete=%25&p_menu=FICHE&p_site=AMELI
2205321;OPTIQUE, MONTURE ADULTE DE CLASSE A,GROUP PHARMA FR;http://www.codage.ext.cnamts.fr/cgi/tips/cgi-fiche?p_code_tips=2205321&p_date_jo_arrete=%25&p_menu=FICHE&p_site=AMELI
2208064;OPTIQUE, MONTURE ADULTE DE CLASSE A,BT DISTRIBUTION;http://www.codage.ext.cnamts.fr/cgi/tips/cgi-fiche?p_code_tips=2208064&p_date_jo_arrete=%25&p_menu=FICHE&p_site=AMELI
2208756;OPTIQUE, MONTURE ADULTE DE CLASSE B,LUNETTE PR TOUS;http://www.codage.ext.cnamts.fr/cgi/tips/cgi-fiche?p_code_tips=2208756&p_date_jo_arrete=%25&p_menu=FICHE&p_site=AMELI
2209193;OPTIQUE, MONTURE ADULTE DE CLASSE B,OPTIQUE RIVALIN;http://www.codage.ext.cnamts.fr/cgi/tips/cgi-fiche?p_code_tips=2209193&p_date_jo_arrete=%25&p_menu=FICHE&p_site=AMELI
2209342;OPTIQUE, PRISME INCORPORE ADULTE. QUELLE QUE SOIT LA PUISSANCE,BOLD;http://www.codage.ext.cnamts.fr/cgi/tips/cgi-fiche?p_code_tips=2209342&p_date_jo_arrete=%25&p_menu=FICHE&p_site=AMELI
2209460;OPTIQUE, MONTURE ADULTE DE CLASSE B,MAISON GOUSSARD;http://www.codage.ext.cnamts.fr/cgi/tips/cgi-fiche?p_code_tips=2209460&p_date_jo_arrete=%25&p_menu=FICHE&p_site=AMELI
2210061;OPTIQUE, MONTURE ADULTE DE CLASSE B,OPTIQUE RIVALIN;http://www.codage.ext.cnamts.fr/cgi/tips/cgi-fiche?p_code_tips=2210061&p_date_jo_arrete=%25&p_menu=FICHE&p_site=AMELI
2210109;OPTIQUE, MONTURE ADULTE DE CLASSE B,LUNETTE PR TOUS;http://www.codage.ext.cnamts.fr/cgi/tips/cgi-fiche?p_code_tips=2210109&p_date_jo_arrete=%25&p_menu=FICHE&p_site=AMELI
2210434;OPTIQUE, MONTURE ADULTE DE CLASSE B,LUNETTE PR TOUS;http://www.codage.ext.cnamts.fr/cgi/tips/cgi-fiche?p_code_tips=2210434&p_date_jo_arrete=%25&p_menu=FICHE&p_site=AMELI
2210635;OPTIQUE, MONTURE ADULTE DE CLASSE B,LUNETTE PR TOUS;http://www.codage.ext.cnamts.fr/cgi/tips/cgi-fiche?p_code_tips=2210635&p_date_jo_arrete=%25&p_menu=FICHE&p_site=AMELI
2210983;OPTIQUE, MONTURE ADULTE DE CLASSE B,LUNETTE PR TOUS;http://www.codage.ext.cnamts.fr/cgi/tips/cgi-fiche?p_code_tips=2210983&p_date_jo_arrete=%25&p_menu=FICHE&p_site=AMELI
2211190;OPTIQUE, MONTURE ADULTE DE CLASSE B,LUNETTE PR TOUS;http://www.codage.ext.cnamts.fr/cgi/tips/cgi-fiche?p_code_tips=2211190&p_date_jo_arrete=%25&p_menu=FICHE&p_site=AMELI
2212025;OPTIQUE, MONTURE ADULTE DE CLASSE B,LUNETTE PR TOUS;http://www.codage.ext.cnamts.fr/cgi/tips/cgi-fiche?p_code_tips=2212025&p_date_jo_arrete=%25&p_menu=FICHE&p_site=AMELI
2213711;OPTIQUE, MONTURE ADULTE DE CLASSE B,LUNETTE PR TOUS;http://www.codage.ext.cnamts.fr/cgi/tips/cgi-fiche?p_code_tips=2213711&p_date_jo_arrete=%25&p_menu=FICHE&p_site=AMELI
2214515;OPTIQUE, MONTURE ADULTE DE CLASSE B,LUNETTE PR TOUS;http://www.codage.ext.cnamts.fr/cgi/tips/cgi-fiche?p_code_tips=2214515&p_date_jo_arrete=%25&p_menu=FICHE&p_site=AMELI
2214840;OPTIQUE, MONTURE ADULTE DE CLASSE B,OPTIQUE RIVALIN;http://www.codage.ext.cnamts.fr/cgi/tips/cgi-fiche?p_code_tips=2214840&p_date_jo_arrete=%25&p_menu=FICHE&p_site=AMELI
2215213;OPTIQUE, MONTURE ADULTE DE CLASSE B,INGE CHEVALLIER;http://www.codage.ext.cnamts.fr/cgi/tips/cgi-fiche?p_code_tips=2215213&p_date_jo_arrete=%25&p_menu=FICHE&p_site=AMELI
2215503;OPTIQUE, MONTURE ADULTE DE CLASSE B,LUNETTE PR TOUS;http://www.codage.ext.cnamts.fr/cgi/tips/cgi-fiche?p_code_tips=2215503&p_date_jo_arrete=%25&p_menu=FICHE&p_site=AMELI
2215905;OPTIQUE, MONTURE ADULTE DE CLASSE B,OPTIQUE RIVALIN;http://www.codage.ext.cnamts.fr/cgi/tips/cgi-fiche?p_code_tips=2215905&p_date_jo_arrete=%25&p_menu=FICHE&p_site=AMELI
2215957;OPTIQUE, MONTURE ADULTE DE CLASSE B,OPTIQUE RIVALIN;http://www.codage.ext.cnamts.fr/cgi/tips/cgi-fiche?p_code_tips=2215957&p_date_jo_arrete=%25&p_menu=FICHE&p_site=AMELI
2216359;OPTIQUE, MONTURE ADULTE DE CLASSE B,OPTIQUE RIVALIN;http://www.codage.ext.cnamts.fr/cgi/tips/cgi-fiche?p_code_tips=2216359&p_date_jo_arrete=%25&p_menu=FICHE&p_site=AMELI
2216885;OPTIQUE, MONTURE ADULTE DE CLASSE B,OPTIQUE RIVALIN;http://www.codage.ext.cnamts.fr/cgi/tips/cgi-fiche?p_code_tips=2216885&p_date_jo_arrete=%25&p_menu=FICHE&p_site=AMELI
2217229;OPTIQUE, MONTURE ADULTE DE CLASSE B,OPTIQUE RIVALIN;http://www.codage.ext.cnamts.fr/cgi/tips/cgi-fiche?p_code_tips=2217229&p_date_jo_arrete=%25&p_menu=FICHE&p_site=AMELI
2217376;OPTIQUE, MONTURE ADULTE DE CLASSE B,OPTIQUE RIVALIN;http://www.codage.ext.cnamts.fr/cgi/tips/cgi-fiche?p_code_tips=2217376&p_date_jo_arrete=%25&p_menu=FICHE&p_site=AMELI
2217525;OPTIQUE, MONTURE ADULTE DE CLASSE B,LUNETTE PR TOUS;http://www.codage.ext.cnamts.fr/cgi/tips/cgi-fiche?p_code_tips=2217525&p_date_jo_arrete=%25&p_menu=FICHE&p_site=AMELI
2217809;OPTIQUE, MONTURE ADULTE DE CLASSE B,LUNETTE PR TOUS;http://www.codage.ext.cnamts.fr/cgi/tips/cgi-fiche?p_code_tips=2217809&p_date_jo_arrete=%25&p_menu=FICHE&p_site=AMELI
2218542;OPTIQUE, MONTURE ADULTE DE CLASSE B,LUNETTE PR TOUS;http://www.codage.ext.cnamts.fr/cgi/tips/cgi-fiche?p_code_tips=2218542&p_date_jo_arrete=%25&p_menu=FICHE&p_site=AMELI
2218559;OPTIQUE, MONTURE ADULTE DE CLASSE B,LUNETTE PR TOUS;http://www.codage.ext.cnamts.fr/cgi/tips/cgi-fiche?p_code_tips=2218559&p_date_jo_arrete=%25&p_menu=FICHE&p_site=AMELI
2218849;OPTIQUE, MONTURE ADULTE DE CLASSE B,LUNETTE PR TOUS;http://www.codage.ext.cnamts.fr/cgi/tips/cgi-fiche?p_code_tips=2218849&p_date_jo_arrete=%25&p_menu=FICHE&p_site=AMELI
2218950;OPTIQUE, MONTURE ADULTE DE CLASSE B,LUNETTE PR TOUS;http://www.codage.ext.cnamts.fr/cgi/tips/cgi-fiche?p_code_tips=2218950&p_date_jo_arrete=%25&p_menu=FICHE&p_site=AMELI
2219062;OPTIQUE, MONTURE ENFANT DE CLASSE B,THE READING CIE;http://www.codage.ext.cnamts.fr/cgi/tips/cgi-fiche?p_code_tips=2219062&p_date_jo_arrete=%25&p_menu=FICHE&p_site=AMELI
2220088;OPTIQUE, MONTURE ADULTE DE CLASSE B,LUNET SOLIDAIRE;http://www.codage.ext.cnamts.fr/cgi/tips/cgi-fiche?p_code_tips=2220088&p_date_jo_arrete=%25&p_menu=FICHE&p_site=AMELI
2220384;OPTIQUE, MONTURE ADULTE DE CLASSE B,OPTIQUE RIVALIN;http://www.codage.ext.cnamts.fr/cgi/tips/cgi-fiche?p_code_tips=2220384&p_date_jo_arrete=%25&p_menu=FICHE&p_site=AMELI
2221604;OPTIQUE, MONTURE ADULTE DE CLASSE B,OPTIQUE RIVALIN;http://www.codage.ext.cnamts.fr/cgi/tips/cgi-fiche?p_code_tips=2221604&p_date_jo_arrete=%25&p_menu=FICHE&p_site=AMELI
2221745;OPTIQUE, MONTURE ADULTE DE CLASSE B,OPTIQUE RIVALIN;http://www.codage.ext.cnamts.fr/cgi/tips/cgi-fiche?p_code_tips=2221745&p_date_jo_arrete=%25&p_menu=FICHE&p_site=AMELI
2221917;OPTIQUE, MONTURE ADULTE DE CLASSE B,OPTIQUE RIVALIN;http://www.codage.ext.cnamts.fr/cgi/tips/cgi-fiche?p_code_tips=2221917&p_date_jo_arrete=%25&p_menu=FICHE&p_site=AMELI
2222118;OPTIQUE, MONTURE ADULTE DE CLASSE B,LUNETTE PR TOUS;http://www.codage.ext.cnamts.fr/cgi/tips/cgi-fiche?p_code_tips=2222118&p_date_jo_arrete=%25&p_menu=FICHE&p_site=AMELI
2222124;MAT. AMBLYOPIE, SYSTEME DE REEDUCATION, BTE DE 50, GRANDE TAILLE,GERGONNE;http://www.codage.ext.cnamts.fr/cgi/tips/cgi-fiche?p_code_tips=2222124&p_date_jo_arrete=%25&p_menu=FICHE&p_site=AMELI
2222176;OPTIQUE, MONTURE ADULTE DE CLASSE B,SPECTACLE EYEW.;http://www.codage.ext.cnamts.fr/cgi/tips/cgi-fiche?p_code_tips=2222176&p_date_jo_arrete=%25&p_menu=FICHE&p_site=AMELI
2222408;OPTIQUE, MONTURE ADULTE DE CLASSE B,OPTIQUE RIVALIN;http://www.codage.ext.cnamts.fr/cgi/tips/cgi-fiche?p_code_tips=2222408&p_date_jo_arrete=%25&p_menu=FICHE&p_site=AMELI
2223394;OPTIQUE, MONTURE ADULTE DE CLASSE B,OPTIQUE RIVALIN;http://www.codage.ext.cnamts.fr/cgi/tips/cgi-fiche?p_code_tips=2223394&p_date_jo_arrete=%25&p_menu=FICHE&p_site=AMELI
2223626;OPTIQUE, MONTURE ADULTE DE CLASSE A,GROUP PHARMA FR;http://www.codage.ext.cnamts.fr/cgi/tips/cgi-fiche?p_code_tips=2223626&p_date_jo_arrete=%25&p_menu=FICHE&p_site=AMELI
2224270;OPTIQUE, MONTURE ADULTE DE CLASSE B,OPTIQUE RIVALIN;http://www.codage.ext.cnamts.fr/cgi/tips/cgi-fiche?p_code_tips=2224270&p_date_jo_arrete=%25&p_menu=FICHE&p_site=AMELI
2224287;OPTIQUE, MONTURE ADULTE DE CLASSE B,LUNETTE PR TOUS;http://www.codage.ext.cnamts.fr/cgi/tips/cgi-fiche?p_code_tips=2224287&p_date_jo_arrete=%25&p_menu=FICHE&p_site=AMELI
2224732;OPTIQUE, MONTURE ENFANT DE CLASSE B,VICTOIRE FAMILY;http://www.codage.ext.cnamts.fr/cgi/tips/cgi-fiche?p_code_tips=2224732&p_date_jo_arrete=%25&p_menu=FICHE&p_site=AMELI
2224778;OPTIQUE, MONTURE ENFANT DE CLASSE B,LUNETTE ECUSSON;http://www.codage.ext.cnamts.fr/cgi/tips/cgi-fiche?p_code_tips=2224778&p_date_jo_arrete=%25&p_menu=FICHE&p_site=AMELI
2225329;OPTIQUE, MONTURE ADULTE DE CLASSE B,LUNETTE PR TOUS;http://www.codage.ext.cnamts.fr/cgi/tips/cgi-fiche?p_code_tips=2225329&p_date_jo_arrete=%25&p_menu=FICHE&p_site=AMELI
2225648;OPTIQUE, MONTURE ADULTE DE CLASSE B,OPTIQUE RIVALIN;http://www.codage.ext.cnamts.fr/cgi/tips/cgi-fiche?p_code_tips=2225648&p_date_jo_arrete=%25&p_menu=FICHE&p_site=AMELI
2226910;OPTIQUE, MONTURE ADULTE DE CLASSE B,LUNETTE PR TOUS;http://www.codage.ext.cnamts.fr/cgi/tips/cgi-fiche?p_code_tips=2226910&p_date_jo_arrete=%25&p_menu=FICHE&p_site=AMELI
2226926;OPTIQUE, MONTURE ADULTE DE CLASSE B,LUNETTE PR TOUS;http://www.codage.ext.cnamts.fr/cgi/tips/cgi-fiche?p_code_tips=2226926&p_date_jo_arrete=%25&p_menu=FICHE&p_site=AMELI
2227908;OPTIQUE, MONTURE ADULTE DE CLASSE B,KRISTAL ID;http://www.codage.ext.cnamts.fr/cgi/tips/cgi-fiche?p_code_tips=2227908&p_date_jo_arrete=%25&p_menu=FICHE&p_site=AMELI
2227920;OPTIQUE, MONTURE ADULTE DE CLASSE B,OCHI DISTRIB;http://www.codage.ext.cnamts.fr/cgi/tips/cgi-fiche?p_code_tips=2227920&p_date_jo_arrete=%25&p_menu=FICHE&p_site=AMELI
2228411;OPTIQUE, MONTURE ADULTE DE CLASSE B,OPTIQUE RIVALIN;http://www.codage.ext.cnamts.fr/cgi/tips/cgi-fiche?p_code_tips=2228411&p_date_jo_arrete=%25&p_menu=FICHE&p_site=AMELI
2228931;OPTIQUE, MONTURE ADULTE DE CLASSE B,LUNETTE PR TOUS;http://www.codage.ext.cnamts.fr/cgi/tips/cgi-fiche?p_code_tips=2228931&p_date_jo_arrete=%25&p_menu=FICHE&p_site=AMELI
2229155;OPTIQUE, MONTURE ADULTE DE CLASSE B,LUNETTE PR TOUS;http://www.codage.ext.cnamts.fr/cgi/tips/cgi-fiche?p_code_tips=2229155&p_date_jo_arrete=%25&p_menu=FICHE&p_site=AMELI
2229209;OPTIQUE, MONTURE ADULTE DE CLASSE B,OPTIQUE RIVALIN;http://www.codage.ext.cnamts.fr/cgi/tips/cgi-fiche?p_code_tips=2229209&p_date_jo_arrete=%25&p_menu=FICHE&p_site=AMELI
2229362;OPTIQUE, MONTURE ADULTE DE CLASSE B,OPTIQUE RIVALIN;http://www.codage.ext.cnamts.fr/cgi/tips/cgi-fiche?p_code_tips=2229362&p_date_jo_arrete=%25&p_menu=FICHE&p_site=AMELI
2229824;OPTIQUE, MONTURE ADULTE DE CLASSE B,ATELIERS BAUDIN;http://www.codage.ext.cnamts.fr/cgi/tips/cgi-fiche?p_code_tips=2229824&p_date_jo_arrete=%25&p_menu=FICHE&p_site=AMELI
2230750;OPTIQUE, MONTURE ADULTE DE CLASSE B,THE READING CIE;http://www.codage.ext.cnamts.fr/cgi/tips/cgi-fiche?p_code_tips=2230750&p_date_jo_arrete=%25&p_menu=FICHE&p_site=AMELI
2231235;OPTIQUE, MONTURE ADULTE DE CLASSE B,OPTIQUE RIVALIN;http://www.codage.ext.cnamts.fr/cgi/tips/cgi-fiche?p_code_tips=2231235&p_date_jo_arrete=%25&p_menu=FICHE&p_site=AMELI
2231258;OPTIQUE, MONTURE ADULTE DE CLASSE B,OPTIQUE RIVALIN;http://www.codage.ext.cnamts.fr/cgi/tips/cgi-fiche?p_code_tips=2231258&p_date_jo_arrete=%25&p_menu=FICHE&p_site=AMELI
2232648;OPTIQUE, MONTURE ADULTE DE CLASSE B,LUNETTE PR TOUS;http://www.codage.ext.cnamts.fr/cgi/tips/cgi-fiche?p_code_tips=2232648&p_date_jo_arrete=%25&p_menu=FICHE&p_site=AMELI
2232855;MAT. AMBLYOPIE, SYSTEME DE REEDUCATION, BTE DE 20, PETITE TAILLE,3M FRANCE;http://www.codage.ext.cnamts.fr/cgi/tips/cgi-fiche?p_code_tips=2232855&p_date_jo_arrete=%25&p_menu=FICHE&p_site=AMELI
2233033;OPTIQUE, MONTURE ADULTE DE CLASSE B,LUNETTE PR TOUS;http://www.codage.ext.cnamts.fr/cgi/tips/cgi-fiche?p_code_tips=2233033&p_date_jo_arrete=%25&p_menu=FICHE&p_site=AMELI
2234021;OPTIQUE, MONTURE ADULTE DE CLASSE B,LUNETTE PR TOUS;http://www.codage.ext.cnamts.fr/cgi/tips/cgi-fiche?p_code_tips=2234021&p_date_jo_arrete=%25&p_menu=FICHE&p_site=AMELI
2234044;OPTIQUE, MONTURE ADULTE DE CLASSE B,LUNETTE PR TOUS;http://www.codage.ext.cnamts.fr/cgi/tips/cgi-fiche?p_code_tips=2234044&p_date_jo_arrete=%25&p_menu=FICHE&p_site=AMELI
2234050;OPTIQUE, MONTURE ADULTE DE CLASSE B,OPTIQUE RIVALIN;http://www.codage.ext.cnamts.fr/cgi/tips/cgi-fiche?p_code_tips=2234050&p_date_jo_arrete=%25&p_menu=FICHE&p_site=AMELI
2234245;OPTIQUE, MONTURE ADULTE DE CLASSE B,OPTIQUE RIVALIN;http://www.codage.ext.cnamts.fr/cgi/tips/cgi-fiche?p_code_tips=2234245&p_date_jo_arrete=%25&p_menu=FICHE&p_site=AMELI
2234334;OPTIQUE, MONTURE ADULTE DE CLASSE B,OPTIQUE RIVALIN;http://www.codage.ext.cnamts.fr/cgi/tips/cgi-fiche?p_code_tips=2234334&p_date_jo_arrete=%25&p_menu=FICHE&p_site=AMELI
2234357;OPTIQUE, MONTURE ADULTE DE CLASSE B,OPTIQUE RIVALIN;http://www.codage.ext.cnamts.fr/cgi/tips/cgi-fiche?p_code_tips=2234357&p_date_jo_arrete=%25&p_menu=FICHE&p_site=AMELI
2234475;OPTIQUE, MONTURE ADULTE DE CLASSE B,OPTIQUE RIVALIN;http://www.codage.ext.cnamts.fr/cgi/tips/cgi-fiche?p_code_tips=2234475&p_date_jo_arrete=%25&p_menu=FICHE&p_site=AMELI
2234788;OPTIQUE, MONTURE ADULTE DE CLASSE B,LUNETTE PR TOUS;http://www.codage.ext.cnamts.fr/cgi/tips/cgi-fiche?p_code_tips=2234788&p_date_jo_arrete=%25&p_menu=FICHE&p_site=AMELI
2235977;OPTIQUE, MONTURE ADULTE DE CLASSE B,OPTIQUE RIVALIN;http://www.codage.ext.cnamts.fr/cgi/tips/cgi-fiche?p_code_tips=2235977&p_date_jo_arrete=%25&p_menu=FICHE&p_site=AMELI
2236066;OPTIQUE, MONTURE ADULTE DE CLASSE B,OPTIQUE RIVALIN;http://www.codage.ext.cnamts.fr/cgi/tips/cgi-fiche?p_code_tips=2236066&p_date_jo_arrete=%25&p_menu=FICHE&p_site=AMELI
2236362;OPTIQUE, MONTURE ADULTE DE CLASSE B,OPTIQUE RIVALIN;http://www.codage.ext.cnamts.fr/cgi/tips/cgi-fiche?p_code_tips=2236362&p_date_jo_arrete=%25&p_menu=FICHE&p_site=AMELI
2236586;OPTIQUE, MONTURE ADULTE DE CLASSE B,OPTIQUE RIVALIN;http://www.codage.ext.cnamts.fr/cgi/tips/cgi-fiche?p_code_tips=2236586&p_date_jo_arrete=%25&p_menu=FICHE&p_site=AMELI
2237775;OPTIQUE, MONTURE ADULTE DE CLASSE B,OPTIQUE RIVALIN;http://www.codage.ext.cnamts.fr/cgi/tips/cgi-fiche?p_code_tips=2237775&p_date_jo_arrete=%25&p_menu=FICHE&p_site=AMELI
2237829;OPTIQUE, MONTURE ADULTE DE CLASSE B,LUNETTE PR TOUS;http://www.codage.ext.cnamts.fr/cgi/tips/cgi-fiche?p_code_tips=2237829&p_date_jo_arrete=%25&p_menu=FICHE&p_site=AMELI
2237947;OPTIQUE, MONTURE ADULTE DE CLASSE B,LUNETTE PR TOUS;http://www.codage.ext.cnamts.fr/cgi/tips/cgi-fiche?p_code_tips=2237947&p_date_jo_arrete=%25&p_menu=FICHE&p_site=AMELI
2238409;OPTIQUE, MONTURE ADULTE DE CLASSE B,OPTIQUE RIVALIN;http://www.codage.ext.cnamts.fr/cgi/tips/cgi-fiche?p_code_tips=2238409&p_date_jo_arrete=%25&p_menu=FICHE&p_site=AMELI
2238444;OPTIQUE, MONTURE ADULTE DE CLASSE B,OPTIQUE RIVALIN;http://www.codage.ext.cnamts.fr/cgi/tips/cgi-fiche?p_code_tips=2238444&p_date_jo_arrete=%25&p_menu=FICHE&p_site=AMELI
2238823;OPTIQUE, MONTURE ADULTE DE CLASSE B,OPTIQUE RIVALIN;http://www.codage.ext.cnamts.fr/cgi/tips/cgi-fiche?p_code_tips=2238823&p_date_jo_arrete=%25&p_menu=FICHE&p_site=AMELI
2238958;OPTIQUE, MONTURE ADULTE DE CLASSE B,OPTIQUE RIVALIN;http://www.codage.ext.cnamts.fr/cgi/tips/cgi-fiche?p_code_tips=2238958&p_date_jo_arrete=%25&p_menu=FICHE&p_site=AMELI
2240323;OPTIQUE, MONTURE ADULTE DE CLASSE B,FABRIQ LUNETTES;http://www.codage.ext.cnamts.fr/cgi/tips/cgi-fiche?p_code_tips=2240323&p_date_jo_arrete=%25&p_menu=FICHE&p_site=AMELI
2240850;COR. ORTHO., MAIN, ATTELLE MP, FLEXION, POUCE ABDUCTION,ETOILE DISTRIB;http://www.codage.ext.cnamts.fr/cgi/tips/cgi-fiche?p_code_tips=2240850&p_date_jo_arrete=%25&p_menu=FICHE&p_site=AMELI
2241009;OPTIQUE, MONTURE ADULTE DE CLASSE B,LUNETTE PR TOUS;http://www.codage.ext.cnamts.fr/cgi/tips/cgi-fiche?p_code_tips=2241009&p_date_jo_arrete=%25&p_menu=FICHE&p_site=AMELI
2241162;OPTIQUE, MONTURE ADULTE DE CLASSE B,LUNETTE PR TOUS;http://www.codage.ext.cnamts.fr/cgi/tips/cgi-fiche?p_code_tips=2241162&p_date_jo_arrete=%25&p_menu=FICHE&p_site=AMELI
2241392;OPTIQUE, MONTURE ADULTE DE CLASSE B,OPTIQUE RIVALIN;http://www.codage.ext.cnamts.fr/cgi/tips/cgi-fiche?p_code_tips=2241392&p_date_jo_arrete=%25&p_menu=FICHE&p_site=AMELI
2241529;OPTIQUE, MONTURE ADULTE DE CLASSE B,LUNETTE PR TOUS;http://www.codage.ext.cnamts.fr/cgi/tips/cgi-fiche?p_code_tips=2241529&p_date_jo_arrete=%25&p_menu=FICHE&p_site=AMELI
2241742;OPTIQUE, MONTURE ADULTE DE CLASSE B,LUNETTE PR TOUS;http://www.codage.ext.cnamts.fr/cgi/tips/cgi-fiche?p_code_tips=2241742&p_date_jo_arrete=%25&p_menu=FICHE&p_site=AMELI
2242760;COR. ORTHO., MAIN, ATTELLE MP, FLEXION, POUCE ABDUCTION,ETOILE DISTRIB;http://www.codage.ext.cnamts.fr/cgi/tips/cgi-fiche?p_code_tips=2242760&p_date_jo_arrete=%25&p_menu=FICHE&p_site=AMELI
2243511;OPTIQUE, MONTURE ADULTE DE CLASSE B,LUNETTE PR TOUS;http://www.codage.ext.cnamts.fr/cgi/tips/cgi-fiche?p_code_tips=2243511&p_date_jo_arrete=%25&p_menu=FICHE&p_site=AMELI
2243623;OPTIQUE, MONTURE ADULTE DE CLASSE B,LUNETTE PR TOUS;http://www.codage.ext.cnamts.fr/cgi/tips/cgi-fiche?p_code_tips=2243623&p_date_jo_arrete=%25&p_menu=FICHE&p_site=AMELI
2243920;OPTIQUE, MONTURE ADULTE DE CLASSE B,LUNETTE PR TOUS;http://www.codage.ext.cnamts.fr/cgi/tips/cgi-fiche?p_code_tips=2243920&p_date_jo_arrete=%25&p_menu=FICHE&p_site=AMELI
2244203;OPTIQUE, MONTURE ADULTE DE CLASSE B,OPTIQUE RIVALIN;http://www.codage.ext.cnamts.fr/cgi/tips/cgi-fiche?p_code_tips=2244203&p_date_jo_arrete=%25&p_menu=FICHE&p_site=AMELI
2245190;OPTIQUE, MONTURE ADULTE DE CLASSE B,OPTIQUE RIVALIN;http://www.codage.ext.cnamts.fr/cgi/tips/cgi-fiche?p_code_tips=2245190&p_date_jo_arrete=%25&p_menu=FICHE&p_site=AMELI
2245875;OPTIQUE, MONTURE ADULTE DE CLASSE B,LUNETTE PR TOUS;http://www.codage.ext.cnamts.fr/cgi/tips/cgi-fiche?p_code_tips=2245875&p_date_jo_arrete=%25&p_menu=FICHE&p_site=AMELI
2245941;COR. ORTHO., MAIN, ATTELLE MP, FLEXION, POUCE ABDUCTION,ETOILE DISTRIB;http://www.codage.ext.cnamts.fr/cgi/tips/cgi-fiche?p_code_tips=2245941&p_date_jo_arrete=%25&p_menu=FICHE&p_site=AMELI
2247041;OPTIQUE, MONTURE ADULTE DE CLASSE B,LUNETTE PR TOUS;http://www.codage.ext.cnamts.fr/cgi/tips/cgi-fiche?p_code_tips=2247041&p_date_jo_arrete=%25&p_menu=FICHE&p_site=AMELI
2247093;OPTIQUE, MONTURE ADULTE DE CLASSE B,OPTIQUE RIVALIN;http://www.codage.ext.cnamts.fr/cgi/tips/cgi-fiche?p_code_tips=2247093&p_date_jo_arrete=%25&p_menu=FICHE&p_site=AMELI
2247905;OPTIQUE, PRISME INCORPORE ENFANT. QUELLE QUE SOIT LA PUISSANCE,BOLD;http://www.codage.ext.cnamts.fr/cgi/tips/cgi-fiche?p_code_tips=2247905&p_date_jo_arrete=%25&p_menu=FICHE&p_site=AMELI
2248030;OPTIQUE, MONTURE ADULTE DE CLASSE B,LUNETTE PR TOUS;http://www.codage.ext.cnamts.fr/cgi/tips/cgi-fiche?p_code_tips=2248030&p_date_jo_arrete=%25&p_menu=FICHE&p_site=AMELI
2249152;OPTIQUE, MONTURE ADULTE DE CLASSE B,THE BOX DISTRIB;http://www.codage.ext.cnamts.fr/cgi/tips/cgi-fiche?p_code_tips=2249152&p_date_jo_arrete=%25&p_menu=FICHE&p_site=AMELI
2249229;OPTIQUE, MONTURE ADULTE DE CLASSE B,LUNETTE PR TOUS;http://www.codage.ext.cnamts.fr/cgi/tips/cgi-fiche?p_code_tips=2249229&p_date_jo_arrete=%25&p_menu=FICHE&p_site=AMELI
2251924;OPTIQUE, MONTURE ADULTE DE CLASSE B,SORDELLI_FRANCO;http://www.codage.ext.cnamts.fr/cgi/tips/cgi-fiche?p_code_tips=2251924&p_date_jo_arrete=%25&p_menu=FICHE&p_site=AMELI
2252177;OPTIQUE, MONTURE ADULTE DE CLASSE B,OPTIQUE RIVALIN;http://www.codage.ext.cnamts.fr/cgi/tips/cgi-fiche?p_code_tips=2252177&p_date_jo_arrete=%25&p_menu=FICHE&p_site=AMELI
2253248;OPTIQUE, MONTURE ADULTE DE CLASSE B,LUNETTE PR TOUS;http://www.codage.ext.cnamts.fr/cgi/tips/cgi-fiche?p_code_tips=2253248&p_date_jo_arrete=%25&p_menu=FICHE&p_site=AMELI
2253834;COR. ORTHO., MAIN, ATTELLE MP, FLEXION, POUCE ABDUCTION,ETOILE DISTRIB;http://www.codage.ext.cnamts.fr/cgi/tips/cgi-fiche?p_code_tips=2253834&p_date_jo_arrete=%25&p_menu=FICHE&p_site=AMELI
2254242;OPTIQUE, MONTURE ENFANT DE CLASSE A,ST MICHEL ARCH.;http://www.codage.ext.cnamts.fr/cgi/tips/cgi-fiche?p_code_tips=2254242&p_date_jo_arrete=%25&p_menu=FICHE&p_site=AMELI
2254584;OPTIQUE, MONTURE ADULTE DE CLASSE B,OPTIQUE RIVALIN;http://www.codage.ext.cnamts.fr/cgi/tips/cgi-fiche?p_code_tips=2254584&p_date_jo_arrete=%25&p_menu=FICHE&p_site=AMELI
2254727;OPTIQUE, MONTURE ADULTE DE CLASSE B,OPTIQUE RIVALIN;http://www.codage.ext.cnamts.fr/cgi/tips/cgi-fiche?p_code_tips=2254727&p_date_jo_arrete=%25&p_menu=FICHE&p_site=AMELI
2254911;OPTIQUE, MONTURE ADULTE DE CLASSE B,OPTIQUE RIVALIN;http://www.codage.ext.cnamts.fr/cgi/tips/cgi-fiche?p_code_tips=2254911&p_date_jo_arrete=%25&p_menu=FICHE&p_site=AMELI
2255520;OPTIQUE, MONTURE ADULTE DE CLASSE B,OPTIQUE RIVALIN;http://www.codage.ext.cnamts.fr/cgi/tips/cgi-fiche?p_code_tips=2255520&p_date_jo_arrete=%25&p_menu=FICHE&p_site=AMELI
2255856;OPTIQUE, MONTURE ADULTE DE CLASSE A,SORDELLI FRANCO;http://www.codage.ext.cnamts.fr/cgi/tips/cgi-fiche?p_code_tips=2255856&p_date_jo_arrete=%25&p_menu=FICHE&p_site=AMELI
2256420;OPTIQUE, MONTURE ADULTE DE CLASSE B,LUNETTE PR TOUS;http://www.codage.ext.cnamts.fr/cgi/tips/cgi-fiche?p_code_tips=2256420&p_date_jo_arrete=%25&p_menu=FICHE&p_site=AMELI
2256560;OPTIQUE, MONTURE ADULTE DE CLASSE B,OPTIQUE RIVALIN;http://www.codage.ext.cnamts.fr/cgi/tips/cgi-fiche?p_code_tips=2256560&p_date_jo_arrete=%25&p_menu=FICHE&p_site=AMELI
2256790;OPTIQUE, MONTURE ADULTE DE CLASSE B,OPTIQUE RIVALIN;http://www.codage.ext.cnamts.fr/cgi/tips/cgi-fiche?p_code_tips=2256790&p_date_jo_arrete=%25&p_menu=FICHE&p_site=AMELI
2256910;OPTIQUE, MONTURE ADULTE DE CLASSE B,OPTIQUE RIVALIN;http://www.codage.ext.cnamts.fr/cgi/tips/cgi-fiche?p_code_tips=2256910&p_date_jo_arrete=%25&p_menu=FICHE&p_site=AMELI
2257447;OPTIQUE, MONTURE ADULTE DE CLASSE B,LUNETTE ECUSSON;http://www.codage.ext.cnamts.fr/cgi/tips/cgi-fiche?p_code_tips=2257447&p_date_jo_arrete=%25&p_menu=FICHE&p_site=AMELI
2257750;OPTIQUE, MONTURE ADULTE DE CLASSE B,LUNETTE PR TOUS;http://www.codage.ext.cnamts.fr/cgi/tips/cgi-fiche?p_code_tips=2257750&p_date_jo_arrete=%25&p_menu=FICHE&p_site=AMELI
2258406;OPTIQUE, MONTURE ADULTE DE CLASSE B,OPTIQUE RIVALIN;http://www.codage.ext.cnamts.fr/cgi/tips/cgi-fiche?p_code_tips=2258406&p_date_jo_arrete=%25&p_menu=FICHE&p_site=AMELI
2258895;OPTIQUE, MONTURE ADULTE DE CLASSE B,LUNETTE PR TOUS;http://www.codage.ext.cnamts.fr/cgi/tips/cgi-fiche?p_code_tips=2258895&p_date_jo_arrete=%25&p_menu=FICHE&p_site=AMELI
2259340;OPTIQUE, MONTURE ADULTE DE CLASSE B,LUNETTE PR TOUS;http://www.codage.ext.cnamts.fr/cgi/tips/cgi-fiche?p_code_tips=2259340&p_date_jo_arrete=%25&p_menu=FICHE&p_site=AMELI
2260509;OPTIQUE, MONTURE ADULTE DE CLASSE B,LUNETTE PR TOUS;http://www.codage.ext.cnamts.fr/cgi/tips/cgi-fiche?p_code_tips=2260509&p_date_jo_arrete=%25&p_menu=FICHE&p_site=AMELI
2260691;COR. ORTHO., MAIN, ATTELLE MP, FLEXION, POUCE ABDUCTION,ETOILE DISTRIB;http://www.codage.ext.cnamts.fr/cgi/tips/cgi-fiche?p_code_tips=2260691&p_date_jo_arrete=%25&p_menu=FICHE&p_site=AMELI
2261087;OPTIQUE, MONTURE ADULTE DE CLASSE B,OPTIQUE RIVALIN;http://www.codage.ext.cnamts.fr/cgi/tips/cgi-fiche?p_code_tips=2261087&p_date_jo_arrete=%25&p_menu=FICHE&p_site=AMELI
2262678;OPTIQUE, MONTURE ADULTE DE CLASSE B,LUNETTE PR TOUS;http://www.codage.ext.cnamts.fr/cgi/tips/cgi-fiche?p_code_tips=2262678&p_date_jo_arrete=%25&p_menu=FICHE&p_site=AMELI
2263287;OPTIQUE, MONTURE ADULTE DE CLASSE B,OPTIQUE RIVALIN;http://www.codage.ext.cnamts.fr/cgi/tips/cgi-fiche?p_code_tips=2263287&p_date_jo_arrete=%25&p_menu=FICHE&p_site=AMELI
2263494;OPTIQUE, MONTURE ADULTE DE CLASSE B,LUNETTE PR TOUS;http://www.codage.ext.cnamts.fr/cgi/tips/cgi-fiche?p_code_tips=2263494&p_date_jo_arrete=%25&p_menu=FICHE&p_site=AMELI
2263927;OPTIQUE, VERRE NEUTRE DE CLASSE A CONSCIOUS EYEW.;http://www.codage.ext.cnamts.fr/cgi/tips/cgi-fiche?p_code_tips=2263927&p_date_jo_arrete=%25&p_menu=FICHE&p_site=AMELI
2264223;OPTIQUE, MONTURE ADULTE DE CLASSE B,OPTIQUE RIVALIN;http://www.codage.ext.cnamts.fr/cgi/tips/cgi-fiche?p_code_tips=2264223&p_date_jo_arrete=%25&p_menu=FICHE&p_site=AMELI
2264401;OPTIQUE, MONTURE ADULTE DE CLASSE A,GROUP PHARMA FR;http://www.codage.ext.cnamts.fr/cgi/tips/cgi-fiche?p_code_tips=2264401&p_date_jo_arrete=%25&p_menu=FICHE&p_site=AMELI
2264803;OPTIQUE, MONTURE ADULTE DE CLASSE A,NATHALIE BLANC;http://www.codage.ext.cnamts.fr/cgi/tips/cgi-fiche?p_code_tips=2264803&p_date_jo_arrete=%25&p_menu=FICHE&p_site=AMELI
2264861;OPTIQUE, PRISME INCORPORE ADULTE. QUELLE QUE SOIT LA PUISSANCE,FURCOM VISION;http://www.codage.ext.cnamts.fr/cgi/tips/cgi-fiche?p_code_tips=2264861&p_date_jo_arrete=%25&p_menu=FICHE&p_site=AMELI
2264884;OPTIQUE, MONTURE ADULTE DE CLASSE B,OPTIQUE RIVALIN;http://www.codage.ext.cnamts.fr/cgi/tips/cgi-fiche?p_code_tips=2264884&p_date_jo_arrete=%25&p_menu=FICHE&p_site=AMELI
2265412;OPTIQUE, MONTURE ADULTE DE CLASSE B,SUSTAINABLE FAS;http://www.codage.ext.cnamts.fr/cgi/tips/cgi-fiche?p_code_tips=2265412&p_date_jo_arrete=%25&p_menu=FICHE&p_site=AMELI
2266080;OPTIQUE, MONTURE ADULTE DE CLASSE B,OPTIQUE RIVALIN;http://www.codage.ext.cnamts.fr/cgi/tips/cgi-fiche?p_code_tips=2266080&p_date_jo_arrete=%25&p_menu=FICHE&p_site=AMELI
2266989;OPTIQUE, MONTURE ADULTE DE CLASSE B,CONSCIOUS EYEW.;http://www.codage.ext.cnamts.fr/cgi/tips/cgi-fiche?p_code_tips=2266989&p_date_jo_arrete=%25&p_menu=FICHE&p_site=AMELI
2267240;OPTIQUE, MONTURE ADULTE DE CLASSE B,OPTIQUE RIVALIN;http://www.codage.ext.cnamts.fr/cgi/tips/cgi-fiche?p_code_tips=2267240&p_date_jo_arrete=%25&p_menu=FICHE&p_site=AMELI
2267397;OPTIQUE, MONTURE ADULTE DE CLASSE B,OPTIQUE RIVALIN;http://www.codage.ext.cnamts.fr/cgi/tips/cgi-fiche?p_code_tips=2267397&p_date_jo_arrete=%25&p_menu=FICHE&p_site=AMELI
2267492;OPTIQUE, MONTURE ENFANT DE CLASSE A,CONSCIOUS EYEW.;http://www.codage.ext.cnamts.fr/cgi/tips/cgi-fiche?p_code_tips=2267492&p_date_jo_arrete=%25&p_menu=FICHE&p_site=AMELI
2267552;OPTIQUE, MONTURE ENFANT DE CLASSE B,HENAU INTER;http://www.codage.ext.cnamts.fr/cgi/tips/cgi-fiche?p_code_tips=2267552&p_date_jo_arrete=%25&p_menu=FICHE&p_site=AMELI
2267641;OPTIQUE, MONTURE ADULTE DE CLASSE A,AUDIO VISION;http://www.codage.ext.cnamts.fr/cgi/tips/cgi-fiche?p_code_tips=2267641&p_date_jo_arrete=%25&p_menu=FICHE&p_site=AMELI
2268273;OPTIQUE, MONTURE ADULTE DE CLASSE B,OPTIQUE RIVALIN;http://www.codage.ext.cnamts.fr/cgi/tips/cgi-fiche?p_code_tips=2268273&p_date_jo_arrete=%25&p_menu=FICHE&p_site=AMELI
2268505;OPTIQUE, VERRE NEUTRE DE CLASSE B LUNETTE PR TOUS;http://www.codage.ext.cnamts.fr/cgi/tips/cgi-fiche?p_code_tips=2268505&p_date_jo_arrete=%25&p_menu=FICHE&p_site=AMELI
2269516;OPTIQUE, MONTURE ADULTE DE CLASSE B,LA BETE FEROCE;http://www.codage.ext.cnamts.fr/cgi/tips/cgi-fiche?p_code_tips=2269516&p_date_jo_arrete=%25&p_menu=FICHE&p_site=AMELI
2269692;OPTIQUE, MONTURE ADULTE DE CLASSE B,FLORENCE DISTIB;http://www.codage.ext.cnamts.fr/cgi/tips/cgi-fiche?p_code_tips=2269692&p_date_jo_arrete=%25&p_menu=FICHE&p_site=AMELI
2270583;COR. ORTHO., MAIN, ATTELLE MP, FLEXION, POUCE ABDUCTION,ETOILE DISTRIB;http://www.codage.ext.cnamts.fr/cgi/tips/cgi-fiche?p_code_tips=2270583&p_date_jo_arrete=%25&p_menu=FICHE&p_site=AMELI
2272398;OPTIQUE, MONTURE ADULTE DE CLASSE B,OPTIQUE RIVALIN;http://www.codage.ext.cnamts.fr/cgi/tips/cgi-fiche?p_code_tips=2272398&p_date_jo_arrete=%25&p_menu=FICHE&p_site=AMELI
2272748;OPTIQUE, MONTURE ADULTE DE CLASSE B,OPTIQUE RIVALIN;http://www.codage.ext.cnamts.fr/cgi/tips/cgi-fiche?p_code_tips=2272748&p_date_jo_arrete=%25&p_menu=FICHE&p_site=AMELI
2274380;OPTIQUE, MONTURE ADULTE DE CLASSE B,OPTIQUE RIVALIN;http://www.codage.ext.cnamts.fr/cgi/tips/cgi-fiche?p_code_tips=2274380&p_date_jo_arrete=%25&p_menu=FICHE&p_site=AMELI
2274730;OPTIQUE, MONTURE ADULTE DE CLASSE B,OPTIQUE RIVALIN;http://www.codage.ext.cnamts.fr/cgi/tips/cgi-fiche?p_code_tips=2274730&p_date_jo_arrete=%25&p_menu=FICHE&p_site=AMELI
2275847;OPTIQUE, MONTURE ADULTE DE CLASSE B,OPTIQUE RIVALIN;http://www.codage.ext.cnamts.fr/cgi/tips/cgi-fiche?p_code_tips=2275847&p_date_jo_arrete=%25&p_menu=FICHE&p_site=AMELI
2276048;OPTIQUE, MONTURE ENFANT DE CLASSE B,PARASITE DESIGN;http://www.codage.ext.cnamts.fr/cgi/tips/cgi-fiche?p_code_tips=2276048&p_date_jo_arrete=%25&p_menu=FICHE&p_site=AMELI
2276870;MAT. AMBLYOPIE, SYSTEME DE REEDUCATION, BTE DE 50, PETITE TAILLE,3M FRANCE;http://www.codage.ext.cnamts.fr/cgi/tips/cgi-fiche?p_code_tips=2276870&p_date_jo_arrete=%25&p_menu=FICHE&p_site=AMELI
2277266;OPTIQUE, MONTURE ADULTE DE CLASSE B,OPTIQUE RIVALIN;http://www.codage.ext.cnamts.fr/cgi/tips/cgi-fiche?p_code_tips=2277266&p_date_jo_arrete=%25&p_menu=FICHE&p_site=AMELI
2278219;OPTIQUE, VERRES ISEICONIQUES ADULTE. SUR DEVIS,MULTILENS;http://www.codage.ext.cnamts.fr/cgi/tips/cgi-fiche?p_code_tips=2278219&p_date_jo_arrete=%25&p_menu=FICHE&p_site=AMELI
2279650;OPTIQUE, MONTURE ADULTE DE CLASSE A,XAVIER CHRISTIN;http://www.codage.ext.cnamts.fr/cgi/tips/cgi-fiche?p_code_tips=2279650&p_date_jo_arrete=%25&p_menu=FICHE&p_site=AMELI
2279934;OPTIQUE, MONTURE ADULTE DE CLASSE B,OPTIQUE RIVALIN;http://www.codage.ext.cnamts.fr/cgi/tips/cgi-fiche?p_code_tips=2279934&p_date_jo_arrete=%25&p_menu=FICHE&p_site=AMELI
2281598;OPTIQUE, MONTURE ADULTE DE CLASSE A,XAVIER CHRISTIN;http://www.codage.ext.cnamts.fr/cgi/tips/cgi-fiche?p_code_tips=2281598&p_date_jo_arrete=%25&p_menu=FICHE&p_site=AMELI
2282913;OPTIQUE, MONTURE ADULTE DE CLASSE B,OPTIQUE RIVALIN;http://www.codage.ext.cnamts.fr/cgi/tips/cgi-fiche?p_code_tips=2282913&p_date_jo_arrete=%25&p_menu=FICHE&p_site=AMELI
2282920;OPTIQUE, MONTURE ADULTE DE CLASSE A,GROUP PHARMA FR;http://www.codage.ext.cnamts.fr/cgi/tips/cgi-fiche?p_code_tips=2282920&p_date_jo_arrete=%25&p_menu=FICHE&p_site=AMELI
2284071;OPTIQUE, MONTURE ADULTE DE CLASSE B,OPTIQUE RIVALIN;http://www.codage.ext.cnamts.fr/cgi/tips/cgi-fiche?p_code_tips=2284071&p_date_jo_arrete=%25&p_menu=FICHE&p_site=AMELI
2284697;OPTIQUE, MONTURE ADULTE DE CLASSE A,GROUP PHARMA FR;http://www.codage.ext.cnamts.fr/cgi/tips/cgi-fiche?p_code_tips=2284697&p_date_jo_arrete=%25&p_menu=FICHE&p_site=AMELI
2285099;COR. ORTHO., MAIN, ATTELLE MP, FLEXION, POUCE ABDUCTION,ETOILE DISTRIB;http://www.codage.ext.cnamts.fr/cgi/tips/cgi-fiche?p_code_tips=2285099&p_date_jo_arrete=%25&p_menu=FICHE&p_site=AMELI
2285136;MAT. AMBLYOPIE, SYSTEME DE REEDUCATION, BTE DE 50, GRANDE TAILLE,3M FRANCE;http://www.codage.ext.cnamts.fr/cgi/tips/cgi-fiche?p_code_tips=2285136&p_date_jo_arrete=%25&p_menu=FICHE&p_site=AMELI
2286118;OPTIQUE, MONTURE ADULTE DE CLASSE B,OPTIQUE RIVALIN;http://www.codage.ext.cnamts.fr/cgi/tips/cgi-fiche?p_code_tips=2286118&p_date_jo_arrete=%25&p_menu=FICHE&p_site=AMELI
2286800;OPTIQUE, MONTURE ADULTE DE CLASSE A,CENTRE LECLERC;http://www.codage.ext.cnamts.fr/cgi/tips/cgi-fiche?p_code_tips=2286800&p_date_jo_arrete=%25&p_menu=FICHE&p_site=AMELI
2287514;OPTIQUE, MONTURE ADULTE DE CLASSE B,OPTIQUE RIVALIN;http://www.codage.ext.cnamts.fr/cgi/tips/cgi-fiche?p_code_tips=2287514&p_date_jo_arrete=%25&p_menu=FICHE&p_site=AMELI
2287862;OPTIQUE, VERRE NEUTRE DE CLASSE A,ALIZES OPTIQUE;http://www.codage.ext.cnamts.fr/cgi/tips/cgi-fiche?p_code_tips=2287862&p_date_jo_arrete=%25&p_menu=FICHE&p_site=AMELI
2288293;OPTIQUE, MONTURE ADULTE DE CLASSE B,OPTIQUE RIVALIN;http://www.codage.ext.cnamts.fr/cgi/tips/cgi-fiche?p_code_tips=2288293&p_date_jo_arrete=%25&p_menu=FICHE&p_site=AMELI
2288353;OPTIQUE, MONTURE ENFANT DE CLASSE B,LES MIRO FRANCE;http://www.codage.ext.cnamts.fr/cgi/tips/cgi-fiche?p_code_tips=2288353&p_date_jo_arrete=%25&p_menu=FICHE&p_site=AMELI
2288502;OPTIQUE, MONTURE ADULTE DE CLASSE B,LUNETT SUR-MESU;http://www.codage.ext.cnamts.fr/cgi/tips/cgi-fiche?p_code_tips=2288502&p_date_jo_arrete=%25&p_menu=FICHE&p_site=AMELI
2288695;OPTIQUE, MONTURE ADULTE DE CLASSE A,PARASITE DESIGN;http://www.codage.ext.cnamts.fr/cgi/tips/cgi-fiche?p_code_tips=2288695&p_date_jo_arrete=%25&p_menu=FICHE&p_site=AMELI
2291065;OPTIQUE, MONTURE ADULTE DE CLASSE A,GROUP PHARMA FR;http://www.codage.ext.cnamts.fr/cgi/tips/cgi-fiche?p_code_tips=2291065&p_date_jo_arrete=%25&p_menu=FICHE&p_site=AMELI
2291480;OPTIQUE, VERRE NEUTRE DE CLASSE B INDUS INSULAIRE;http://www.codage.ext.cnamts.fr/cgi/tips/cgi-fiche?p_code_tips=2291480&p_date_jo_arrete=%25&p_menu=FICHE&p_site=AMELI
2291674;OPTIQUE, MONTURE ADULTE DE CLASSE B,ALTITUDE EYEW.;http://www.codage.ext.cnamts.fr/cgi/tips/cgi-fiche?p_code_tips=2291674&p_date_jo_arrete=%25&p_menu=FICHE&p_site=AMELI
2292053;OPTIQUE, MONTURE ADULTE DE CLASSE A,FABRICE PONCET;http://www.codage.ext.cnamts.fr/cgi/tips/cgi-fiche?p_code_tips=2292053&p_date_jo_arrete=%25&p_menu=FICHE&p_site=AMELI
2292277;OPTIQUE, MONTURE ADULTE DE CLASSE B,LUNET DE L'ATEL;http://www.codage.ext.cnamts.fr/cgi/tips/cgi-fiche?p_code_tips=2292277&p_date_jo_arrete=%25&p_menu=FICHE&p_site=AMELI
2292544;OPTIQUE, MONTURE ADULTE DE CLASSE B,OPTIQUE RIVALIN;http://www.codage.ext.cnamts.fr/cgi/tips/cgi-fiche?p_code_tips=2292544&p_date_jo_arrete=%25&p_menu=FICHE&p_site=AMELI
2293390;OPTIQUE, MONTURE ADULTE DE CLASSE B,OPTIQUE RIVALIN;http://www.codage.ext.cnamts.fr/cgi/tips/cgi-fiche?p_code_tips=2293390&p_date_jo_arrete=%25&p_menu=FICHE&p_site=AMELI
2293414;OPTIQUE, MONTURE ENFANT DE CLASSE B,ODD SKIN OUT LD;http://www.codage.ext.cnamts.fr/cgi/tips/cgi-fiche?p_code_tips=2293414&p_date_jo_arrete=%25&p_menu=FICHE&p_site=AMELI
2293555;OPTIQUE, VERRE NEUTRE DE CLASSE A INDUS INSULAIRE;http://www.codage.ext.cnamts.fr/cgi/tips/cgi-fiche?p_code_tips=2293555&p_date_jo_arrete=%25&p_menu=FICHE&p_site=AMELI
2293957;OPTIQUE, MONTURE ADULTE DE CLASSE B,PM FROST;http://www.codage.ext.cnamts.fr/cgi/tips/cgi-fiche?p_code_tips=2293957&p_date_jo_arrete=%25&p_menu=FICHE&p_site=AMELI
2295175;OPTIQUE, MONTURE ADULTE DE CLASSE B,OPTIQUE RIVALIN;http://www.codage.ext.cnamts.fr/cgi/tips/cgi-fiche?p_code_tips=2295175&p_date_jo_arrete=%25&p_menu=FICHE&p_site=AMELI
2295525;OPTIQUE, MONTURE ADULTE DE CLASSE A,OPTIMASUN LTEE;http://www.codage.ext.cnamts.fr/cgi/tips/cgi-fiche?p_code_tips=2295525&p_date_jo_arrete=%25&p_menu=FICHE&p_site=AMELI
2295815;OPTIQUE, MONTURE ADULTE DE CLASSE A,GALERIE ART OPT;http://www.codage.ext.cnamts.fr/cgi/tips/cgi-fiche?p_code_tips=2295815&p_date_jo_arrete=%25&p_menu=FICHE&p_site=AMELI
2296803;OPTIQUE, MONTURE ADULTE DE CLASSE B,OPTIQUE RIVALIN;http://www.codage.ext.cnamts.fr/cgi/tips/cgi-fiche?p_code_tips=2296803&p_date_jo_arrete=%25&p_menu=FICHE&p_site=AMELI
2297263;OPTIQUE, MONTURE ADULTE DE CLASSE B,LA BETE FEROCE;http://www.codage.ext.cnamts.fr/cgi/tips/cgi-fiche?p_code_tips=2297263&p_date_jo_arrete=%25&p_menu=FICHE&p_site=AMELI
2297530;OPTIQUE, MONTURE ADULTE DE CLASSE B,CHROME HEARTS;http://www.codage.ext.cnamts.fr/cgi/tips/cgi-fiche?p_code_tips=2297530&p_date_jo_arrete=%25&p_menu=FICHE&p_site=AMELI
2297866;MAT. AMBLYOPIE, SYSTEME DE REEDUCATION, BTE DE 20, GRANDE TAILLE,3M FRANCE;http://www.codage.ext.cnamts.fr/cgi/tips/cgi-fiche?p_code_tips=2297866&p_date_jo_arrete=%25&p_menu=FICHE&p_site=AMELI
2297910;OPTIQUE, MONTURE ADULTE DE CLASSE B,OPTIQUE RIVALIN;http://www.codage.ext.cnamts.fr/cgi/tips/cgi-fiche?p_code_tips=2297910&p_date_jo_arrete=%25&p_menu=FICHE&p_site=AMELI
2297926;OPTIQUE, MONTURE ADULTE DE CLASSE B,OPTIQUE RIVALIN;http://www.codage.ext.cnamts.fr/cgi/tips/cgi-fiche?p_code_tips=2297926&p_date_jo_arrete=%25&p_menu=FICHE&p_site=AMELI
2299196;OPTIQUE, MONTURE ADULTE DE CLASSE B,OPTIQUE RIVALIN;http://www.codage.ext.cnamts.fr/cgi/tips/cgi-fiche?p_code_tips=2299196&p_date_jo_arrete=%25&p_menu=FICHE&p_site=AMELI
2299925;OPTIQUE, MONTURE ADULTE DE CLASSE A,GROUP PHARMA FR;http://www.codage.ext.cnamts.fr/cgi/tips/cgi-fiche?p_code_tips=2299925&p_date_jo_arrete=%25&p_menu=FICHE&p_site=AMELI
2306832;AUDIOPROTHESE, ENTRETIEN ET REPARATIONS, MICROPHONE,GN HEARING SAS;http://www.codage.ext.cnamts.fr/cgi/tips/cgi-fiche?p_code_tips=2306832&p_date_jo_arrete=%25&p_menu=FICHE&p_site=AMELI
2307926;AUDIOPROTHESE, ENTRETIEN ET REPARATIONS, MICROPHONE,GN HEARING SAS;http://www.codage.ext.cnamts.fr/cgi/tips/cgi-fiche?p_code_tips=2307926&p_date_jo_arrete=%25&p_menu=FICHE&p_site=AMELI
2312927;AUDIOPROTHESE, ENTRETIEN ET REPARATIONS, MICROPHONE,GN HEARING SAS;http://www.codage.ext.cnamts.fr/cgi/tips/cgi-fiche?p_code_tips=2312927&p_date_jo_arrete=%25&p_menu=FICHE&p_site=AMELI
2317149;CANULE TRACHEALE PARLANTE A CLAPET, EN CHLORURE DE POLYVINYLE,TELEFLEX MED;http://www.codage.ext.cnamts.fr/cgi/tips/cgi-fiche?p_code_tips=2317149&p_date_jo_arrete=%25&p_menu=FICHE&p_site=AMELI
2325120;AUDIOPROTHESE, ENTRETIEN ET REPARATIONS, MICROPHONE,GN HEARING SAS;http://www.codage.ext.cnamts.fr/cgi/tips/cgi-fiche?p_code_tips=2325120&p_date_jo_arrete=%25&p_menu=FICHE&p_site=AMELI
2332976;AUDIOPROTHESE, ENTRETIEN ET REPARATIONS, MICROPHONE,GN HEARING SAS;http://www.codage.ext.cnamts.fr/cgi/tips/cgi-fiche?p_code_tips=2332976&p_date_jo_arrete=%25&p_menu=FICHE&p_site=AMELI
2337749;AUDIOPROTHESE, ENTRETIEN ET REPARATIONS, MICROPHONE,GN HEARING SAS;http://www.codage.ext.cnamts.fr/cgi/tips/cgi-fiche?p_code_tips=2337749&p_date_jo_arrete=%25&p_menu=FICHE&p_site=AMELI
2341840;AUDIOPROTHESE, ENTRETIEN ET REPARATIONS, MICROPHONE,GN HEARING SAS;http://www.codage.ext.cnamts.fr/cgi/tips/cgi-fiche?p_code_tips=2341840&p_date_jo_arrete=%25&p_menu=FICHE&p_site=AMELI
2343856;AUDIOPROTHESE, ENTRETIEN ET REPARATIONS, MICROPHONE,GN HEARING SAS;http://www.codage.ext.cnamts.fr/cgi/tips/cgi-fiche?p_code_tips=2343856&p_date_jo_arrete=%25&p_menu=FICHE&p_site=AMELI
2344100;AUDIOPROTHESE, ENTRETIEN ET REPARATIONS, MICROPHONE,GN HEARING SAS;http://www.codage.ext.cnamts.fr/cgi/tips/cgi-fiche?p_code_tips=2344100&p_date_jo_arrete=%25&p_menu=FICHE&p_site=AMELI
2351057;AUDIOPROTHESE, ENTRETIEN ET REPARATIONS, MICROPHONE,GN HEARING SAS;http://www.codage.ext.cnamts.fr/cgi/tips/cgi-fiche?p_code_tips=2351057&p_date_jo_arrete=%25&p_menu=FICHE&p_site=AMELI
2356882;AUDIOPROTHESE, ENTRETIEN ET REPARATIONS, MICROPHONE,GN HEARING SAS;http://www.codage.ext.cnamts.fr/cgi/tips/cgi-fiche?p_code_tips=2356882&p_date_jo_arrete=%25&p_menu=FICHE&p_site=AMELI
2356907;AUDIOPROTHESE, ENTRETIEN ET REPARATIONS, MICROPHONE,SONOVA FRANCE;http://www.codage.ext.cnamts.fr/cgi/tips/cgi-fiche?p_code_tips=2356907&p_date_jo_arrete=%25&p_menu=FICHE&p_site=AMELI
2357338;AUDIOPROTHESE, ENTRETIEN ET REPARATIONS, MICROPHONE,GN HEARING SAS;http://www.codage.ext.cnamts.fr/cgi/tips/cgi-fiche?p_code_tips=2357338&p_date_jo_arrete=%25&p_menu=FICHE&p_site=AMELI
2365119;AUDIOPROTHESE, ENTRETIEN ET REPARATIONS, MICROPHONE,GN HEARING SAS;http://www.codage.ext.cnamts.fr/cgi/tips/cgi-fiche?p_code_tips=2365119&p_date_jo_arrete=%25&p_menu=FICHE&p_site=AMELI
2369117;AUDIOPROTHESE, ENTRETIEN ET REPARATIONS, MICROPHONE,GN HEARING SAS;http://www.codage.ext.cnamts.fr/cgi/tips/cgi-fiche?p_code_tips=2369117&p_date_jo_arrete=%25&p_menu=FICHE&p_site=AMELI
2392530;AUDIOPROTHESE, ENTRETIEN ET REPARATIONS, MICROPHONE,GN HEARING SAS;http://www.codage.ext.cnamts.fr/cgi/tips/cgi-fiche?p_code_tips=2392530&p_date_jo_arrete=%25&p_menu=FICHE&p_site=AMELI
2404210;CANULE TRACHEALE SIMPLE, EN ELASTOMERE DE SILICONE,ATOS MED;http://www.codage.ext.cnamts.fr/cgi/tips/cgi-fiche?p_code_tips=2404210&p_date_jo_arrete=%25&p_menu=FICHE&p_site=AMELI
2415946;CANULE TRACHEALE SIMPLE, EN CHLORURE DE POLYVINYLE,POURET MEDICAL;http://www.codage.ext.cnamts.fr/cgi/tips/cgi-fiche?p_code_tips=2415946&p_date_jo_arrete=%25&p_menu=FICHE&p_site=AMELI
2426683;CANULE TRACHEALE SIMPLE, EN CHLORURE DE POLYVINYLE,COLLIN;http://www.codage.ext.cnamts.fr/cgi/tips/cgi-fiche?p_code_tips=2426683&p_date_jo_arrete=%25&p_menu=FICHE&p_site=AMELI
2426766;CANULE TRACHEALE PARLANTE A CLAPET, EN ELASTOMERE DE SILICONE,POURET MEDICAL;http://www.codage.ext.cnamts.fr/cgi/tips/cgi-fiche?p_code_tips=2426766&p_date_jo_arrete=%25&p_menu=FICHE&p_site=AMELI
2432880;CANULE TRACHEALE PARLANTE A CLAPET, EN CHLORURE DE POLYVINYLE,POURET MEDICAL;http://www.codage.ext.cnamts.fr/cgi/tips/cgi-fiche?p_code_tips=2432880&p_date_jo_arrete=%25&p_menu=FICHE&p_site=AMELI
2433565;CANULE TRACHEALE SIMPLE, EN CHLORURE DE POLYVINYLE,ATOS MED;http://www.codage.ext.cnamts.fr/cgi/tips/cgi-fiche?p_code_tips=2433565&p_date_jo_arrete=%25&p_menu=FICHE&p_site=AMELI
2434636;CANULE TRACHEALE SIMPLE, EN CHLORURE DE POLYVINYLE,MEDTRONIC;http://www.codage.ext.cnamts.fr/cgi/tips/cgi-fiche?p_code_tips=2434636&p_date_jo_arrete=%25&p_menu=FICHE&p_site=AMELI
2454024;PROTHESE VOCALE ELECTRONIQUE, A CONDUCTION TRANSCUTANEE, ACHAT,COLLIN;http://www.codage.ext.cnamts.fr/cgi/tips/cgi-fiche?p_code_tips=2454024&p_date_jo_arrete=%25&p_menu=FICHE&p_site=AMELI
2485390;AERATEUR TRANSTYMPANIQUE, STERILE, NON REUTILIS, UTILIS PROLONGE,POURET MEDICAL 00037;http://www.codage.ext.cnamts.fr/cgi/tips/cgi-fiche?p_code_tips=2485390&p_date_jo_arrete=%25&p_menu=FICHE&p_site=AMELI
2494897;AERATEUR TRANSTYMPANIQUE, STERILE, NON REUTILIS, UTILIS BREVE,POURET MEDICAL;http://www.codage.ext.cnamts.fr/cgi/tips/cgi-fiche?p_code_tips=2494897&p_date_jo_arrete=%25&p_menu=FICHE&p_site=AMELI
2495141;CANULE TRACHEALE PARLANTE A CLAPET, EN CHLORURE DE POLYVINYLE,COLLIN;http://www.codage.ext.cnamts.fr/cgi/tips/cgi-fiche?p_code_tips=2495141&p_date_jo_arrete=%25&p_menu=FICHE&p_site=AMELI
2499156;PME TRANSITOIRE, PROTHESE MAMMAIRE EXTERNE TRANSITOIRE,ANITA DR HELBIG;http://www.codage.ext.cnamts.fr/cgi/tips/cgi-fiche?p_code_tips=2499156&p_date_jo_arrete=%25&p_menu=FICHE&p_site=AMELI
2520809;AI4Z001,OSSUR EUROPE;http://www.codage.ext.cnamts.fr/cgi/tips/cgi-fiche?p_code_tips=2520809&p_date_jo_arrete=%25&p_menu=FICHE&p_site=AMELI
2700724;AMORTISSEUR CHOCS VERTICAUX ET DE TORSION EN ALLIAGE LEGER,ORTHO EUROPE;http://www.codage.ext.cnamts.fr/cgi/tips/cgi-fiche?p_code_tips=2700724&p_date_jo_arrete=%25&p_menu=FICHE&p_site=AMELI
2700782;PS72,DAW SA;http://www.codage.ext.cnamts.fr/cgi/tips/cgi-fiche?p_code_tips=2700782&p_date_jo_arrete=%25&p_menu=FICHE&p_site=AMELI
2700871;VI4ZG23,OKO SOLUTION;http://www.codage.ext.cnamts.fr/cgi/tips/cgi-fiche?p_code_tips=2700871&p_date_jo_arrete=%25&p_menu=FICHE&p_site=AMELI
2702019;AI1A92,OTTO BOCK;http://www.codage.ext.cnamts.fr/cgi/tips/cgi-fiche?p_code_tips=2702019&p_date_jo_arrete=%25&p_menu=FICHE&p_site=AMELI
2702108;AI4A15,OTTO BOCK;http://www.codage.ext.cnamts.fr/cgi/tips/cgi-fiche?p_code_tips=2702108&p_date_jo_arrete=%25&p_menu=FICHE&p_site=AMELI
2702321;VI4ZG21,OTTO BOCK;http://www.codage.ext.cnamts.fr/cgi/tips/cgi-fiche?p_code_tips=2702321&p_date_jo_arrete=%25&p_menu=FICHE&p_site=AMELI
2702798;PIED RESTITUTION D ENERGIE, REMPLACEMENT REVETEMENT ESTHETIQUE,COLLEGE PARK;http://www.codage.ext.cnamts.fr/cgi/tips/cgi-fiche?p_code_tips=2702798&p_date_jo_arrete=%25&p_menu=FICHE&p_site=AMELI
2703088;AT43Z15,RECFRANCE;http://www.codage.ext.cnamts.fr/cgi/tips/cgi-fiche?p_code_tips=2703088&p_date_jo_arrete=%25&p_menu=FICHE&p_site=AMELI
2703355;VI4ZH23,OSSUR EUROPE;http://www.codage.ext.cnamts.fr/cgi/tips/cgi-fiche?p_code_tips=2703355&p_date_jo_arrete=%25&p_menu=FICHE&p_site=AMELI
2704047;AT47Z05,RECFRANCE;http://www.codage.ext.cnamts.fr/cgi/tips/cgi-fiche?p_code_tips=2704047&p_date_jo_arrete=%25&p_menu=FICHE&p_site=AMELI
2704159;AI1A40,OTTO BOCK;http://www.codage.ext.cnamts.fr/cgi/tips/cgi-fiche?p_code_tips=2704159&p_date_jo_arrete=%25&p_menu=FICHE&p_site=AMELI
2704700;PIED RESTITUTION D ENERGIE, REMPLACEMENT REVETEMENT ESTHETIQUE,PROTEOR;http://www.codage.ext.cnamts.fr/cgi/tips/cgi-fiche?p_code_tips=2704700&p_date_jo_arrete=%25&p_menu=FICHE&p_site=AMELI
2705176;TR41,DAW SA;http://www.codage.ext.cnamts.fr/cgi/tips/cgi-fiche?p_code_tips=2705176&p_date_jo_arrete=%25&p_menu=FICHE&p_site=AMELI
2706738;PROTHESE D'AVANT-BRAS ENFANT OU ADO MUE PAR ENERGIE ELECTRIQUE,OPEN BIONICS;http://www.codage.ext.cnamts.fr/cgi/tips/cgi-fiche?p_code_tips=2706738&p_date_jo_arrete=%25&p_menu=FICHE&p_site=AMELI
2706939;RI1004,OTTO BOCK;http://www.codage.ext.cnamts.fr/cgi/tips/cgi-fiche?p_code_tips=2706939&p_date_jo_arrete=%25&p_menu=FICHE&p_site=AMELI
2707005;VI4BE01,OKO SOLUTION;http://www.codage.ext.cnamts.fr/cgi/tips/cgi-fiche?p_code_tips=2707005&p_date_jo_arrete=%25&p_menu=FICHE&p_site=AMELI
2707123;VI3X603,GROUPE G2M;http://www.codage.ext.cnamts.fr/cgi/tips/cgi-fiche?p_code_tips=2707123&p_date_jo_arrete=%25&p_menu=FICHE&p_site=AMELI
2707548;AMORTISSEUR CHOCS VERTICAUX ET DE TORSION EN ALLIAGE LEGER,OSSUR EUROPE;http://www.codage.ext.cnamts.fr/cgi/tips/cgi-fiche?p_code_tips=2707548&p_date_jo_arrete=%25&p_menu=FICHE&p_site=AMELI
2708619;PI51,OTTO BOCK;http://www.codage.ext.cnamts.fr/cgi/tips/cgi-fiche?p_code_tips=2708619&p_date_jo_arrete=%25&p_menu=FICHE&p_site=AMELI
2708677;AS3T01,OTTO BOCK;http://www.codage.ext.cnamts.fr/cgi/tips/cgi-fiche?p_code_tips=2708677&p_date_jo_arrete=%25&p_menu=FICHE&p_site=AMELI
2708766;AS4Z52,OTTO BOCK;http://www.codage.ext.cnamts.fr/cgi/tips/cgi-fiche?p_code_tips=2708766&p_date_jo_arrete=%25&p_menu=FICHE&p_site=AMELI
2709381;AMORTISSEUR CHOCS VERTICAUX ET DE TORSION EN ALLIAGE LEGER,OTTO BOCK;http://www.codage.ext.cnamts.fr/cgi/tips/cgi-fiche?p_code_tips=2709381&p_date_jo_arrete=%25&p_menu=FICHE&p_site=AMELI
2709406;CHEVILLE MULTIFLEXION,OKO SOLUTION;http://www.codage.ext.cnamts.fr/cgi/tips/cgi-fiche?p_code_tips=2709406&p_date_jo_arrete=%25&p_menu=FICHE&p_site=AMELI
2710036;TR49N51,PROTEOR;http://www.codage.ext.cnamts.fr/cgi/tips/cgi-fiche?p_code_tips=2710036&p_date_jo_arrete=%25&p_menu=FICHE&p_site=AMELI
2710125;RS831,OTTO BOCK;http://www.codage.ext.cnamts.fr/cgi/tips/cgi-fiche?p_code_tips=2710125&p_date_jo_arrete=%25&p_menu=FICHE&p_site=AMELI
2710272;VI4ZR22,OSSUR EUROPE;http://www.codage.ext.cnamts.fr/cgi/tips/cgi-fiche?p_code_tips=2710272&p_date_jo_arrete=%25&p_menu=FICHE&p_site=AMELI
2711366;AI4A91,OTTO BOCK;http://www.codage.ext.cnamts.fr/cgi/tips/cgi-fiche?p_code_tips=2711366&p_date_jo_arrete=%25&p_menu=FICHE&p_site=AMELI
2711946;RI03XX012,OTTO BOCK;http://www.codage.ext.cnamts.fr/cgi/tips/cgi-fiche?p_code_tips=2711946&p_date_jo_arrete=%25&p_menu=FICHE&p_site=AMELI
2712207;RS832,OTTO BOCK;http://www.codage.ext.cnamts.fr/cgi/tips/cgi-fiche?p_code_tips=2712207&p_date_jo_arrete=%25&p_menu=FICHE&p_site=AMELI
2712532;AI6X607,PROTEOR;http://www.codage.ext.cnamts.fr/cgi/tips/cgi-fiche?p_code_tips=2712532&p_date_jo_arrete=%25&p_menu=FICHE&p_site=AMELI
2712584;AS9A25,GO ORTHO;http://www.codage.ext.cnamts.fr/cgi/tips/cgi-fiche?p_code_tips=2712584&p_date_jo_arrete=%25&p_menu=FICHE&p_site=AMELI
2712957;VI4ZN24,OTTO BOCK;http://www.codage.ext.cnamts.fr/cgi/tips/cgi-fiche?p_code_tips=2712957&p_date_jo_arrete=%25&p_menu=FICHE&p_site=AMELI
2713342;AT43Z04,PROTEOR;http://www.codage.ext.cnamts.fr/cgi/tips/cgi-fiche?p_code_tips=2713342&p_date_jo_arrete=%25&p_menu=FICHE&p_site=AMELI
2714318;VI4ZR21,OSSUR EUROPE;http://www.codage.ext.cnamts.fr/cgi/tips/cgi-fiche?p_code_tips=2714318&p_date_jo_arrete=%25&p_menu=FICHE&p_site=AMELI
2714413;VI4ZG20,GROUPE G2M;http://www.codage.ext.cnamts.fr/cgi/tips/cgi-fiche?p_code_tips=2714413&p_date_jo_arrete=%25&p_menu=FICHE&p_site=AMELI
2714608;VI4ZN26,OKO SOLUTION;http://www.codage.ext.cnamts.fr/cgi/tips/cgi-fiche?p_code_tips=2714608&p_date_jo_arrete=%25&p_menu=FICHE&p_site=AMELI
2715128;AS4Z51,OTTO BOCK;http://www.codage.ext.cnamts.fr/cgi/tips/cgi-fiche?p_code_tips=2715128&p_date_jo_arrete=%25&p_menu=FICHE&p_site=AMELI
2715223;OI59F01,PROTEOR;http://www.codage.ext.cnamts.fr/cgi/tips/cgi-fiche?p_code_tips=2715223&p_date_jo_arrete=%25&p_menu=FICHE&p_site=AMELI
2715312;RI04ZA001,OTTO BOCK;http://www.codage.ext.cnamts.fr/cgi/tips/cgi-fiche?p_code_tips=2715312&p_date_jo_arrete=%25&p_menu=FICHE&p_site=AMELI
2715364;AT47Z08,RECFRANCE;http://www.codage.ext.cnamts.fr/cgi/tips/cgi-fiche?p_code_tips=2715364&p_date_jo_arrete=%25&p_menu=FICHE&p_site=AMELI
2715832;GANTS EN CHLORURE DE POLYVINYLE ENFANT OU ADO,OPEN BIONICS;http://www.codage.ext.cnamts.fr/cgi/tips/cgi-fiche?p_code_tips=2715832&p_date_jo_arrete=%25&p_menu=FICHE&p_site=AMELI
2716091;RI10AA003,OTTO BOCK;http://www.codage.ext.cnamts.fr/cgi/tips/cgi-fiche?p_code_tips=2716091&p_date_jo_arrete=%25&p_menu=FICHE&p_site=AMELI
2716323;RS4R04,OTTO BOCK;http://www.codage.ext.cnamts.fr/cgi/tips/cgi-fiche?p_code_tips=2716323&p_date_jo_arrete=%25&p_menu=FICHE&p_site=AMELI
2717788;RS6R07,OTTO BOCK;http://www.codage.ext.cnamts.fr/cgi/tips/cgi-fiche?p_code_tips=2717788&p_date_jo_arrete=%25&p_menu=FICHE&p_site=AMELI
2718167;AI6Z001,OSSUR EUROPE;http://www.codage.ext.cnamts.fr/cgi/tips/cgi-fiche?p_code_tips=2718167&p_date_jo_arrete=%25&p_menu=FICHE&p_site=AMELI
2719043;RS3C01,OTTO BOCK;http://www.codage.ext.cnamts.fr/cgi/tips/cgi-fiche?p_code_tips=2719043&p_date_jo_arrete=%25&p_menu=FICHE&p_site=AMELI
2719126;VI1Z001,OTTO BOCK;http://www.codage.ext.cnamts.fr/cgi/tips/cgi-fiche?p_code_tips=2719126&p_date_jo_arrete=%25&p_menu=FICHE&p_site=AMELI
2719161;VI4ZR22,OKO SOLUTION;http://www.codage.ext.cnamts.fr/cgi/tips/cgi-fiche?p_code_tips=2719161&p_date_jo_arrete=%25&p_menu=FICHE&p_site=AMELI
2719340;CHEVILLE MULTIFLEXION,PROTEOR;http://www.codage.ext.cnamts.fr/cgi/tips/cgi-fiche?p_code_tips=2719340&p_date_jo_arrete=%25&p_menu=FICHE&p_site=AMELI
2719439;TR49N80,PROTEOR;http://www.codage.ext.cnamts.fr/cgi/tips/cgi-fiche?p_code_tips=2719439&p_date_jo_arrete=%25&p_menu=FICHE&p_site=AMELI
2719959;VI4ZG20,OTTO BOCK;http://www.codage.ext.cnamts.fr/cgi/tips/cgi-fiche?p_code_tips=2719959&p_date_jo_arrete=%25&p_menu=FICHE&p_site=AMELI
2720052;RI08ZJ301,PROTEOR;http://www.codage.ext.cnamts.fr/cgi/tips/cgi-fiche?p_code_tips=2720052&p_date_jo_arrete=%25&p_menu=FICHE&p_site=AMELI
2720230;VI4ZG21,OKO SOLUTION;http://www.codage.ext.cnamts.fr/cgi/tips/cgi-fiche?p_code_tips=2720230&p_date_jo_arrete=%25&p_menu=FICHE&p_site=AMELI
2720454;AI1A14,OTTO BOCK;http://www.codage.ext.cnamts.fr/cgi/tips/cgi-fiche?p_code_tips=2720454&p_date_jo_arrete=%25&p_menu=FICHE&p_site=AMELI
2720508;PIED RESTITUTION D ENERGIE, REMPLACEMENT REVETEMENT ESTHETIQUE,OTTO BOCK;http://www.codage.ext.cnamts.fr/cgi/tips/cgi-fiche?p_code_tips=2720508&p_date_jo_arrete=%25&p_menu=FICHE&p_site=AMELI
2720520;RI10XA007,OTTO BOCK;http://www.codage.ext.cnamts.fr/cgi/tips/cgi-fiche?p_code_tips=2720520&p_date_jo_arrete=%25&p_menu=FICHE&p_site=AMELI
2720744;RI03XX015,GO ORTHO;http://www.codage.ext.cnamts.fr/cgi/tips/cgi-fiche?p_code_tips=2720744&p_date_jo_arrete=%25&p_menu=FICHE&p_site=AMELI
2721749;AI3Z001,OSSUR EUROPE;http://www.codage.ext.cnamts.fr/cgi/tips/cgi-fiche?p_code_tips=2721749&p_date_jo_arrete=%25&p_menu=FICHE&p_site=AMELI
2721850;PI72,OTTO BOCK;http://www.codage.ext.cnamts.fr/cgi/tips/cgi-fiche?p_code_tips=2721850&p_date_jo_arrete=%25&p_menu=FICHE&p_site=AMELI
2721933;AT43Z05,RECFRANCE;http://www.codage.ext.cnamts.fr/cgi/tips/cgi-fiche?p_code_tips=2721933&p_date_jo_arrete=%25&p_menu=FICHE&p_site=AMELI
2722275;VI4ZP20,OTTO BOCK;http://www.codage.ext.cnamts.fr/cgi/tips/cgi-fiche?p_code_tips=2722275&p_date_jo_arrete=%25&p_menu=FICHE&p_site=AMELI
2722306;PRONOSUPINATION PASSIVE,OPEN BIONICS;http://www.codage.ext.cnamts.fr/cgi/tips/cgi-fiche?p_code_tips=2722306&p_date_jo_arrete=%25&p_menu=FICHE&p_site=AMELI
2722393;RI03XX014,OSSUR EUROPE;http://www.codage.ext.cnamts.fr/cgi/tips/cgi-fiche?p_code_tips=2722393&p_date_jo_arrete=%25&p_menu=FICHE&p_site=AMELI
2722559;VI6X604,OKO SOLUTION;http://www.codage.ext.cnamts.fr/cgi/tips/cgi-fiche?p_code_tips=2722559&p_date_jo_arrete=%25&p_menu=FICHE&p_site=AMELI
2723576;AS9D89,OTTO BOCK;http://www.codage.ext.cnamts.fr/cgi/tips/cgi-fiche?p_code_tips=2723576&p_date_jo_arrete=%25&p_menu=FICHE&p_site=AMELI
2724200;AT43Z15,G2M JANTON;http://www.codage.ext.cnamts.fr/cgi/tips/cgi-fiche?p_code_tips=2724200&p_date_jo_arrete=%25&p_menu=FICHE&p_site=AMELI
2724305;AS7A01,OTTO BOCK;http://www.codage.ext.cnamts.fr/cgi/tips/cgi-fiche?p_code_tips=2724305&p_date_jo_arrete=%25&p_menu=FICHE&p_site=AMELI
2724736;VI8Z720,OKO SOLUTION;http://www.codage.ext.cnamts.fr/cgi/tips/cgi-fiche?p_code_tips=2724736&p_date_jo_arrete=%25&p_menu=FICHE&p_site=AMELI
2724742;RI03XX015,SWISS MOTION;http://www.codage.ext.cnamts.fr/cgi/tips/cgi-fiche?p_code_tips=2724742&p_date_jo_arrete=%25&p_menu=FICHE&p_site=AMELI
2724972;TR49N50,PROTEOR;http://www.codage.ext.cnamts.fr/cgi/tips/cgi-fiche?p_code_tips=2724972&p_date_jo_arrete=%25&p_menu=FICHE&p_site=AMELI
2725316;AS9R02,OTTO BOCK;http://www.codage.ext.cnamts.fr/cgi/tips/cgi-fiche?p_code_tips=2725316&p_date_jo_arrete=%25&p_menu=FICHE&p_site=AMELI
2726215;VI4ZN21,OSSUR EUROPE;http://www.codage.ext.cnamts.fr/cgi/tips/cgi-fiche?p_code_tips=2726215&p_date_jo_arrete=%25&p_menu=FICHE&p_site=AMELI
2726244;AI4A11,OTTO BOCK;http://www.codage.ext.cnamts.fr/cgi/tips/cgi-fiche?p_code_tips=2726244&p_date_jo_arrete=%25&p_menu=FICHE&p_site=AMELI
2726400;AS9R01,OTTO BOCK;http://www.codage.ext.cnamts.fr/cgi/tips/cgi-fiche?p_code_tips=2726400&p_date_jo_arrete=%25&p_menu=FICHE&p_site=AMELI
2726570;AI1A11,OTTO BOCK;http://www.codage.ext.cnamts.fr/cgi/tips/cgi-fiche?p_code_tips=2726570&p_date_jo_arrete=%25&p_menu=FICHE&p_site=AMELI
2726698;AI6U604,OTTO BOCK;http://www.codage.ext.cnamts.fr/cgi/tips/cgi-fiche?p_code_tips=2726698&p_date_jo_arrete=%25&p_menu=FICHE&p_site=AMELI
2727077;PIED RESTITUTION D ENERGIE, REMPLACEMENT REVETEMENT ESTHETIQUE,OSSUR EUROPE;http://www.codage.ext.cnamts.fr/cgi/tips/cgi-fiche?p_code_tips=2727077&p_date_jo_arrete=%25&p_menu=FICHE&p_site=AMELI
2727410;RI06ZX001,OTTO BOCK;http://www.codage.ext.cnamts.fr/cgi/tips/cgi-fiche?p_code_tips=2727410&p_date_jo_arrete=%25&p_menu=FICHE&p_site=AMELI
2727440;AT43Z15,ORTHOTECH;http://www.codage.ext.cnamts.fr/cgi/tips/cgi-fiche?p_code_tips=2727440&p_date_jo_arrete=%25&p_menu=FICHE&p_site=AMELI
2727953;VI4ZG24,OTTO BOCK;http://www.codage.ext.cnamts.fr/cgi/tips/cgi-fiche?p_code_tips=2727953&p_date_jo_arrete=%25&p_menu=FICHE&p_site=AMELI
2728645;VI4ZG25,OKO SOLUTION;http://www.codage.ext.cnamts.fr/cgi/tips/cgi-fiche?p_code_tips=2728645&p_date_jo_arrete=%25&p_menu=FICHE&p_site=AMELI
2729389;PI51,DAW SA;http://www.codage.ext.cnamts.fr/cgi/tips/cgi-fiche?p_code_tips=2729389&p_date_jo_arrete=%25&p_menu=FICHE&p_site=AMELI
2729975;BATTERIES POUR UN ENFANT OU POUR UN ADOLESCENT,OPEN BIONICS;http://www.codage.ext.cnamts.fr/cgi/tips/cgi-fiche?p_code_tips=2729975&p_date_jo_arrete=%25&p_menu=FICHE&p_site=AMELI
2730429;AI6X607,OKO SOLUTION;http://www.codage.ext.cnamts.fr/cgi/tips/cgi-fiche?p_code_tips=2730429&p_date_jo_arrete=%25&p_menu=FICHE&p_site=AMELI
2731140;AI6X607,OKO SOLUTION;http://www.codage.ext.cnamts.fr/cgi/tips/cgi-fiche?p_code_tips=2731140&p_date_jo_arrete=%25&p_menu=FICHE&p_site=AMELI
2731601;VI4ZH25,OTTO BOCK;http://www.codage.ext.cnamts.fr/cgi/tips/cgi-fiche?p_code_tips=2731601&p_date_jo_arrete=%25&p_menu=FICHE&p_site=AMELI
2731794;VI4ZN20,OSSUR EUROPE;http://www.codage.ext.cnamts.fr/cgi/tips/cgi-fiche?p_code_tips=2731794&p_date_jo_arrete=%25&p_menu=FICHE&p_site=AMELI
2733563;VI4ZG25,OSSUR EUROPE;http://www.codage.ext.cnamts.fr/cgi/tips/cgi-fiche?p_code_tips=2733563&p_date_jo_arrete=%25&p_menu=FICHE&p_site=AMELI
2733617;AT43Z11,GROUPE G2M;http://www.codage.ext.cnamts.fr/cgi/tips/cgi-fiche?p_code_tips=2733617&p_date_jo_arrete=%25&p_menu=FICHE&p_site=AMELI
2734031;PI06ZSA63,OTTO BOCK;http://www.codage.ext.cnamts.fr/cgi/tips/cgi-fiche?p_code_tips=2734031&p_date_jo_arrete=%25&p_menu=FICHE&p_site=AMELI
2735131;AI6Z601,OSSUR EUROPE;http://www.codage.ext.cnamts.fr/cgi/tips/cgi-fiche?p_code_tips=2735131&p_date_jo_arrete=%25&p_menu=FICHE&p_site=AMELI
2735415;RENOUVELLEMENT D'UNE DOUBLE EMBOITURE,OPEN BIONICS;http://www.codage.ext.cnamts.fr/cgi/tips/cgi-fiche?p_code_tips=2735415&p_date_jo_arrete=%25&p_menu=FICHE&p_site=AMELI
2735697;RI06ZD001,OSSUR EUROPE;http://www.codage.ext.cnamts.fr/cgi/tips/cgi-fiche?p_code_tips=2735697&p_date_jo_arrete=%25&p_menu=FICHE&p_site=AMELI
2736001;AI4A12,PROTEOR;http://www.codage.ext.cnamts.fr/cgi/tips/cgi-fiche?p_code_tips=2736001&p_date_jo_arrete=%25&p_menu=FICHE&p_site=AMELI
2736662;RI08ZJ701,OTTO BOCK;http://www.codage.ext.cnamts.fr/cgi/tips/cgi-fiche?p_code_tips=2736662&p_date_jo_arrete=%25&p_menu=FICHE&p_site=AMELI
2737070;TR49N72,PROTEOR;http://www.codage.ext.cnamts.fr/cgi/tips/cgi-fiche?p_code_tips=2737070&p_date_jo_arrete=%25&p_menu=FICHE&p_site=AMELI
2737093;VI4ZR23,OTTO BOCK;http://www.codage.ext.cnamts.fr/cgi/tips/cgi-fiche?p_code_tips=2737093&p_date_jo_arrete=%25&p_menu=FICHE&p_site=AMELI
2737124;VI4ZS25,OSSUR EUROPE;http://www.codage.ext.cnamts.fr/cgi/tips/cgi-fiche?p_code_tips=2737124&p_date_jo_arrete=%25&p_menu=FICHE&p_site=AMELI
2737130;OI58C30,PROTEOR;http://www.codage.ext.cnamts.fr/cgi/tips/cgi-fiche?p_code_tips=2737130&p_date_jo_arrete=%25&p_menu=FICHE&p_site=AMELI
2737822;RI8902,OTTO BOCK;http://www.codage.ext.cnamts.fr/cgi/tips/cgi-fiche?p_code_tips=2737822&p_date_jo_arrete=%25&p_menu=FICHE&p_site=AMELI
2737940;AI7A31,OTTO BOCK;http://www.codage.ext.cnamts.fr/cgi/tips/cgi-fiche?p_code_tips=2737940&p_date_jo_arrete=%25&p_menu=FICHE&p_site=AMELI
2738030;VI4ZS25,OTTO BOCK;http://www.codage.ext.cnamts.fr/cgi/tips/cgi-fiche?p_code_tips=2738030&p_date_jo_arrete=%25&p_menu=FICHE&p_site=AMELI
2738081;VI4ZR20,PROTEOR;http://www.codage.ext.cnamts.fr/cgi/tips/cgi-fiche?p_code_tips=2738081&p_date_jo_arrete=%25&p_menu=FICHE&p_site=AMELI
2738508;VI6X603,OSSUR EUROPE;http://www.codage.ext.cnamts.fr/cgi/tips/cgi-fiche?p_code_tips=2738508&p_date_jo_arrete=%25&p_menu=FICHE&p_site=AMELI
2738750;RI03ZX003,OTTO BOCK;http://www.codage.ext.cnamts.fr/cgi/tips/cgi-fiche?p_code_tips=2738750&p_date_jo_arrete=%25&p_menu=FICHE&p_site=AMELI
2739229;VI4ZG20,OKO SOLUTION;http://www.codage.ext.cnamts.fr/cgi/tips/cgi-fiche?p_code_tips=2739229&p_date_jo_arrete=%25&p_menu=FICHE&p_site=AMELI
2740037;TR49K54,PROTEOR;http://www.codage.ext.cnamts.fr/cgi/tips/cgi-fiche?p_code_tips=2740037&p_date_jo_arrete=%25&p_menu=FICHE&p_site=AMELI
2740793;AT43Z20,RECFRANCE;http://www.codage.ext.cnamts.fr/cgi/tips/cgi-fiche?p_code_tips=2740793&p_date_jo_arrete=%25&p_menu=FICHE&p_site=AMELI
2740847;AT43Z12,RECFRANCE;http://www.codage.ext.cnamts.fr/cgi/tips/cgi-fiche?p_code_tips=2740847&p_date_jo_arrete=%25&p_menu=FICHE&p_site=AMELI
2741210;AI4Z001,OTTO BOCK;http://www.codage.ext.cnamts.fr/cgi/tips/cgi-fiche?p_code_tips=2741210&p_date_jo_arrete=%25&p_menu=FICHE&p_site=AMELI
2741255;AI7A11,PROTEOR;http://www.codage.ext.cnamts.fr/cgi/tips/cgi-fiche?p_code_tips=2741255&p_date_jo_arrete=%25&p_menu=FICHE&p_site=AMELI
2741947;AI4Z003,OSSUR EUROPE;http://www.codage.ext.cnamts.fr/cgi/tips/cgi-fiche?p_code_tips=2741947&p_date_jo_arrete=%25&p_menu=FICHE&p_site=AMELI
2742036;RI10XA005,OTTO BOCK;http://www.codage.ext.cnamts.fr/cgi/tips/cgi-fiche?p_code_tips=2742036&p_date_jo_arrete=%25&p_menu=FICHE&p_site=AMELI
2742800;VI4ZH23,OTTO BOCK;http://www.codage.ext.cnamts.fr/cgi/tips/cgi-fiche?p_code_tips=2742800&p_date_jo_arrete=%25&p_menu=FICHE&p_site=AMELI
2743573;AS9A62,GO ORTHO;http://www.codage.ext.cnamts.fr/cgi/tips/cgi-fiche?p_code_tips=2743573&p_date_jo_arrete=%25&p_menu=FICHE&p_site=AMELI
2744756;PI03ZSD23,OTTO BOCK;http://www.codage.ext.cnamts.fr/cgi/tips/cgi-fiche?p_code_tips=2744756&p_date_jo_arrete=%25&p_menu=FICHE&p_site=AMELI
2744851;PS32,DAW SA;http://www.codage.ext.cnamts.fr/cgi/tips/cgi-fiche?p_code_tips=2744851&p_date_jo_arrete=%25&p_menu=FICHE&p_site=AMELI
2745112;VI4ZH25,OKO SOLUTION;http://www.codage.ext.cnamts.fr/cgi/tips/cgi-fiche?p_code_tips=2745112&p_date_jo_arrete=%25&p_menu=FICHE&p_site=AMELI
2745320;AT43Z09,RECFRANCE;http://www.codage.ext.cnamts.fr/cgi/tips/cgi-fiche?p_code_tips=2745320&p_date_jo_arrete=%25&p_menu=FICHE&p_site=AMELI
2745483;VI6U606,OTTO BOCK;http://www.codage.ext.cnamts.fr/cgi/tips/cgi-fiche?p_code_tips=2745483&p_date_jo_arrete=%25&p_menu=FICHE&p_site=AMELI
2746123;AS9A25,OTTO BOCK;http://www.codage.ext.cnamts.fr/cgi/tips/cgi-fiche?p_code_tips=2746123&p_date_jo_arrete=%25&p_menu=FICHE&p_site=AMELI
2746301;RI08XJ401,OTTO BOCK;http://www.codage.ext.cnamts.fr/cgi/tips/cgi-fiche?p_code_tips=2746301&p_date_jo_arrete=%25&p_menu=FICHE&p_site=AMELI
2746502;RI08XJ401,PROTEOR;http://www.codage.ext.cnamts.fr/cgi/tips/cgi-fiche?p_code_tips=2746502&p_date_jo_arrete=%25&p_menu=FICHE&p_site=AMELI
2746844;VI4AF01,GROUPE G2M;http://www.codage.ext.cnamts.fr/cgi/tips/cgi-fiche?p_code_tips=2746844&p_date_jo_arrete=%25&p_menu=FICHE&p_site=AMELI
2748027;VI4ZH23,GROUPE G2M;http://www.codage.ext.cnamts.fr/cgi/tips/cgi-fiche?p_code_tips=2748027&p_date_jo_arrete=%25&p_menu=FICHE&p_site=AMELI
2748406;CHEVILLE MULTIFLEXION,SM EUROPE;http://www.codage.ext.cnamts.fr/cgi/tips/cgi-fiche?p_code_tips=2748406&p_date_jo_arrete=%25&p_menu=FICHE&p_site=AMELI
2749469;AT47Z11,RECFRANCE;http://www.codage.ext.cnamts.fr/cgi/tips/cgi-fiche?p_code_tips=2749469&p_date_jo_arrete=%25&p_menu=FICHE&p_site=AMELI
2749564;AS9A22,GO ORTHO;http://www.codage.ext.cnamts.fr/cgi/tips/cgi-fiche?p_code_tips=2749564&p_date_jo_arrete=%25&p_menu=FICHE&p_site=AMELI
2750018;AS4A03,OTTO BOCK;http://www.codage.ext.cnamts.fr/cgi/tips/cgi-fiche?p_code_tips=2750018&p_date_jo_arrete=%25&p_menu=FICHE&p_site=AMELI
2750277;AI4A91,PROTEOR;http://www.codage.ext.cnamts.fr/cgi/tips/cgi-fiche?p_code_tips=2750277&p_date_jo_arrete=%25&p_menu=FICHE&p_site=AMELI
2750797;AI4T11,OTTO BOCK;http://www.codage.ext.cnamts.fr/cgi/tips/cgi-fiche?p_code_tips=2750797&p_date_jo_arrete=%25&p_menu=FICHE&p_site=AMELI
2751012;AT47Z04,PROTEOR;http://www.codage.ext.cnamts.fr/cgi/tips/cgi-fiche?p_code_tips=2751012&p_date_jo_arrete=%25&p_menu=FICHE&p_site=AMELI
2751029;AT43Z03,RECFRANCE;http://www.codage.ext.cnamts.fr/cgi/tips/cgi-fiche?p_code_tips=2751029&p_date_jo_arrete=%25&p_menu=FICHE&p_site=AMELI
2751288;RI10XA001,OTTO BOCK;http://www.codage.ext.cnamts.fr/cgi/tips/cgi-fiche?p_code_tips=2751288&p_date_jo_arrete=%25&p_menu=FICHE&p_site=AMELI
2752052;AI7A50,OTTO BOCK;http://www.codage.ext.cnamts.fr/cgi/tips/cgi-fiche?p_code_tips=2752052&p_date_jo_arrete=%25&p_menu=FICHE&p_site=AMELI
2753063;RI03XX015,OTTO BOCK;http://www.codage.ext.cnamts.fr/cgi/tips/cgi-fiche?p_code_tips=2753063&p_date_jo_arrete=%25&p_menu=FICHE&p_site=AMELI
2753672;RI06XX004,OSSUR EUROPE;http://www.codage.ext.cnamts.fr/cgi/tips/cgi-fiche?p_code_tips=2753672&p_date_jo_arrete=%25&p_menu=FICHE&p_site=AMELI
2753880;OS58G01,GO ORTHO;http://www.codage.ext.cnamts.fr/cgi/tips/cgi-fiche?p_code_tips=2753880&p_date_jo_arrete=%25&p_menu=FICHE&p_site=AMELI
2753904;RI1001,OTTO BOCK;http://www.codage.ext.cnamts.fr/cgi/tips/cgi-fiche?p_code_tips=2753904&p_date_jo_arrete=%25&p_menu=FICHE&p_site=AMELI
2755122;VI4ZR22,OTTO BOCK;http://www.codage.ext.cnamts.fr/cgi/tips/cgi-fiche?p_code_tips=2755122&p_date_jo_arrete=%25&p_menu=FICHE&p_site=AMELI
2755292;VI4ZR23,OSSUR EUROPE;http://www.codage.ext.cnamts.fr/cgi/tips/cgi-fiche?p_code_tips=2755292&p_date_jo_arrete=%25&p_menu=FICHE&p_site=AMELI
2756593;RI10XAC01,OTTO BOCK;http://www.codage.ext.cnamts.fr/cgi/tips/cgi-fiche?p_code_tips=2756593&p_date_jo_arrete=%25&p_menu=FICHE&p_site=AMELI
2756831;RI03XX015,OSSUR EUROPE;http://www.codage.ext.cnamts.fr/cgi/tips/cgi-fiche?p_code_tips=2756831&p_date_jo_arrete=%25&p_menu=FICHE&p_site=AMELI
2757109;VI3X603,OKO SOLUTION;http://www.codage.ext.cnamts.fr/cgi/tips/cgi-fiche?p_code_tips=2757109&p_date_jo_arrete=%25&p_menu=FICHE&p_site=AMELI
2757339;AT43Z15,L.C.D CONCEPT;http://www.codage.ext.cnamts.fr/cgi/tips/cgi-fiche?p_code_tips=2757339&p_date_jo_arrete=%25&p_menu=FICHE&p_site=AMELI
2757776;AS9D88,OTTO BOCK;http://www.codage.ext.cnamts.fr/cgi/tips/cgi-fiche?p_code_tips=2757776&p_date_jo_arrete=%25&p_menu=FICHE&p_site=AMELI
2757894;VI4ZE25,OKO SOLUTION;http://www.codage.ext.cnamts.fr/cgi/tips/cgi-fiche?p_code_tips=2757894&p_date_jo_arrete=%25&p_menu=FICHE&p_site=AMELI
2758149;OS59G01,GO ORTHO;http://www.codage.ext.cnamts.fr/cgi/tips/cgi-fiche?p_code_tips=2758149&p_date_jo_arrete=%25&p_menu=FICHE&p_site=AMELI
2758592;PS62,DAW SA;http://www.codage.ext.cnamts.fr/cgi/tips/cgi-fiche?p_code_tips=2758592&p_date_jo_arrete=%25&p_menu=FICHE&p_site=AMELI
2758706;VI4ZR20,OTTO BOCK;http://www.codage.ext.cnamts.fr/cgi/tips/cgi-fiche?p_code_tips=2758706&p_date_jo_arrete=%25&p_menu=FICHE&p_site=AMELI
2758758;AT47Z10,RECFRANCE;http://www.codage.ext.cnamts.fr/cgi/tips/cgi-fiche?p_code_tips=2758758&p_date_jo_arrete=%25&p_menu=FICHE&p_site=AMELI
2759077;AT47Z08,GROUPE G2M;http://www.codage.ext.cnamts.fr/cgi/tips/cgi-fiche?p_code_tips=2759077&p_date_jo_arrete=%25&p_menu=FICHE&p_site=AMELI
2759232;VI8Z420,PROTEOR;http://www.codage.ext.cnamts.fr/cgi/tips/cgi-fiche?p_code_tips=2759232&p_date_jo_arrete=%25&p_menu=FICHE&p_site=AMELI
2759953;VI3X603,OTTO BOCK;http://www.codage.ext.cnamts.fr/cgi/tips/cgi-fiche?p_code_tips=2759953&p_date_jo_arrete=%25&p_menu=FICHE&p_site=AMELI
2760005;RI08X7301,PROTEOR;http://www.codage.ext.cnamts.fr/cgi/tips/cgi-fiche?p_code_tips=2760005&p_date_jo_arrete=%25&p_menu=FICHE&p_site=AMELI
2760643;VI4ZH25,OSSUR EUROPE;http://www.codage.ext.cnamts.fr/cgi/tips/cgi-fiche?p_code_tips=2760643&p_date_jo_arrete=%25&p_menu=FICHE&p_site=AMELI
2760749;TR27O12,PROTEOR;http://www.codage.ext.cnamts.fr/cgi/tips/cgi-fiche?p_code_tips=2760749&p_date_jo_arrete=%25&p_menu=FICHE&p_site=AMELI
2760778;AT43Z21,RECFRANCE;http://www.codage.ext.cnamts.fr/cgi/tips/cgi-fiche?p_code_tips=2760778&p_date_jo_arrete=%25&p_menu=FICHE&p_site=AMELI
2760867;RI06ZD001,OSSUR EUROPE;http://www.codage.ext.cnamts.fr/cgi/tips/cgi-fiche?p_code_tips=2760867&p_date_jo_arrete=%25&p_menu=FICHE&p_site=AMELI
2760985;VI8Z410,GROUPE G2M;http://www.codage.ext.cnamts.fr/cgi/tips/cgi-fiche?p_code_tips=2760985&p_date_jo_arrete=%25&p_menu=FICHE&p_site=AMELI
2761051;VI6X603,GROUPE G2M;http://www.codage.ext.cnamts.fr/cgi/tips/cgi-fiche?p_code_tips=2761051&p_date_jo_arrete=%25&p_menu=FICHE&p_site=AMELI
2761520;AMORTISSEUR CHOCS VERTICAUX ET DE TORSION EN ALLIAGE LEGER,OKO SOLUTION;http://www.codage.ext.cnamts.fr/cgi/tips/cgi-fiche?p_code_tips=2761520&p_date_jo_arrete=%25&p_menu=FICHE&p_site=AMELI
2762850;S57P01,OPEN BIONICS;http://www.codage.ext.cnamts.fr/cgi/tips/cgi-fiche?p_code_tips=2762850&p_date_jo_arrete=%25&p_menu=FICHE&p_site=AMELI
2765356;RI10XT001,OTTO BOCK;http://www.codage.ext.cnamts.fr/cgi/tips/cgi-fiche?p_code_tips=2765356&p_date_jo_arrete=%25&p_menu=FICHE&p_site=AMELI
2765362;VI3X603,OSSUR EUROPE;http://www.codage.ext.cnamts.fr/cgi/tips/cgi-fiche?p_code_tips=2765362&p_date_jo_arrete=%25&p_menu=FICHE&p_site=AMELI
2765563;AS7A21,OTTO BOCK;http://www.codage.ext.cnamts.fr/cgi/tips/cgi-fiche?p_code_tips=2765563&p_date_jo_arrete=%25&p_menu=FICHE&p_site=AMELI
2765735;AS4A05,OTTO BOCK;http://www.codage.ext.cnamts.fr/cgi/tips/cgi-fiche?p_code_tips=2765735&p_date_jo_arrete=%25&p_menu=FICHE&p_site=AMELI
2766640;RS4R06,OTTO BOCK;http://www.codage.ext.cnamts.fr/cgi/tips/cgi-fiche?p_code_tips=2766640&p_date_jo_arrete=%25&p_menu=FICHE&p_site=AMELI
2766870;AS4A04,OTTO BOCK;http://www.codage.ext.cnamts.fr/cgi/tips/cgi-fiche?p_code_tips=2766870&p_date_jo_arrete=%25&p_menu=FICHE&p_site=AMELI
2767020;TR39N50,PROTEOR;http://www.codage.ext.cnamts.fr/cgi/tips/cgi-fiche?p_code_tips=2767020&p_date_jo_arrete=%25&p_menu=FICHE&p_site=AMELI
2767102;AS9D90,OTTO BOCK;http://www.codage.ext.cnamts.fr/cgi/tips/cgi-fiche?p_code_tips=2767102&p_date_jo_arrete=%25&p_menu=FICHE&p_site=AMELI
2767326;PI06ZSA63,OTTO BOCK;http://www.codage.ext.cnamts.fr/cgi/tips/cgi-fiche?p_code_tips=2767326&p_date_jo_arrete=%25&p_menu=FICHE&p_site=AMELI
2767504;AT43Z21,GROUPE G2M;http://www.codage.ext.cnamts.fr/cgi/tips/cgi-fiche?p_code_tips=2767504&p_date_jo_arrete=%25&p_menu=FICHE&p_site=AMELI
2767616;RI10AA002,OTTO BOCK;http://www.codage.ext.cnamts.fr/cgi/tips/cgi-fiche?p_code_tips=2767616&p_date_jo_arrete=%25&p_menu=FICHE&p_site=AMELI
2767929;AI4Z001,PROTEOR;http://www.codage.ext.cnamts.fr/cgi/tips/cgi-fiche?p_code_tips=2767929&p_date_jo_arrete=%25&p_menu=FICHE&p_site=AMELI
2768107;AS9Z01,OTTO BOCK;http://www.codage.ext.cnamts.fr/cgi/tips/cgi-fiche?p_code_tips=2768107&p_date_jo_arrete=%25&p_menu=FICHE&p_site=AMELI
2770179;RI06XX004,OTTO BOCK;http://www.codage.ext.cnamts.fr/cgi/tips/cgi-fiche?p_code_tips=2770179&p_date_jo_arrete=%25&p_menu=FICHE&p_site=AMELI
2770340;AS9A21,GO ORTHO;http://www.codage.ext.cnamts.fr/cgi/tips/cgi-fiche?p_code_tips=2770340&p_date_jo_arrete=%25&p_menu=FICHE&p_site=AMELI
2770357;RI06XX010,OKO SOLUTION;http://www.codage.ext.cnamts.fr/cgi/tips/cgi-fiche?p_code_tips=2770357&p_date_jo_arrete=%25&p_menu=FICHE&p_site=AMELI
2770558;AT47Z08,REHA TRANS;http://www.codage.ext.cnamts.fr/cgi/tips/cgi-fiche?p_code_tips=2770558&p_date_jo_arrete=%25&p_menu=FICHE&p_site=AMELI
2771279;AI6X607,GROUPE G2M;http://www.codage.ext.cnamts.fr/cgi/tips/cgi-fiche?p_code_tips=2771279&p_date_jo_arrete=%25&p_menu=FICHE&p_site=AMELI
2772008;VI4ZH20,OTTO BOCK;http://www.codage.ext.cnamts.fr/cgi/tips/cgi-fiche?p_code_tips=2772008&p_date_jo_arrete=%25&p_menu=FICHE&p_site=AMELI
2772020;PI21,DAW SA;http://www.codage.ext.cnamts.fr/cgi/tips/cgi-fiche?p_code_tips=2772020&p_date_jo_arrete=%25&p_menu=FICHE&p_site=AMELI
2772439;TR29G27,OTTO BOCK;http://www.codage.ext.cnamts.fr/cgi/tips/cgi-fiche?p_code_tips=2772439&p_date_jo_arrete=%25&p_menu=FICHE&p_site=AMELI
2772468;AT47Z02,RECFRANCE;http://www.codage.ext.cnamts.fr/cgi/tips/cgi-fiche?p_code_tips=2772468&p_date_jo_arrete=%25&p_menu=FICHE&p_site=AMELI
2772480;VI4ZH23,OKO SOLUTION;http://www.codage.ext.cnamts.fr/cgi/tips/cgi-fiche?p_code_tips=2772480&p_date_jo_arrete=%25&p_menu=FICHE&p_site=AMELI
2773427;RS9R01,OTTO BOCK;http://www.codage.ext.cnamts.fr/cgi/tips/cgi-fiche?p_code_tips=2773427&p_date_jo_arrete=%25&p_menu=FICHE&p_site=AMELI
2773640;RI01ZX001,OTTO BOCK;http://www.codage.ext.cnamts.fr/cgi/tips/cgi-fiche?p_code_tips=2773640&p_date_jo_arrete=%25&p_menu=FICHE&p_site=AMELI
2773806;AI1S121,OTTO BOCK;http://www.codage.ext.cnamts.fr/cgi/tips/cgi-fiche?p_code_tips=2773806&p_date_jo_arrete=%25&p_menu=FICHE&p_site=AMELI
2775194;AS9A31,OTTO BOCK;http://www.codage.ext.cnamts.fr/cgi/tips/cgi-fiche?p_code_tips=2775194&p_date_jo_arrete=%25&p_menu=FICHE&p_site=AMELI
2775290;RI10XA006,OTTO BOCK;http://www.codage.ext.cnamts.fr/cgi/tips/cgi-fiche?p_code_tips=2775290&p_date_jo_arrete=%25&p_menu=FICHE&p_site=AMELI
2775857;VI4ZP23,OTTO BOCK;http://www.codage.ext.cnamts.fr/cgi/tips/cgi-fiche?p_code_tips=2775857&p_date_jo_arrete=%25&p_menu=FICHE&p_site=AMELI
2775863;AT43Z11,RECFRANCE;http://www.codage.ext.cnamts.fr/cgi/tips/cgi-fiche?p_code_tips=2775863&p_date_jo_arrete=%25&p_menu=FICHE&p_site=AMELI
2776609;TR49K54,OTTO BOCK;http://www.codage.ext.cnamts.fr/cgi/tips/cgi-fiche?p_code_tips=2776609&p_date_jo_arrete=%25&p_menu=FICHE&p_site=AMELI
2777260;RI06XX005,OTTO BOCK;http://www.codage.ext.cnamts.fr/cgi/tips/cgi-fiche?p_code_tips=2777260&p_date_jo_arrete=%25&p_menu=FICHE&p_site=AMELI
2778270;PS42,DAW SA;http://www.codage.ext.cnamts.fr/cgi/tips/cgi-fiche?p_code_tips=2778270&p_date_jo_arrete=%25&p_menu=FICHE&p_site=AMELI
2778614;AI7A25,OTTO BOCK;http://www.codage.ext.cnamts.fr/cgi/tips/cgi-fiche?p_code_tips=2778614&p_date_jo_arrete=%25&p_menu=FICHE&p_site=AMELI
2778666;AS3S03,OTTO BOCK;http://www.codage.ext.cnamts.fr/cgi/tips/cgi-fiche?p_code_tips=2778666&p_date_jo_arrete=%25&p_menu=FICHE&p_site=AMELI
2779341;RS3R02,OTTO BOCK;http://www.codage.ext.cnamts.fr/cgi/tips/cgi-fiche?p_code_tips=2779341&p_date_jo_arrete=%25&p_menu=FICHE&p_site=AMELI
2779387;PI03ZSD23,OTTO BOCK;http://www.codage.ext.cnamts.fr/cgi/tips/cgi-fiche?p_code_tips=2779387&p_date_jo_arrete=%25&p_menu=FICHE&p_site=AMELI
2779743;AS9A85,OTTO BOCK;http://www.codage.ext.cnamts.fr/cgi/tips/cgi-fiche?p_code_tips=2779743&p_date_jo_arrete=%25&p_menu=FICHE&p_site=AMELI
2780373;RI1002,OTTO BOCK;http://www.codage.ext.cnamts.fr/cgi/tips/cgi-fiche?p_code_tips=2780373&p_date_jo_arrete=%25&p_menu=FICHE&p_site=AMELI
2780806;AS9Z95,OTTO BOCK;http://www.codage.ext.cnamts.fr/cgi/tips/cgi-fiche?p_code_tips=2780806&p_date_jo_arrete=%25&p_menu=FICHE&p_site=AMELI
2781088;AI4A90,OTTO BOCK;http://www.codage.ext.cnamts.fr/cgi/tips/cgi-fiche?p_code_tips=2781088&p_date_jo_arrete=%25&p_menu=FICHE&p_site=AMELI
2781190;AS9D01,OTTO BOCK;http://www.codage.ext.cnamts.fr/cgi/tips/cgi-fiche?p_code_tips=2781190&p_date_jo_arrete=%25&p_menu=FICHE&p_site=AMELI
2781326;RI10XT002,OTTO BOCK;http://www.codage.ext.cnamts.fr/cgi/tips/cgi-fiche?p_code_tips=2781326&p_date_jo_arrete=%25&p_menu=FICHE&p_site=AMELI
2781823;VI4ZN24,OSSUR EUROPE;http://www.codage.ext.cnamts.fr/cgi/tips/cgi-fiche?p_code_tips=2781823&p_date_jo_arrete=%25&p_menu=FICHE&p_site=AMELI
2782509;AS6R50,OTTO BOCK;http://www.codage.ext.cnamts.fr/cgi/tips/cgi-fiche?p_code_tips=2782509&p_date_jo_arrete=%25&p_menu=FICHE&p_site=AMELI
2782515;AS4A15,OTTO BOCK;http://www.codage.ext.cnamts.fr/cgi/tips/cgi-fiche?p_code_tips=2782515&p_date_jo_arrete=%25&p_menu=FICHE&p_site=AMELI
2782640;RI10AA001,OTTO BOCK;http://www.codage.ext.cnamts.fr/cgi/tips/cgi-fiche?p_code_tips=2782640&p_date_jo_arrete=%25&p_menu=FICHE&p_site=AMELI
2784419;AT47Z08,L.C.D CONCEPT;http://www.codage.ext.cnamts.fr/cgi/tips/cgi-fiche?p_code_tips=2784419&p_date_jo_arrete=%25&p_menu=FICHE&p_site=AMELI
2784490;AS9A61,GO ORTHO;http://www.codage.ext.cnamts.fr/cgi/tips/cgi-fiche?p_code_tips=2784490&p_date_jo_arrete=%25&p_menu=FICHE&p_site=AMELI
2784916;VI6U605,OTTO BOCK;http://www.codage.ext.cnamts.fr/cgi/tips/cgi-fiche?p_code_tips=2784916&p_date_jo_arrete=%25&p_menu=FICHE&p_site=AMELI
2785382;TR39N51,PROTEOR;http://www.codage.ext.cnamts.fr/cgi/tips/cgi-fiche?p_code_tips=2785382&p_date_jo_arrete=%25&p_menu=FICHE&p_site=AMELI
2787949;RI06XX006,RECFRANCE;http://www.codage.ext.cnamts.fr/cgi/tips/cgi-fiche?p_code_tips=2787949&p_date_jo_arrete=%25&p_menu=FICHE&p_site=AMELI
2787961;PIED RESTITUTION D ENERGIE, REMPLACEMENT REVETEMENT ESTHETIQUE,FILLAUER;http://www.codage.ext.cnamts.fr/cgi/tips/cgi-fiche?p_code_tips=2787961&p_date_jo_arrete=%25&p_menu=FICHE&p_site=AMELI
2788340;VI6X604,OTTO BOCK;http://www.codage.ext.cnamts.fr/cgi/tips/cgi-fiche?p_code_tips=2788340&p_date_jo_arrete=%25&p_menu=FICHE&p_site=AMELI
2788624;PI04ZSD23,OTTO BOCK;http://www.codage.ext.cnamts.fr/cgi/tips/cgi-fiche?p_code_tips=2788624&p_date_jo_arrete=%25&p_menu=FICHE&p_site=AMELI
2789204;VI6X604,OSSUR EUROPE;http://www.codage.ext.cnamts.fr/cgi/tips/cgi-fiche?p_code_tips=2789204&p_date_jo_arrete=%25&p_menu=FICHE&p_site=AMELI
2789836;RS8R01,OTTO BOCK;http://www.codage.ext.cnamts.fr/cgi/tips/cgi-fiche?p_code_tips=2789836&p_date_jo_arrete=%25&p_menu=FICHE&p_site=AMELI
2790680;AT43Z13,RECFRANCE;http://www.codage.ext.cnamts.fr/cgi/tips/cgi-fiche?p_code_tips=2790680&p_date_jo_arrete=%25&p_menu=FICHE&p_site=AMELI
2790986;AT47Z09,RECFRANCE;http://www.codage.ext.cnamts.fr/cgi/tips/cgi-fiche?p_code_tips=2790986&p_date_jo_arrete=%25&p_menu=FICHE&p_site=AMELI
2790992;AI6Z601,OKO SOLUTION;http://www.codage.ext.cnamts.fr/cgi/tips/cgi-fiche?p_code_tips=2790992&p_date_jo_arrete=%25&p_menu=FICHE&p_site=AMELI
2791218;AT47Z03,RECFRANCE;http://www.codage.ext.cnamts.fr/cgi/tips/cgi-fiche?p_code_tips=2791218&p_date_jo_arrete=%25&p_menu=FICHE&p_site=AMELI
2791365;AI1D93,OTTO BOCK;http://www.codage.ext.cnamts.fr/cgi/tips/cgi-fiche?p_code_tips=2791365&p_date_jo_arrete=%25&p_menu=FICHE&p_site=AMELI
2792293;PI22,OTTO BOCK;http://www.codage.ext.cnamts.fr/cgi/tips/cgi-fiche?p_code_tips=2792293&p_date_jo_arrete=%25&p_menu=FICHE&p_site=AMELI
2793335;AT43Z02,RECFRANCE;http://www.codage.ext.cnamts.fr/cgi/tips/cgi-fiche?p_code_tips=2793335&p_date_jo_arrete=%25&p_menu=FICHE&p_site=AMELI
2793499;AT47Z06,RECFRANCE;http://www.codage.ext.cnamts.fr/cgi/tips/cgi-fiche?p_code_tips=2793499&p_date_jo_arrete=%25&p_menu=FICHE&p_site=AMELI
2793737;PI72,OSSUR EUROPE;http://www.codage.ext.cnamts.fr/cgi/tips/cgi-fiche?p_code_tips=2793737&p_date_jo_arrete=%25&p_menu=FICHE&p_site=AMELI
2794866;VI3X003,GO ORTHO;http://www.codage.ext.cnamts.fr/cgi/tips/cgi-fiche?p_code_tips=2794866&p_date_jo_arrete=%25&p_menu=FICHE&p_site=AMELI
2795096;AS1A02,OTTO BOCK;http://www.codage.ext.cnamts.fr/cgi/tips/cgi-fiche?p_code_tips=2795096&p_date_jo_arrete=%25&p_menu=FICHE&p_site=AMELI
2795104;RI10XA008,OTTO BOCK;http://www.codage.ext.cnamts.fr/cgi/tips/cgi-fiche?p_code_tips=2795104&p_date_jo_arrete=%25&p_menu=FICHE&p_site=AMELI
2795179;RS6R05,OTTO BOCK;http://www.codage.ext.cnamts.fr/cgi/tips/cgi-fiche?p_code_tips=2795179&p_date_jo_arrete=%25&p_menu=FICHE&p_site=AMELI
2795200;AI1A13,OTTO BOCK;http://www.codage.ext.cnamts.fr/cgi/tips/cgi-fiche?p_code_tips=2795200&p_date_jo_arrete=%25&p_menu=FICHE&p_site=AMELI
2795937;AMORTISSEUR CHOCS VERTICAUX ET DE TORSION EN ALLIAGE LEGER,FILLAUER;http://www.codage.ext.cnamts.fr/cgi/tips/cgi-fiche?p_code_tips=2795937&p_date_jo_arrete=%25&p_menu=FICHE&p_site=AMELI
2796517;AI4A10,OTTO BOCK;http://www.codage.ext.cnamts.fr/cgi/tips/cgi-fiche?p_code_tips=2796517&p_date_jo_arrete=%25&p_menu=FICHE&p_site=AMELI
2796606;CHARGEUR POUR UN ENFANT OU POUR UN ADOLESCENT,OPEN BIONICS;http://www.codage.ext.cnamts.fr/cgi/tips/cgi-fiche?p_code_tips=2796606&p_date_jo_arrete=%25&p_menu=FICHE&p_site=AMELI
2796799;RI10XA002,OTTO BOCK;http://www.codage.ext.cnamts.fr/cgi/tips/cgi-fiche?p_code_tips=2796799&p_date_jo_arrete=%25&p_menu=FICHE&p_site=AMELI
2796813;AT43Z10,RECFRANCE;http://www.codage.ext.cnamts.fr/cgi/tips/cgi-fiche?p_code_tips=2796813&p_date_jo_arrete=%25&p_menu=FICHE&p_site=AMELI
2797310;AI7A01,PONECO;http://www.codage.ext.cnamts.fr/cgi/tips/cgi-fiche?p_code_tips=2797310&p_date_jo_arrete=%25&p_menu=FICHE&p_site=AMELI
2797623;RI08ZJ401,GROUPE G2M;http://www.codage.ext.cnamts.fr/cgi/tips/cgi-fiche?p_code_tips=2797623&p_date_jo_arrete=%25&p_menu=FICHE&p_site=AMELI
2797675;RI06ZX002,OTTO BOCK;http://www.codage.ext.cnamts.fr/cgi/tips/cgi-fiche?p_code_tips=2797675&p_date_jo_arrete=%25&p_menu=FICHE&p_site=AMELI
2798315;VI3U601,OTTO BOCK;http://www.codage.ext.cnamts.fr/cgi/tips/cgi-fiche?p_code_tips=2798315&p_date_jo_arrete=%25&p_menu=FICHE&p_site=AMELI
2798404;AS7A10,OTTO BOCK;http://www.codage.ext.cnamts.fr/cgi/tips/cgi-fiche?p_code_tips=2798404&p_date_jo_arrete=%25&p_menu=FICHE&p_site=AMELI
2798775;AI7A10,OTTO BOCK;http://www.codage.ext.cnamts.fr/cgi/tips/cgi-fiche?p_code_tips=2798775&p_date_jo_arrete=%25&p_menu=FICHE&p_site=AMELI
2799421;AI1S120,OTTO BOCK;http://www.codage.ext.cnamts.fr/cgi/tips/cgi-fiche?p_code_tips=2799421&p_date_jo_arrete=%25&p_menu=FICHE&p_site=AMELI
2876151;NUTRITION ENTERALE, LACTALIS, NUTRIMENT STANDARD, REALDIET PEDIATRIE STANDARD;http://www.codage.ext.cnamts.fr/cgi/tips/cgi-fiche?p_code_tips=2876151&p_date_jo_arrete=%25&p_menu=FICHE&p_site=AMELI
2876161;D01.1;http://www.codage.ext.cnamts.fr/cgi/tips/cgi-fiche?p_code_tips=2876161&p_date_jo_arrete=%25&p_menu=FICHE&p_site=AMELI
2876171;D01.1;http://www.codage.ext.cnamts.fr/cgi/tips/cgi-fiche?p_code_tips=2876171&p_date_jo_arrete=%25&p_menu=FICHE&p_site=AMELI
2876181;NUTRITION ENTERALE, FRESENIUS, NUTRIMENT HYPERENERGETIQUE, FRESUBIN HP 750 MCT;http://www.codage.ext.cnamts.fr/cgi/tips/cgi-fiche?p_code_tips=2876181&p_date_jo_arrete=%25&p_menu=FICHE&p_site=AMELI
2876191;LOCATION HEBDO,COMPRESSEUR,AUDELA DE 65EME SEMAINE,DRIVE DEVILBISS,AIR FORCE MAX;http://www.codage.ext.cnamts.fr/cgi/tips/cgi-fiche?p_code_tips=2876191&p_date_jo_arrete=%25&p_menu=FICHE&p_site=AMELI
2876201;NUT. ENT., AD,MEL POLY NPHE CONC,NUTRICIA,NUTRISON CONCENTRATED MF 2 KCAL,500 ML;http://www.codage.ext.cnamts.fr/cgi/tips/cgi-fiche?p_code_tips=2876201&p_date_jo_arrete=%25&p_menu=FICHE&p_site=AMELI
2878061;N01.12;http://www.codage.ext.cnamts.fr/cgi/tips/cgi-fiche?p_code_tips=2878061&p_date_jo_arrete=%25&p_menu=FICHE&p_site=AMELI
2878071;SOLUTION A USAGE OPHTALMIQUE, SANTEN, CATIONORM, FLACON MULTIDOSES STERILE 10 ML;http://www.codage.ext.cnamts.fr/cgi/tips/cgi-fiche?p_code_tips=2878071&p_date_jo_arrete=%25&p_menu=FICHE&p_site=AMELI
2878081;DIGESTIF, COLLECTEUR DE MATIERES FECALES, B BRAUN, 5 UNITES, FLOW COLLECTOR;http://www.codage.ext.cnamts.fr/cgi/tips/cgi-fiche?p_code_tips=2878081&p_date_jo_arrete=%25&p_menu=FICHE&p_site=AMELI
2878091;EMULSION HYALURONATE SODIUM 0,18 P. 100 HORUS,NEOVIS TOTAL,BTE 30 UNIDOSES 0,4ML;http://www.codage.ext.cnamts.fr/cgi/tips/cgi-fiche?p_code_tips=2878091&p_date_jo_arrete=%25&p_menu=FICHE&p_site=AMELI
3100334;GENOU, IMPL BICOMPARTIMENT OU INSERT TIBIAL EN POLYETHYLENE SEUL,AMPLITUDE SAS;http://www.codage.ext.cnamts.fr/cgi/tips/cgi-fiche?p_code_tips=3100334&p_date_jo_arrete=%25&p_menu=FICHE&p_site=AMELI
3100469;EPAULE, TETE OU CALOTTE SEULE, CERAMIQ, BIPOL OU CUPULE INTERMED,SMITH ET NEPHEW;http://www.codage.ext.cnamts.fr/cgi/tips/cgi-fiche?p_code_tips=3100469&p_date_jo_arrete=%25&p_menu=FICHE&p_site=AMELI
3100624;POIGNET, IMPLANT TRAPEZO-METACARPIEN, NON METALLIQUE,TORNIER;http://www.codage.ext.cnamts.fr/cgi/tips/cgi-fiche?p_code_tips=3100624&p_date_jo_arrete=%25&p_menu=FICHE&p_site=AMELI
3100920;GENOU, IMPLANT FEMORAL, UNICONDYLIEN OU UNICOMPARTIMENT, CIMENTE,DEDIENNE SANTE;http://www.codage.ext.cnamts.fr/cgi/tips/cgi-fiche?p_code_tips=3100920&p_date_jo_arrete=%25&p_menu=FICHE&p_site=AMELI
3101405;ENDOPROT CORO, STENT A LIB. DE SIROLIMUS,CORDIS, CYPHER SELECT PLUS, DIAM 3,00MM;http://www.codage.ext.cnamts.fr/cgi/tips/cgi-fiche?p_code_tips=3101405&p_date_jo_arrete=%25&p_menu=FICHE&p_site=AMELI
3101428;IMPLANT PLASTIE ENDOCAN., TRACH OU BRONCH,METAL PARTIEL COUVERT,MICRO-TECH FR;http://www.codage.ext.cnamts.fr/cgi/tips/cgi-fiche?p_code_tips=3101428&p_date_jo_arrete=%25&p_menu=FICHE&p_site=AMELI
3101606;ENDOPROTHESE CORONAIRE, STENT LIB. BIOLIMUS, BIOSENSORS, BIOMATRIX ALPHA, 2,25MM;http://www.codage.ext.cnamts.fr/cgi/tips/cgi-fiche?p_code_tips=3101606&p_date_jo_arrete=%25&p_menu=FICHE&p_site=AMELI
3102422;HANCHE, TIGE STANDARD, COL INCLUS, DROITE, MODULAIR NON CIMENTEE,SMITH ET NEPHEW;http://www.codage.ext.cnamts.fr/cgi/tips/cgi-fiche?p_code_tips=3102422&p_date_jo_arrete=%25&p_menu=FICHE&p_site=AMELI
3104148;ENDOPROTHESE CORONAIRE LIB. SIROLIMUS, TRANSLUMINA, YUKON CHROME PC, DIAM 4,00.;http://www.codage.ext.cnamts.fr/cgi/tips/cgi-fiche?p_code_tips=3104148&p_date_jo_arrete=%25&p_menu=FICHE&p_site=AMELI
3104556;VALVE CARDIAQUE, VALVE ANIMALE AVEC ARMATURE, LABCOR LABORATORIOS, LABCOR-PORCIN;http://www.codage.ext.cnamts.fr/cgi/tips/cgi-fiche?p_code_tips=3104556&p_date_jo_arrete=%25&p_menu=FICHE&p_site=AMELI
3104616;LIGAMENT ARTICULAIRE ARTIFICIEL RACHIS, REMPLACEMENT OU RENFORT,SCIENCE ET MED;http://www.codage.ext.cnamts.fr/cgi/tips/cgi-fiche?p_code_tips=3104616&p_date_jo_arrete=%25&p_menu=FICHE&p_site=AMELI
3104830;ENDOPRO. AORTIQUE THO.,VASCUTEK,RELAY NBS PLUS,SYST. MOD.,CORPS CYL CONIQ 250 MM;http://www.codage.ext.cnamts.fr/cgi/tips/cgi-fiche?p_code_tips=3104830&p_date_jo_arrete=%25&p_menu=FICHE&p_site=AMELI
3104987;IMPLANT PLASTIE ENDOCANALAIRE, TRACHEAL OU BRONCHIQUE,METALLIQUE PARTIEL COUVERT;http://www.codage.ext.cnamts.fr/cgi/tips/cgi-fiche?p_code_tips=3104987&p_date_jo_arrete=%25&p_menu=FICHE&p_site=AMELI
3105455;HANCHE, TIGE STANDARD, COL INCLUS, DROITE, MODULAIR NON CIMENTEE,FOURN HOSP IND;http://www.codage.ext.cnamts.fr/cgi/tips/cgi-fiche?p_code_tips=3105455&p_date_jo_arrete=%25&p_menu=FICHE&p_site=AMELI
3105811;GENOU, IMPL BICOMPARTIMENT OU INSERT TIBIAL EN POLYETHYLENE SEUL,DEDIENNE SANTE;http://www.codage.ext.cnamts.fr/cgi/tips/cgi-fiche?p_code_tips=3105811&p_date_jo_arrete=%25&p_menu=FICHE&p_site=AMELI
3106087;HANCHE, TIGE STANDARD, COL INCLUS, DROITE, MODULAIR NON CIMENTEE,SOC ETU REC FAB;http://www.codage.ext.cnamts.fr/cgi/tips/cgi-fiche?p_code_tips=3106087&p_date_jo_arrete=%25&p_menu=FICHE&p_site=AMELI
3107371;HANCHE, COTYLE STD, 1 MOB, MODULR, METAL-BACK, INSERT-, CIMENTE-,EXACTECH;http://www.codage.ext.cnamts.fr/cgi/tips/cgi-fiche?p_code_tips=3107371&p_date_jo_arrete=%25&p_menu=FICHE&p_site=AMELI
3107460;ENDOPROTHESE AORT THO., SYSTEME MOD, DEGRESSIF, GORE, CONFORMABLE-TAG, 100MM;http://www.codage.ext.cnamts.fr/cgi/tips/cgi-fiche?p_code_tips=3107460&p_date_jo_arrete=%25&p_menu=FICHE&p_site=AMELI
3107566;IMPLANT OSSEUX, ANATOMIQUE, NON ORTHOPEDIQUE, PLANCHER ORBITAIRE, PRO OSTEON 200;http://www.codage.ext.cnamts.fr/cgi/tips/cgi-fiche?p_code_tips=3107566&p_date_jo_arrete=%25&p_menu=FICHE&p_site=AMELI
3107862;OSTEOSYNTHESE, VIS D'INTERFERENCE, NON RESORB, LIGAMENTOPLASTIE,FX SOLUTIONS;http://www.codage.ext.cnamts.fr/cgi/tips/cgi-fiche?p_code_tips=3107862&p_date_jo_arrete=%25&p_menu=FICHE&p_site=AMELI
3107916;ENDOPROT CORONAIRE, STENT LIB.ZOTAROLIMUS, MEDTRONIC, ENDEAVOR RESOLUTE, 2,75 MM;http://www.codage.ext.cnamts.fr/cgi/tips/cgi-fiche?p_code_tips=3107916&p_date_jo_arrete=%25&p_menu=FICHE&p_site=AMELI
3108376;EPAULE, TIGE HUMERALE REPRISE OU RECONSTRUCT, MONOBLOC OU MODULR,STRYKER;http://www.codage.ext.cnamts.fr/cgi/tips/cgi-fiche?p_code_tips=3108376&p_date_jo_arrete=%25&p_menu=FICHE&p_site=AMELI
3108910;IMPLANT CMF, VIS FILETEE, TETE AUTOPREHENSIVE OU AUTORETENTIVE,GEBRUDER MARTIN;http://www.codage.ext.cnamts.fr/cgi/tips/cgi-fiche?p_code_tips=3108910&p_date_jo_arrete=%25&p_menu=FICHE&p_site=AMELI
3109803;HANCHE, INSERT EN POLYETHYLENE MASSIF, SIMPLE MOBILITE.,PROTHEOS OUEST;http://www.codage.ext.cnamts.fr/cgi/tips/cgi-fiche?p_code_tips=3109803&p_date_jo_arrete=%25&p_menu=FICHE&p_site=AMELI
3110539;GENOU, IMPLANT FEMORAL, UNICONDYLIEN OU UNICOMPARTIMENT, CIMENTE,PROTHEOS OUEST;http://www.codage.ext.cnamts.fr/cgi/tips/cgi-fiche?p_code_tips=3110539&p_date_jo_arrete=%25&p_menu=FICHE&p_site=AMELI
3110657;ENDOPROT. CORONAIRE,STENT LIB. EVEROLIMUS,BOSTON,PROMUS ELEMENT LONG,DIAM 3,50MM;http://www.codage.ext.cnamts.fr/cgi/tips/cgi-fiche?p_code_tips=3110657&p_date_jo_arrete=%25&p_menu=FICHE&p_site=AMELI
3111390;HANCHE, DOUBLE MOBILITE, LEPINE, QUATTRO PRESS FIT HAP PNP, CUPULE NON CIMENTEE.;http://www.codage.ext.cnamts.fr/cgi/tips/cgi-fiche?p_code_tips=3111390&p_date_jo_arrete=%25&p_menu=FICHE&p_site=AMELI
3111556;UROGENITAL,IMPL PENIEN SEMI-RIGIDE,AVEC 1 STRUCTURE INT SILICONE,BOSTON SCI;http://www.codage.ext.cnamts.fr/cgi/tips/cgi-fiche?p_code_tips=3111556&p_date_jo_arrete=%25&p_menu=FICHE&p_site=AMELI
3112389;LIGAMENT ARTICULAIRE ARTIFICIEL, SYSTEME FIXATION OU SERTISSAGE,ORTHOCAPE;http://www.codage.ext.cnamts.fr/cgi/tips/cgi-fiche?p_code_tips=3112389&p_date_jo_arrete=%25&p_menu=FICHE&p_site=AMELI
3112917;HANCHE, TIGE DE REPRISE, COL INCLUS, DROITE, MODULR, NON CIMENTE,SOC ETU REC FAB;http://www.codage.ext.cnamts.fr/cgi/tips/cgi-fiche?p_code_tips=3112917&p_date_jo_arrete=%25&p_menu=FICHE&p_site=AMELI
3113408;EPAULE, IMPLANT GLENOIDIEN, MONOBLOC OU SURFACE GLENOIDIENNE,FOURN HOSP IND;http://www.codage.ext.cnamts.fr/cgi/tips/cgi-fiche?p_code_tips=3113408&p_date_jo_arrete=%25&p_menu=FICHE&p_site=AMELI
3114253;IMPLANT PLASTIE ENDOCANALAIRE, URINAIRES, METALLIQUE COUVERT.,MICRO-TECH FR;http://www.codage.ext.cnamts.fr/cgi/tips/cgi-fiche?p_code_tips=3114253&p_date_jo_arrete=%25&p_menu=FICHE&p_site=AMELI
3114715;EPAULE, TETE OU CALOTTE SEULE, CERAMIQ, BIPOL OU CUPULE INTERMED,SMITH ET NEPHEW;http://www.codage.ext.cnamts.fr/cgi/tips/cgi-fiche?p_code_tips=3114715&p_date_jo_arrete=%25&p_menu=FICHE&p_site=AMELI
3114922;IMPLANT OPHTALMOLOGIQUE LACRYMAL, BOUCHON OU CLOU-TROU MEATIQUE,OPHTA - FRANCE;http://www.codage.ext.cnamts.fr/cgi/tips/cgi-fiche?p_code_tips=3114922&p_date_jo_arrete=%25&p_menu=FICHE&p_site=AMELI
3114939;ENDOPROTHESE CORONAIRE, STENT LIB. BIOLIMUS, BIOSENSORS, BIOMATRIX NEOFLEX, 2,50;http://www.codage.ext.cnamts.fr/cgi/tips/cgi-fiche?p_code_tips=3114939&p_date_jo_arrete=%25&p_menu=FICHE&p_site=AMELI
3115028;EPAULE, TIGE HUMERALE REPRISE OU RECONSTRUCT, MONOBLOC OU MODULR,PROTHEOS OUEST;http://www.codage.ext.cnamts.fr/cgi/tips/cgi-fiche?p_code_tips=3115028&p_date_jo_arrete=%25&p_menu=FICHE&p_site=AMELI
3115169;IMPLANT CMF,PLAQUE CONSTRUCTION PARTIELLE MANDIBULE,NON DROITE,OSTEOMED FRANCE;http://www.codage.ext.cnamts.fr/cgi/tips/cgi-fiche?p_code_tips=3115169&p_date_jo_arrete=%25&p_menu=FICHE&p_site=AMELI
3115399;EPAULE, TIGE HUMERALE REPRISE OU RECONSTRUCT, MONOBLOC OU MODULR,GRP BIOIMPIANTI;http://www.codage.ext.cnamts.fr/cgi/tips/cgi-fiche?p_code_tips=3115399&p_date_jo_arrete=%25&p_menu=FICHE&p_site=AMELI
3115465;POIGNET, IMPLANT CARPO-METACARPIEN INTERMEDIAIRE, ARTICULAIRE,SMITH ET NEPHEW;http://www.codage.ext.cnamts.fr/cgi/tips/cgi-fiche?p_code_tips=3115465&p_date_jo_arrete=%25&p_menu=FICHE&p_site=AMELI
3115583;LIGAMENT ARTICULAIRE ARTIFICIEL RACHIS, REMPLACEMENT OU RENFORT,SCIENCE ET MED;http://www.codage.ext.cnamts.fr/cgi/tips/cgi-fiche?p_code_tips=3115583&p_date_jo_arrete=%25&p_menu=FICHE&p_site=AMELI
3115689;ENDO.AORT.FENETREE,COOK,ZENITH FENESTRATED,FENESTRAT.-PRELOADED-PARARENAL-DEVICE;http://www.codage.ext.cnamts.fr/cgi/tips/cgi-fiche?p_code_tips=3115689&p_date_jo_arrete=%25&p_menu=FICHE&p_site=AMELI
3116588;HANCHE, COTYLE STD, 1 MOB, MODULR, METAL-BACK, INSERT-, CIMENTE-,LINK S.A.R.L.;http://www.codage.ext.cnamts.fr/cgi/tips/cgi-fiche?p_code_tips=3116588&p_date_jo_arrete=%25&p_menu=FICHE&p_site=AMELI
3117866;RACHIS, RECONSTR CORP CERVICAL - VERROUILLAGE - SUBSTITUT OSSEUX,FRADIS MEDICAL;http://www.codage.ext.cnamts.fr/cgi/tips/cgi-fiche?p_code_tips=3117866&p_date_jo_arrete=%25&p_menu=FICHE&p_site=AMELI
3120041;ENDOPROT. CORONAIRE, STENT LIB. EVEROLIMUS, BOSTON, PROMUS PREMIER, DIAM 2,75MM;http://www.codage.ext.cnamts.fr/cgi/tips/cgi-fiche?p_code_tips=3120041&p_date_jo_arrete=%25&p_menu=FICHE&p_site=AMELI
3120242;RACHIS, CAGE CERVICALE - VERROUILLAGE - SUBSTITUT OSSEUX,ZIMMER BIOMET;http://www.codage.ext.cnamts.fr/cgi/tips/cgi-fiche?p_code_tips=3120242&p_date_jo_arrete=%25&p_menu=FICHE&p_site=AMELI
3120510;ENDOPROTHESE CORONAIRE,STENT A LIB. DE SIROLIMUS,CORDIS,CYPHER SELECT,DIAM3MM;http://www.codage.ext.cnamts.fr/cgi/tips/cgi-fiche?p_code_tips=3120510&p_date_jo_arrete=%25&p_menu=FICHE&p_site=AMELI
3120578;LIGAMENT ARTICULAIRE ARTIFICIEL RACHIS, REMPLACEMENT OU RENFORT,COMPANION SPINE;http://www.codage.ext.cnamts.fr/cgi/tips/cgi-fiche?p_code_tips=3120578&p_date_jo_arrete=%25&p_menu=FICHE&p_site=AMELI
3120762;ENDOPROTHESE CORONAIRE, STENT LIB. BIOLIMUS, BIOSENSORS, BIOMATRIX ALPHA, 4,00MM;http://www.codage.ext.cnamts.fr/cgi/tips/cgi-fiche?p_code_tips=3120762&p_date_jo_arrete=%25&p_menu=FICHE&p_site=AMELI
3120957;IMPLANT PLASTIE ENDOCAN., TRACHEAL OU BRONCHIQUE, METAL NU.,MICRO-TECH FR;http://www.codage.ext.cnamts.fr/cgi/tips/cgi-fiche?p_code_tips=3120957&p_date_jo_arrete=%25&p_menu=FICHE&p_site=AMELI
3121030;IMPLANT EXOVASCULAIRE DE FERMETURE DE MALFORMATIONS CONGENITALES,PFM MEDICAL;http://www.codage.ext.cnamts.fr/cgi/tips/cgi-fiche?p_code_tips=3121030&p_date_jo_arrete=%25&p_menu=FICHE&p_site=AMELI
3121661;IMPLANT EMBOL. ART. A DETACHEMENT ELECTRIQUE DE FORME COMPLEXE,BALT EXTRUSION;http://www.codage.ext.cnamts.fr/cgi/tips/cgi-fiche?p_code_tips=3121661&p_date_jo_arrete=%25&p_menu=FICHE&p_site=AMELI
3121684;HANCHE, TIGE DE RECONSTRUCTION, COL INCLUS, DROITE, NON CIMENTEE,LINK S.A.R.L.;http://www.codage.ext.cnamts.fr/cgi/tips/cgi-fiche?p_code_tips=3121684&p_date_jo_arrete=%25&p_menu=FICHE&p_site=AMELI
3121810;ENDOPROTHESE CORONAIRE, STENT LIB. ZOTAROLIMUS, MEDTRONIC, ENDEAVOR, DIAM 3,0 MM;http://www.codage.ext.cnamts.fr/cgi/tips/cgi-fiche?p_code_tips=3121810&p_date_jo_arrete=%25&p_menu=FICHE&p_site=AMELI
3122169;HANCHE, TIGE DE RECONSTRUCTION, COL INCLUS, DROITE, NON CIMENTEE,SMITH ET NEPHEW;http://www.codage.ext.cnamts.fr/cgi/tips/cgi-fiche?p_code_tips=3122169&p_date_jo_arrete=%25&p_menu=FICHE&p_site=AMELI
3122376;ENDOPROTHESE CORONAIRE, STENT LIB. SIROLIMUS, SMT, SUPRAFLEX CRUZ, DIAM 2,25MM.;http://www.codage.ext.cnamts.fr/cgi/tips/cgi-fiche?p_code_tips=3122376&p_date_jo_arrete=%25&p_menu=FICHE&p_site=AMELI
3122382;INSERT EN POLYETHYLENE HAUTEMENT RETICULE, FH ORTHO , TRIANON 22MM.;http://www.codage.ext.cnamts.fr/cgi/tips/cgi-fiche?p_code_tips=3122382&p_date_jo_arrete=%25&p_menu=FICHE&p_site=AMELI
3122583;IMPLANT TENDINEUX, CONFORMATEUR PASSIF,LESIONS MAIN,TEMPORAIRE,STRYKER;http://www.codage.ext.cnamts.fr/cgi/tips/cgi-fiche?p_code_tips=3122583&p_date_jo_arrete=%25&p_menu=FICHE&p_site=AMELI
3122590;HANCHE, COTYLE STD, 1 MOB, MODULR, METAL-BACK, INSERT-, CIMENTE,PROTHEOS OUEST;http://www.codage.ext.cnamts.fr/cgi/tips/cgi-fiche?p_code_tips=3122590&p_date_jo_arrete=%25&p_menu=FICHE&p_site=AMELI
3122608;IMPLANT OSSEUX ANATOMIQUE, CHIRURGIE NON ORTHOPEDIQUE, ORTHOTECHNIQUE,OSTEOSET T;http://www.codage.ext.cnamts.fr/cgi/tips/cgi-fiche?p_code_tips=3122608&p_date_jo_arrete=%25&p_menu=FICHE&p_site=AMELI
3123016;RACHIS, IMPLANT D'UNION LONGITUDINALE AVEC APPUI SACRE, MONOBLOC,FRADIS MEDICAL;http://www.codage.ext.cnamts.fr/cgi/tips/cgi-fiche?p_code_tips=3123016&p_date_jo_arrete=%25&p_menu=FICHE&p_site=AMELI
3123690;IMPLANT EMBOL. ART. METALLIQUE POUSSE, ARTERES PERIPHERIQUES,BALT EXTRUSION;http://www.codage.ext.cnamts.fr/cgi/tips/cgi-fiche?p_code_tips=3123690&p_date_jo_arrete=%25&p_menu=FICHE&p_site=AMELI
3124027;GENOU, IMPLANT FEMORAL, UNICONDYLIEN OU UNICOMPARTIMENT, CIMENTE,B.BRAUN MEDICAL;http://www.codage.ext.cnamts.fr/cgi/tips/cgi-fiche?p_code_tips=3124027&p_date_jo_arrete=%25&p_menu=FICHE&p_site=AMELI
3124240;GENOU, IMPLANT FEMORAL, UNICONDYLIEN OU UNICOMPARTIMENT, CIMENTE,ARTHREX FRANCE;http://www.codage.ext.cnamts.fr/cgi/tips/cgi-fiche?p_code_tips=3124240&p_date_jo_arrete=%25&p_menu=FICHE&p_site=AMELI
3124895;IMPLANT OSSEUX, ANATOMIQUE, NON ORTHOPEDIQUE, PLANCHER ORBITAIRE,ORTHOSSTM-BOVIN;http://www.codage.ext.cnamts.fr/cgi/tips/cgi-fiche?p_code_tips=3124895&p_date_jo_arrete=%25&p_menu=FICHE&p_site=AMELI
3125452;IMPLANT CRANIO-MAXILLO-FACIAL, PLAQUE RONDE POUR NEUROCHIRURGIE,DISP OMEGA MED;http://www.codage.ext.cnamts.fr/cgi/tips/cgi-fiche?p_code_tips=3125452&p_date_jo_arrete=%25&p_menu=FICHE&p_site=AMELI
3125529;POIGNET, IMPLANT TRAPEZO-METACARPIEN, METALLIQUE OU MIXTE,SMITH ET NEPHEW;http://www.codage.ext.cnamts.fr/cgi/tips/cgi-fiche?p_code_tips=3125529&p_date_jo_arrete=%25&p_menu=FICHE&p_site=AMELI
3125653;ENDOPROTHESE CORONAIRE,STENT A LIB. DE PACLITAXEL,BOSTON, TAXUS LIB, DIAM 2,75MM;http://www.codage.ext.cnamts.fr/cgi/tips/cgi-fiche?p_code_tips=3125653&p_date_jo_arrete=%25&p_menu=FICHE&p_site=AMELI
3127161;HANCHE, TIGE DE RECONSTRUCTION, COL INCLUS, DROITE, NON CIMENTEE,ASTON MEDICAL;http://www.codage.ext.cnamts.fr/cgi/tips/cgi-fiche?p_code_tips=3127161&p_date_jo_arrete=%25&p_menu=FICHE&p_site=AMELI
3127400;IMPLANT VASCULAIRE, FILTRE VASCULAIRE TEMPORAIRE OU DEFINITIF,BARD FRANCE SAS;http://www.codage.ext.cnamts.fr/cgi/tips/cgi-fiche?p_code_tips=3127400&p_date_jo_arrete=%25&p_menu=FICHE&p_site=AMELI
3127511;RACHIS, IMPLANT D'UNION LONGITUDINALE AVEC APPUI SACRE, MONOBLOC,NEURO FRANCE;http://www.codage.ext.cnamts.fr/cgi/tips/cgi-fiche?p_code_tips=3127511&p_date_jo_arrete=%25&p_menu=FICHE&p_site=AMELI
3127942;ENDOPROTHESE CORONAIRE, STENT LIB EVEROLIMUS, ABBOTT, XIENCE SIERRA, DIAM 2,25MM;http://www.codage.ext.cnamts.fr/cgi/tips/cgi-fiche?p_code_tips=3127942&p_date_jo_arrete=%25&p_menu=FICHE&p_site=AMELI
3127988;HANCHE, INSERT EN POLYETHYLENE MASSIF, SIMPLE MOBILITE.,I.CERAM;http://www.codage.ext.cnamts.fr/cgi/tips/cgi-fiche?p_code_tips=3127988&p_date_jo_arrete=%25&p_menu=FICHE&p_site=AMELI
3128226;HANCHE, TIGE DE REPRISE, COL INCLUS, DROITE, MODULR, NON CIMENTE,SMITH ET NEPHEW;http://www.codage.ext.cnamts.fr/cgi/tips/cgi-fiche?p_code_tips=3128226&p_date_jo_arrete=%25&p_menu=FICHE&p_site=AMELI
3128290;IMPLANT D EMBOLISATION ARTERIELLE A DETACHEMENT ELECTRIQUE DE DIAMETRE CONSTANT;http://www.codage.ext.cnamts.fr/cgi/tips/cgi-fiche?p_code_tips=3128290&p_date_jo_arrete=%25&p_menu=FICHE&p_site=AMELI
3128350;DOIGT, SURFA ARTIC. OU BOUTON METACARP, METATARS OU PHALANGIEN,STRYKER;http://www.codage.ext.cnamts.fr/cgi/tips/cgi-fiche?p_code_tips=3128350&p_date_jo_arrete=%25&p_menu=FICHE&p_site=AMELI
3128657;J03.44;http://www.codage.ext.cnamts.fr/cgi/tips/cgi-fiche?p_code_tips=3128657&p_date_jo_arrete=%25&p_menu=FICHE&p_site=AMELI
3128976;HANCHE, TIGE STANDARD, COL INCLUS, DROITE, MODULAIR NON CIMENTEE,BJR INTERNATION;http://www.codage.ext.cnamts.fr/cgi/tips/cgi-fiche?p_code_tips=3128976&p_date_jo_arrete=%25&p_menu=FICHE&p_site=AMELI
3129823;IMPLANT CMF,PLAQUE CONSTRUCTION PARTIELLE MANDIBULE,NON DROITE,AVINENT IMPLANT;http://www.codage.ext.cnamts.fr/cgi/tips/cgi-fiche?p_code_tips=3129823&p_date_jo_arrete=%25&p_menu=FICHE&p_site=AMELI
3130016;RACHIS, RECONSTR CORP CERVICAL - VERROUILLAGE - SUBSTITUT OSSEUX,STRYKER;http://www.codage.ext.cnamts.fr/cgi/tips/cgi-fiche?p_code_tips=3130016&p_date_jo_arrete=%25&p_menu=FICHE&p_site=AMELI
3130200;HANCHE, COTYLE STD, 1 MOB, MODULR, METAL-BACK, INSERT-, CIMENTE-,BJR INTERNATION;http://www.codage.ext.cnamts.fr/cgi/tips/cgi-fiche?p_code_tips=3130200&p_date_jo_arrete=%25&p_menu=FICHE&p_site=AMELI
3130476;COUDE, EXTREMITE SUPERIEURE, RADIUS, METALLIQUE OU MIXTE,SMITH ET NEPHEW;http://www.codage.ext.cnamts.fr/cgi/tips/cgi-fiche?p_code_tips=3130476&p_date_jo_arrete=%25&p_menu=FICHE&p_site=AMELI
3130950;RECONSTRUCTION FEMORALE ET TIBIALE, COMPOSANT FEMORAL, IMPLANTCAST, MUTARS MOM;http://www.codage.ext.cnamts.fr/cgi/tips/cgi-fiche?p_code_tips=3130950&p_date_jo_arrete=%25&p_menu=FICHE&p_site=AMELI
3131079;ENDOPROTHESE CORONAIRE, STENT LIB. SIROLIMUS, CID MEDICAL, CRE8, DIAM 4,50MM.;http://www.codage.ext.cnamts.fr/cgi/tips/cgi-fiche?p_code_tips=3131079&p_date_jo_arrete=%25&p_menu=FICHE&p_site=AMELI
3131694;GENOU, IMPL BICOMPARTIMENT OU INSERT TIBIAL EN POLYETHYLENE SEUL,B.BRAUN MEDICAL;http://www.codage.ext.cnamts.fr/cgi/tips/cgi-fiche?p_code_tips=3131694&p_date_jo_arrete=%25&p_menu=FICHE&p_site=AMELI
3131760;DOIGT, SURFA ARTIC. OU BOUTON METACARP, METATARS OU PHALANGIEN,SMITH ET NEPHEW;http://www.codage.ext.cnamts.fr/cgi/tips/cgi-fiche?p_code_tips=3131760&p_date_jo_arrete=%25&p_menu=FICHE&p_site=AMELI
3131903;ENDOPROTHESE CORONAIRE, STENT LIB. EVEROLIMUS, ABBOTT, XIENCE PRIME, DIAM 4,00MM;http://www.codage.ext.cnamts.fr/cgi/tips/cgi-fiche?p_code_tips=3131903&p_date_jo_arrete=%25&p_menu=FICHE&p_site=AMELI
3131949;ENDOPROTHESE CAROTIDIENNE, ABBOTT, RX ACCULINK.;http://www.codage.ext.cnamts.fr/cgi/tips/cgi-fiche?p_code_tips=3131949&p_date_jo_arrete=%25&p_menu=FICHE&p_site=AMELI
3131955;GENOU, EMBASE TIBIALE UNICOMPARTIMENTALE, METALLIQUE, CIMENTEE,B.BRAUN MEDICAL;http://www.codage.ext.cnamts.fr/cgi/tips/cgi-fiche?p_code_tips=3131955&p_date_jo_arrete=%25&p_menu=FICHE&p_site=AMELI
3131990;HANCHE, TIGE STANDARD, COL INCLUS, DROITE, MODULAIR NON CIMENTEE,PROTHEOS OUEST;http://www.codage.ext.cnamts.fr/cgi/tips/cgi-fiche?p_code_tips=3131990&p_date_jo_arrete=%25&p_menu=FICHE&p_site=AMELI
3132446;ENDOPROTHESE CORONAIRE, STENT LIB. SIROLIMUS, CID MEDICAL, CRE8 EVO, DIAM 4,5;http://www.codage.ext.cnamts.fr/cgi/tips/cgi-fiche?p_code_tips=3132446&p_date_jo_arrete=%25&p_menu=FICHE&p_site=AMELI
3132601;IMPLANT CMF,PLAQUE,CONSTRUCTION PARTIELLE MANDIBULE,DROITE,AVINENT IMPLANT;http://www.codage.ext.cnamts.fr/cgi/tips/cgi-fiche?p_code_tips=3132601&p_date_jo_arrete=%25&p_menu=FICHE&p_site=AMELI
3133026;LIGAMENT ARTICULAIRE ARTIFICIEL RACHIS, REMPLACEMENT OU RENFORT,FR RACHIS DD;http://www.codage.ext.cnamts.fr/cgi/tips/cgi-fiche?p_code_tips=3133026&p_date_jo_arrete=%25&p_menu=FICHE&p_site=AMELI
3133032;GENOU, IMPLANT UNICOMPART OU INSERT TIBIAL POLYETHYLENE SEUL,PROTHEOS OUEST;http://www.codage.ext.cnamts.fr/cgi/tips/cgi-fiche?p_code_tips=3133032&p_date_jo_arrete=%25&p_menu=FICHE&p_site=AMELI
3133180;RACHIS, PROTHESE DISQUE LOMBAIRE, LDR, MOBIDISC, PLATEAU INFERIEUR.;http://www.codage.ext.cnamts.fr/cgi/tips/cgi-fiche?p_code_tips=3133180&p_date_jo_arrete=%25&p_menu=FICHE&p_site=AMELI
3133240;IMPLANT TENDINEUX, CONFORMATEUR PASSIF,LESIONS MAIN,TEMPORAIRE,AREX SARL;http://www.codage.ext.cnamts.fr/cgi/tips/cgi-fiche?p_code_tips=3133240&p_date_jo_arrete=%25&p_menu=FICHE&p_site=AMELI
3133262;ENDOPROT.CORONAIRE,STENT LIB.EVEROLIMUS,BOSTON,PROMUS ELEMENT PLUS, DIAM 2,75 MM;http://www.codage.ext.cnamts.fr/cgi/tips/cgi-fiche?p_code_tips=3133262&p_date_jo_arrete=%25&p_menu=FICHE&p_site=AMELI
3134511;POIGNET, IMPLANT CARPIEN TRAPEZIEN, METALLIQUE OU MIXTE,3SORTHO;http://www.codage.ext.cnamts.fr/cgi/tips/cgi-fiche?p_code_tips=3134511&p_date_jo_arrete=%25&p_menu=FICHE&p_site=AMELI
3135663;IMPLANT AUDITIF ACTIF TRANSCUTANE A CONDUCTION OSSEUSE,IMPLANT,MED-EL,BONEBRIDGE;http://www.codage.ext.cnamts.fr/cgi/tips/cgi-fiche?p_code_tips=3135663&p_date_jo_arrete=%25&p_menu=FICHE&p_site=AMELI
3135692;HANCHE, TIGE DE REPRISE, COL INCLUS, DROITE, MODULR, NON CIMENTE,SOC ETU REC FAB;http://www.codage.ext.cnamts.fr/cgi/tips/cgi-fiche?p_code_tips=3135692&p_date_jo_arrete=%25&p_menu=FICHE&p_site=AMELI
3136378;ENDOPROTHESE COUVERTE AUTO-EXPANSIBLE,BOSTON SCI;http://www.codage.ext.cnamts.fr/cgi/tips/cgi-fiche?p_code_tips=3136378&p_date_jo_arrete=%25&p_menu=FICHE&p_site=AMELI
3136421;ENDOPROTHESE AORTIQUE THO., COOK, ZENITH TX2 PROFORM, SYST MOD,CORPS PROX CYLIND;http://www.codage.ext.cnamts.fr/cgi/tips/cgi-fiche?p_code_tips=3136421&p_date_jo_arrete=%25&p_menu=FICHE&p_site=AMELI
3137283;HANCHE, TIGE STANDARD, COL INCLUS, DROITE, MODULAIR NON CIMENTEE,FRADIS MEDICAL;http://www.codage.ext.cnamts.fr/cgi/tips/cgi-fiche?p_code_tips=3137283&p_date_jo_arrete=%25&p_menu=FICHE&p_site=AMELI
3137722;IMPLANT PLASTIE ENDOCANALAIRE, DIGESTIVE, METALLIQUE NU.,BARD FRANCE SAS;http://www.codage.ext.cnamts.fr/cgi/tips/cgi-fiche?p_code_tips=3137722&p_date_jo_arrete=%25&p_menu=FICHE&p_site=AMELI
3137768;ENDO. AORT. SUR MESURE, COOK, ZENITH ARCH DEVICE, BRANCH-ASCENDING-DEVICE;http://www.codage.ext.cnamts.fr/cgi/tips/cgi-fiche?p_code_tips=3137768&p_date_jo_arrete=%25&p_menu=FICHE&p_site=AMELI
3138160;LIGAMENT ARTICULAIRE ARTIFICIEL, SYSTEME FIXATION OU SERTISSAGE,SMITH ET NEPHEW;http://www.codage.ext.cnamts.fr/cgi/tips/cgi-fiche?p_code_tips=3138160&p_date_jo_arrete=%25&p_menu=FICHE&p_site=AMELI
3138437;DOIGT, IMPLANT METACARPIEN OU METATARSIEN, MODULAIRE, TIGE,ZIMMER BIOMET;http://www.codage.ext.cnamts.fr/cgi/tips/cgi-fiche?p_code_tips=3138437&p_date_jo_arrete=%25&p_menu=FICHE&p_site=AMELI
3139135;HANCHE, COTYLE STD, 1 MOB, MODULR, METAL-BACK, INSERT-, CIMENTE-,PROTHEOS OUEST;http://www.codage.ext.cnamts.fr/cgi/tips/cgi-fiche?p_code_tips=3139135&p_date_jo_arrete=%25&p_menu=FICHE&p_site=AMELI
3139885;HANCHE, CUPULE BIPOLAIRE MOBILE OU CUPULE FEMORALE UNIPOLAIRE,CORIN FRANCE;http://www.codage.ext.cnamts.fr/cgi/tips/cgi-fiche?p_code_tips=3139885&p_date_jo_arrete=%25&p_menu=FICHE&p_site=AMELI
3140049;DOIGT, SURFA ARTIC. OU BOUTON METACARP, METATARS OU PHALANGIEN,SMITH ET NEPHEW;http://www.codage.ext.cnamts.fr/cgi/tips/cgi-fiche?p_code_tips=3140049&p_date_jo_arrete=%25&p_menu=FICHE&p_site=AMELI
3140150;HANCHE, INSERT, POLYMERE MASSIF, POLYETHYLENE, STRYKER, TRIDENT X3 32 MM.;http://www.codage.ext.cnamts.fr/cgi/tips/cgi-fiche?p_code_tips=3140150&p_date_jo_arrete=%25&p_menu=FICHE&p_site=AMELI
3140931;ENDOPROTH AORT FENETREE, VASCUTEK, ANACONDA CUSTOM FENETREE, COIFFE AORTIQUE;http://www.codage.ext.cnamts.fr/cgi/tips/cgi-fiche?p_code_tips=3140931&p_date_jo_arrete=%25&p_menu=FICHE&p_site=AMELI
3141801;ENDOPROTHESE CORONAIRE LIB. SIROLIMUS, TRANSLUMINA, YUKON CHOICE PC, DIAM 4,00.;http://www.codage.ext.cnamts.fr/cgi/tips/cgi-fiche?p_code_tips=3141801&p_date_jo_arrete=%25&p_menu=FICHE&p_site=AMELI
3142090;EPAULE, TIGE HUMERALE REPRISE OU RECONSTRUCT, MONOBLOC OU MODULR,GRP BIOIMPIANTI;http://www.codage.ext.cnamts.fr/cgi/tips/cgi-fiche?p_code_tips=3142090&p_date_jo_arrete=%25&p_menu=FICHE&p_site=AMELI
3142930;HANCHE, TIGE DE REPRISE, COL INCLUS, DROITE, MODULR, NON CIMENTE,B.BRAUN MEDICAL;http://www.codage.ext.cnamts.fr/cgi/tips/cgi-fiche?p_code_tips=3142930&p_date_jo_arrete=%25&p_menu=FICHE&p_site=AMELI
3143148;HANCHE, COTYLE STD, 1 MOB, MODULR, METAL-BACK, INSERT-, CIMENTE-,GRP BIOIMPIANTI;http://www.codage.ext.cnamts.fr/cgi/tips/cgi-fiche?p_code_tips=3143148&p_date_jo_arrete=%25&p_menu=FICHE&p_site=AMELI
3143237;IMPLANT PLASTIE ENDOCAN., TRACHEAL OU BRONCHIQUE, METAL COUVERT.,LIFE PARTNERS;http://www.codage.ext.cnamts.fr/cgi/tips/cgi-fiche?p_code_tips=3143237&p_date_jo_arrete=%25&p_menu=FICHE&p_site=AMELI
3143438;HANCHE, CUPULE BIPOLAIRE MOBILE OU CUPULE FEMORALE UNIPOLAIRE,MATHYS ORTHO;http://www.codage.ext.cnamts.fr/cgi/tips/cgi-fiche?p_code_tips=3143438&p_date_jo_arrete=%25&p_menu=FICHE&p_site=AMELI
3144314;ENDOPROT.CORONAIRE,STENT LIB.EVEROLIMUS,BOSTON,PROMUS ELEMENT PLUS, DIAM 2,25 MM;http://www.codage.ext.cnamts.fr/cgi/tips/cgi-fiche?p_code_tips=3144314&p_date_jo_arrete=%25&p_menu=FICHE&p_site=AMELI
3144538;HANCHE, TIGE DE REPRISE, COL INCLUS, DROITE, MODULR, NON CIMENTE,AMPLITUDE SAS;http://www.codage.ext.cnamts.fr/cgi/tips/cgi-fiche?p_code_tips=3144538&p_date_jo_arrete=%25&p_menu=FICHE&p_site=AMELI
3145785;EPAULE, TIGE HUMERALE REPRISE OU RECONSTRUCT, MONOBLOC OU MODULR,ASTON MEDICAL;http://www.codage.ext.cnamts.fr/cgi/tips/cgi-fiche?p_code_tips=3145785&p_date_jo_arrete=%25&p_menu=FICHE&p_site=AMELI
3146282;HANCHE, TIGE STANDARD, COL INCLUS, DROITE, MODULAIR NON CIMENTEE,MED PARTNER;http://www.codage.ext.cnamts.fr/cgi/tips/cgi-fiche?p_code_tips=3146282&p_date_jo_arrete=%25&p_menu=FICHE&p_site=AMELI
3146572;IMPLANT PLASTIE ENDOCANALAIRE, DIGESTIVE, METALLIQUE NU.,BARD FRANCE SAS;http://www.codage.ext.cnamts.fr/cgi/tips/cgi-fiche?p_code_tips=3146572&p_date_jo_arrete=%25&p_menu=FICHE&p_site=AMELI
3146690;DOIGT, SURFA ARTIC. OU BOUTON METACARP, METATARS OU PHALANGIEN,HEXABIO RETAIL;http://www.codage.ext.cnamts.fr/cgi/tips/cgi-fiche?p_code_tips=3146690&p_date_jo_arrete=%25&p_menu=FICHE&p_site=AMELI
3146780;HANCHE, COTYLE STD, 1 MOB, MODULR, METAL-BACK, INSERT-, CIMENTE-,B.BRAUN MEDICAL;http://www.codage.ext.cnamts.fr/cgi/tips/cgi-fiche?p_code_tips=3146780&p_date_jo_arrete=%25&p_menu=FICHE&p_site=AMELI
3147850;HANCHE, INSERT EN POLYETHYLENE MASSIF, SIMPLE MOBILITE.,MED PARTNER;http://www.codage.ext.cnamts.fr/cgi/tips/cgi-fiche?p_code_tips=3147850&p_date_jo_arrete=%25&p_menu=FICHE&p_site=AMELI
3148281;HANCHE, COTYLE STD, 1 MOB, MODULR, METAL-BACK, INSERT-, CIMENTE-,ETNA MEDICAL;http://www.codage.ext.cnamts.fr/cgi/tips/cgi-fiche?p_code_tips=3148281&p_date_jo_arrete=%25&p_menu=FICHE&p_site=AMELI
3148306;IMPLANT CRANIO-MAXILLO-FACIAL, PLAQUE RONDE POUR NEUROCHIRURGIE,OSTEOMED FRANCE;http://www.codage.ext.cnamts.fr/cgi/tips/cgi-fiche?p_code_tips=3148306&p_date_jo_arrete=%25&p_menu=FICHE&p_site=AMELI
3148631;HANCHE, COTYLE STD, 1 MOB, MODULR, METAL-BACK, INSERT-, CIMENTE-,B.BRAUN MEDICAL;http://www.codage.ext.cnamts.fr/cgi/tips/cgi-fiche?p_code_tips=3148631&p_date_jo_arrete=%25&p_menu=FICHE&p_site=AMELI
3149211;MICROSPIRES, DETACH. CONTROLE, COPOLYM. RESORB., FORME SIMPLE,MEDTRONIC;http://www.codage.ext.cnamts.fr/cgi/tips/cgi-fiche?p_code_tips=3149211&p_date_jo_arrete=%25&p_menu=FICHE&p_site=AMELI
3149323;ENDOPROTHESE CORONAIRE, STENT LIB. EVEROLIMUS, BOSTON, PROMUS ELITE, DIAM 2,50MM;http://www.codage.ext.cnamts.fr/cgi/tips/cgi-fiche?p_code_tips=3149323&p_date_jo_arrete=%25&p_menu=FICHE&p_site=AMELI
3150332;IMPLANT EMBOL. ART. A DETACHEMENT ELECTRIQUE DE DIAM CONSTANT,BALT EXTRUSION;http://www.codage.ext.cnamts.fr/cgi/tips/cgi-fiche?p_code_tips=3150332&p_date_jo_arrete=%25&p_menu=FICHE&p_site=AMELI
3150450;ENDOPROTHESE CORONAIRE, STENT LIB. PACLITAXEL,BOSTON, TAXUS LIB.LONG,DIAM 3,00MM;http://www.codage.ext.cnamts.fr/cgi/tips/cgi-fiche?p_code_tips=3150450&p_date_jo_arrete=%25&p_menu=FICHE&p_site=AMELI
3150728;HANCHE, TIGE DE RECONSTRUCTION, COL INCLUS, DROITE, NON CIMENTEE,EXACTECH;http://www.codage.ext.cnamts.fr/cgi/tips/cgi-fiche?p_code_tips=3150728&p_date_jo_arrete=%25&p_menu=FICHE&p_site=AMELI
3151047;GENOU, IMPLANT FEMORAL, UNICONDYLIEN OU UNICOMPARTIMENT, CIMENTE,SMITH ET NEPHEW;http://www.codage.ext.cnamts.fr/cgi/tips/cgi-fiche?p_code_tips=3151047&p_date_jo_arrete=%25&p_menu=FICHE&p_site=AMELI
3151254;ENDOPROTHESE POUR EMBOLISATION, MEDTRONIC, PIPELINE FLEX SHIELD TECH., DIAM 3,75;http://www.codage.ext.cnamts.fr/cgi/tips/cgi-fiche?p_code_tips=3151254&p_date_jo_arrete=%25&p_menu=FICHE&p_site=AMELI
3151403;IMPLANT PLASTIE ENDOCAN., DIG, METAL PARTIELLEMENT COUVERT.,COUSIN ENDOSURG;http://www.codage.ext.cnamts.fr/cgi/tips/cgi-fiche?p_code_tips=3151403&p_date_jo_arrete=%25&p_menu=FICHE&p_site=AMELI
3151627;E01.721;http://www.codage.ext.cnamts.fr/cgi/tips/cgi-fiche?p_code_tips=3151627&p_date_jo_arrete=%25&p_menu=FICHE&p_site=AMELI
3151662;ENDOPROTHESE AORTIQUE THO., COOK, ZENITH TX2 PROFORM, SYST MOD,CORPS DIST CYLIND;http://www.codage.ext.cnamts.fr/cgi/tips/cgi-fiche?p_code_tips=3151662&p_date_jo_arrete=%25&p_menu=FICHE&p_site=AMELI
3152319;ACC. POUR IMPLANT ARTICULAIRE, OBTURATEUR A CIMENT CENTRO-MEDULL,AMPLITUDE SAS;http://www.codage.ext.cnamts.fr/cgi/tips/cgi-fiche?p_code_tips=3152319&p_date_jo_arrete=%25&p_menu=FICHE&p_site=AMELI
3153307;IMPLANT CRANIO-MAXILLO-FACIAL, PLAQUE RONDE POUR NEUROCHIRURGIE,B.BRAUN MEDICAL;http://www.codage.ext.cnamts.fr/cgi/tips/cgi-fiche?p_code_tips=3153307&p_date_jo_arrete=%25&p_menu=FICHE&p_site=AMELI
3155855;ENDOPROTHESE CORONAIRE, STENT LIB. EVEROLIMUS, ABBOTT, XIENCE PRIME, DIAM 2,50MM;http://www.codage.ext.cnamts.fr/cgi/tips/cgi-fiche?p_code_tips=3155855&p_date_jo_arrete=%25&p_menu=FICHE&p_site=AMELI
3157386;POIGNET, IMPL CARPIEN SCAPHOIDE OU SEMI-LUNAIRE, METAL,GROUPE LEPINE;http://www.codage.ext.cnamts.fr/cgi/tips/cgi-fiche?p_code_tips=3157386&p_date_jo_arrete=%25&p_menu=FICHE&p_site=AMELI
3157570;GENOU, IMPL BICOMPARTIMENT OU INSERT TIBIAL EN POLYETHYLENE SEUL,GRP BIOIMPIANTI;http://www.codage.ext.cnamts.fr/cgi/tips/cgi-fiche?p_code_tips=3157570&p_date_jo_arrete=%25&p_menu=FICHE&p_site=AMELI
3157742;LIGAMENT ARTICULAIRE ARTIFICIEL, SYSTEME FIXATION OU SERTISSAGE,SCIENCE ET MED;http://www.codage.ext.cnamts.fr/cgi/tips/cgi-fiche?p_code_tips=3157742&p_date_jo_arrete=%25&p_menu=FICHE&p_site=AMELI
3157831;HANCHE, COTYLE STD, 1 MOB, MODULR, METAL-BACK, INSERT-, CIMENTE-,AMPLITUDE SAS;http://www.codage.ext.cnamts.fr/cgi/tips/cgi-fiche?p_code_tips=3157831&p_date_jo_arrete=%25&p_menu=FICHE&p_site=AMELI
3157914;GENOU, IMPL TIBIAL BICOMPART, EMBASE METALLIQUE, NON CIMENTEE,CORIN FRANCE;http://www.codage.ext.cnamts.fr/cgi/tips/cgi-fiche?p_code_tips=3157914&p_date_jo_arrete=%25&p_menu=FICHE&p_site=AMELI
3157937;IMPLANT CMF, FIL DE CERCLAGE EN TITANE PAR INTERVENTION,GEBRUDER MARTIN;http://www.codage.ext.cnamts.fr/cgi/tips/cgi-fiche?p_code_tips=3157937&p_date_jo_arrete=%25&p_menu=FICHE&p_site=AMELI
3158368;BIOPROTHESE VALVULAIRE, TRANSCUTANEE, AORTIQUE, MEDTRONIC, COREVALVE EVOLUT, AOA;http://www.codage.ext.cnamts.fr/cgi/tips/cgi-fiche?p_code_tips=3158368&p_date_jo_arrete=%25&p_menu=FICHE&p_site=AMELI
3159072;HANCHE, TIGE DE RECONSTRUCTION, COL INCLUS, DROITE, NON CIMENTEE,SMITH ET NEPHEW;http://www.codage.ext.cnamts.fr/cgi/tips/cgi-fiche?p_code_tips=3159072&p_date_jo_arrete=%25&p_menu=FICHE&p_site=AMELI
3161130;ENDOPROTHESE CORONAIRE, STENT LIB,SIROLIMUS,TERUMO,ULTIMASTER TANSEI DIAM 3,5 MM;http://www.codage.ext.cnamts.fr/cgi/tips/cgi-fiche?p_code_tips=3161130&p_date_jo_arrete=%25&p_menu=FICHE&p_site=AMELI
3161548;IMPLANT CMF, PLAQUE, CONSTRUCTION TOTALE DE LA MANDIBULE,OSTEOMED FRANCE;http://www.codage.ext.cnamts.fr/cgi/tips/cgi-fiche?p_code_tips=3161548&p_date_jo_arrete=%25&p_menu=FICHE&p_site=AMELI
3162217;IMPLANT EMBOL. ART. A DETACHEMENT ELECTRIQUE DE DIAM CONSTANT,BALT EXTRUSION;http://www.codage.ext.cnamts.fr/cgi/tips/cgi-fiche?p_code_tips=3162217&p_date_jo_arrete=%25&p_menu=FICHE&p_site=AMELI
3162223;OSTEOSYNTHESE, VIS D'INTERFERENCE, NON RESORB, LIGAMENTOPLASTIE,SMITH ET NEPHEW;http://www.codage.ext.cnamts.fr/cgi/tips/cgi-fiche?p_code_tips=3162223&p_date_jo_arrete=%25&p_menu=FICHE&p_site=AMELI
3162950;ENDOPROTHESE CORONAIRE, STENT LIB. SIROLIMUS, VI FRANCE, ORSIRO MISSION, D. 2,75;http://www.codage.ext.cnamts.fr/cgi/tips/cgi-fiche?p_code_tips=3162950&p_date_jo_arrete=%25&p_menu=FICHE&p_site=AMELI
3163168;MICROSPIRES, POUSSEES PLATINE OU ACIER INOX OU ALLIAGE, IRM,BALT EXTRUSION;http://www.codage.ext.cnamts.fr/cgi/tips/cgi-fiche?p_code_tips=3163168&p_date_jo_arrete=%25&p_menu=FICHE&p_site=AMELI
3163300;ENDOPROTHESE CORONAIRE, STENT LIB. SIROLIMUS, CID MEDICAL, CRE8 EVO, DIAM 4,5;http://www.codage.ext.cnamts.fr/cgi/tips/cgi-fiche?p_code_tips=3163300&p_date_jo_arrete=%25&p_menu=FICHE&p_site=AMELI
3163317;IMPL. CMF VIS MICRO, MINI OU MAXI, A AILETTES DE FILET. LARG.,OSTEOMED FRANCE;http://www.codage.ext.cnamts.fr/cgi/tips/cgi-fiche?p_code_tips=3163317&p_date_jo_arrete=%25&p_menu=FICHE&p_site=AMELI
3163599;UROGENITAL,IMPL PENIEN SEMI-RIGIDE,AVEC 1 STRUCTURE INT SILICONE,MAYOR GROUP;http://www.codage.ext.cnamts.fr/cgi/tips/cgi-fiche?p_code_tips=3163599&p_date_jo_arrete=%25&p_menu=FICHE&p_site=AMELI
3163659;ENDOPROTHESE POUR EMBOLISATION, MEDTRONIC, PIPELINE FLEX SHIELD TECH., DIAM 4,25;http://www.codage.ext.cnamts.fr/cgi/tips/cgi-fiche?p_code_tips=3163659&p_date_jo_arrete=%25&p_menu=FICHE&p_site=AMELI
3163671;GENOU, IMPL TIBIAL BICOMPART MONOBLOC AVEC EMBASE POLYETHYLENE,FOURN HOSP IND;http://www.codage.ext.cnamts.fr/cgi/tips/cgi-fiche?p_code_tips=3163671&p_date_jo_arrete=%25&p_menu=FICHE&p_site=AMELI
3164140;HANCHE, TIGE DE RECONSTRUCTION, COL INCLUS, DROITE, NON CIMENTEE,SMITH ET NEPHEW;http://www.codage.ext.cnamts.fr/cgi/tips/cgi-fiche?p_code_tips=3164140&p_date_jo_arrete=%25&p_menu=FICHE&p_site=AMELI
3164699;RACHIS, RECONSTR CORP CERVICAL - VERROUILLAGE - SUBSTITUT OSSEUX,H.P.I.;http://www.codage.ext.cnamts.fr/cgi/tips/cgi-fiche?p_code_tips=3164699&p_date_jo_arrete=%25&p_menu=FICHE&p_site=AMELI
3164890;ENDO. AORT. SUR MESURE, COOK, ZENITH ARCH DEVICE, BRANCH-ASCENDING-ARCH-DEVICE;http://www.codage.ext.cnamts.fr/cgi/tips/cgi-fiche?p_code_tips=3164890&p_date_jo_arrete=%25&p_menu=FICHE&p_site=AMELI
3165517;HANCHE, TIGE STANDARD, COL INCLUS, DROITE, MODULAIR NON CIMENTEE,B.BRAUN MEDICAL;http://www.codage.ext.cnamts.fr/cgi/tips/cgi-fiche?p_code_tips=3165517&p_date_jo_arrete=%25&p_menu=FICHE&p_site=AMELI
3165658;HANCHE, INSERT EN CERAMIQUE, SIMPLE MOBILITE.,EXACTECH;http://www.codage.ext.cnamts.fr/cgi/tips/cgi-fiche?p_code_tips=3165658&p_date_jo_arrete=%25&p_menu=FICHE&p_site=AMELI
3165919;RACHIS, CAGE CERVICALE - VERROUILLAGE - SUBSTITUT OSSEUX,LAPE MEDICAL;http://www.codage.ext.cnamts.fr/cgi/tips/cgi-fiche?p_code_tips=3165919&p_date_jo_arrete=%25&p_menu=FICHE&p_site=AMELI
3167309;ENDOPROTHESE CORONAIRE, STENT LIB. EVEROLIMUS, ABBOTT, XIENCE PRIME, DIAM 2,75MM;http://www.codage.ext.cnamts.fr/cgi/tips/cgi-fiche?p_code_tips=3167309&p_date_jo_arrete=%25&p_menu=FICHE&p_site=AMELI
3168042;RECONSTRUCTION FEMORALE, PLATEAU D AUGMENTATION TIBIALE, IMPLANTCAST, MUTARS;http://www.codage.ext.cnamts.fr/cgi/tips/cgi-fiche?p_code_tips=3168042&p_date_jo_arrete=%25&p_menu=FICHE&p_site=AMELI
3170665;ENDOPROT CORO, STENT LIB. ZOTAROLIMUS, MEDTRONIC, ENDEAVOR SPRINT RX,DIAM 3,5 MM;http://www.codage.ext.cnamts.fr/cgi/tips/cgi-fiche?p_code_tips=3170665&p_date_jo_arrete=%25&p_menu=FICHE&p_site=AMELI
3170984;RECONSTRUCTION FEMORALE, MODULAIRE, STANMORE, METS, COMPOSANT MONOBLOC NON HAP;http://www.codage.ext.cnamts.fr/cgi/tips/cgi-fiche?p_code_tips=3170984&p_date_jo_arrete=%25&p_menu=FICHE&p_site=AMELI
3171110;GENOU, IMPL BICOMPARTIMENT OU INSERT TIBIAL EN POLYETHYLENE SEUL, LINK S.A.R.L.;http://www.codage.ext.cnamts.fr/cgi/tips/cgi-fiche?p_code_tips=3171110&p_date_jo_arrete=%25&p_menu=FICHE&p_site=AMELI
3171140;EPAULE, TIGE HUMERALE REPRISE OU RECONSTRUCT, MONOBLOC OU MODULR,3SORTHO;http://www.codage.ext.cnamts.fr/cgi/tips/cgi-fiche?p_code_tips=3171140&p_date_jo_arrete=%25&p_menu=FICHE&p_site=AMELI
3171400;GENOU, IMPLANT FEMORAL, UNICONDYLIEN OU UNICOMPARTIMENT, CIMENTE,OSTEAL MEDICAL;http://www.codage.ext.cnamts.fr/cgi/tips/cgi-fiche?p_code_tips=3171400&p_date_jo_arrete=%25&p_menu=FICHE&p_site=AMELI
3171423;HANCHE, COTYLE STD, 1 MOB, MODULR, METAL-BACK, INSERT-, CIMENTE-,MICROPORT SCI;http://www.codage.ext.cnamts.fr/cgi/tips/cgi-fiche?p_code_tips=3171423&p_date_jo_arrete=%25&p_menu=FICHE&p_site=AMELI
3171535;HANCHE, TIGE DE RECONSTRUCTION, COL INCLUS, DROITE, NON CIMENTEE,PROTHEOS OUEST;http://www.codage.ext.cnamts.fr/cgi/tips/cgi-fiche?p_code_tips=3171535&p_date_jo_arrete=%25&p_menu=FICHE&p_site=AMELI
3172517;IMPLANT CMF, VIS MICRO, MINI OU MAXI,AUTOFOREUSE OU A AILETTES,DELPHOS IMPLANT;http://www.codage.ext.cnamts.fr/cgi/tips/cgi-fiche?p_code_tips=3172517&p_date_jo_arrete=%25&p_menu=FICHE&p_site=AMELI
3173445;IMPLANT PLASTIE ENDOCAN., TRACH OU BRONCH, EXPANSIBLE, NON METAL,LIFE PARTNERS;http://www.codage.ext.cnamts.fr/cgi/tips/cgi-fiche?p_code_tips=3173445&p_date_jo_arrete=%25&p_menu=FICHE&p_site=AMELI
3173764;GENOU, IMPL BICOMPARTIMENT OU INSERT TIBIAL EN POLYETHYLENE SEUL,PROTHEOS OUEST;http://www.codage.ext.cnamts.fr/cgi/tips/cgi-fiche?p_code_tips=3173764&p_date_jo_arrete=%25&p_menu=FICHE&p_site=AMELI
3174580;GENOU, IMPLANT FEMORAL, UNICONDYLIEN OU UNICOMPARTIMENT, CIMENTE,B.BRAUN MEDICAL;http://www.codage.ext.cnamts.fr/cgi/tips/cgi-fiche?p_code_tips=3174580&p_date_jo_arrete=%25&p_menu=FICHE&p_site=AMELI
3174960;HANCHE, TIGE STANDARD, COL INCLUS, DROITE, MODULAIR NON CIMENTEE,SCIENCE ET MED;http://www.codage.ext.cnamts.fr/cgi/tips/cgi-fiche?p_code_tips=3174960&p_date_jo_arrete=%25&p_menu=FICHE&p_site=AMELI
3175131;EPAULE, TIGE HUMERALE REPRISE OU RECONSTRUCT, MONOBLOC OU MODULR,ORTHO OUEST;http://www.codage.ext.cnamts.fr/cgi/tips/cgi-fiche?p_code_tips=3175131&p_date_jo_arrete=%25&p_menu=FICHE&p_site=AMELI
3175711;GENOU, IMPL BICOMPARTIMENT OU INSERT TIBIAL EN POLYETHYLENE SEUL,SOC ETU REC FAB;http://www.codage.ext.cnamts.fr/cgi/tips/cgi-fiche?p_code_tips=3175711&p_date_jo_arrete=%25&p_menu=FICHE&p_site=AMELI
3175830;OSTEOSYNTHESE, VIS D'INTERFERENCE, RESORBABLE, LIGAMENTOPLASTIE,B.BRAUN MEDICAL;http://www.codage.ext.cnamts.fr/cgi/tips/cgi-fiche?p_code_tips=3175830&p_date_jo_arrete=%25&p_menu=FICHE&p_site=AMELI
3177696;ENDOPROTHESE CORONAIRE DITE STENT COUVERT DE PTFE,BENTLEY INNOMED;http://www.codage.ext.cnamts.fr/cgi/tips/cgi-fiche?p_code_tips=3177696&p_date_jo_arrete=%25&p_menu=FICHE&p_site=AMELI
3177800;GENOU, IMPLANT FEMORAL, UNICONDYLIEN OU UNICOMPARTIMENT, CIMENTE,SOC ETU REC FAB;http://www.codage.ext.cnamts.fr/cgi/tips/cgi-fiche?p_code_tips=3177800&p_date_jo_arrete=%25&p_menu=FICHE&p_site=AMELI
3177851;RACHIS, RECONSTR CORP CERVICAL - VERROUILLAGE - SUBSTITUT OSSEUX,FRADIS MEDICAL;http://www.codage.ext.cnamts.fr/cgi/tips/cgi-fiche?p_code_tips=3177851&p_date_jo_arrete=%25&p_menu=FICHE&p_site=AMELI
3178477;HANCHE, TIGE DE RECONSTRUCTION, COL INCLUS, DROITE, NON CIMENTEE,EXACTECH;http://www.codage.ext.cnamts.fr/cgi/tips/cgi-fiche?p_code_tips=3178477&p_date_jo_arrete=%25&p_menu=FICHE&p_site=AMELI
3179790;IMPLANT OPHTALMOLOGIQUE LACRYMAL, BOUCHON OU CLOU-TROU MEATIQUE,LACRIMEDICS;http://www.codage.ext.cnamts.fr/cgi/tips/cgi-fiche?p_code_tips=3179790&p_date_jo_arrete=%25&p_menu=FICHE&p_site=AMELI
3180215;ACC. POUR IMPLANT ARTICULAIRE, OBTURATEUR A CIMENT CENTRO-MEDULL,PROTHEOS OUEST;http://www.codage.ext.cnamts.fr/cgi/tips/cgi-fiche?p_code_tips=3180215&p_date_jo_arrete=%25&p_menu=FICHE&p_site=AMELI
3180860;IMPLANT CRANIO-MAXILLO-FACIAL, VIS FILETEE MICRO OU MINI,BIOMECA;http://www.codage.ext.cnamts.fr/cgi/tips/cgi-fiche?p_code_tips=3180860&p_date_jo_arrete=%25&p_menu=FICHE&p_site=AMELI
3181203;ACC. POUR IMPLANT ARTICULAIRE, OBTURATEUR A CIMENT CENTRO-MEDULL,SMITH ET NEPHEW;http://www.codage.ext.cnamts.fr/cgi/tips/cgi-fiche?p_code_tips=3181203&p_date_jo_arrete=%25&p_menu=FICHE&p_site=AMELI
3181232;GENOU, IMPL BICOMPARTIMENT OU INSERT TIBIAL EN POLYETHYLENE SEUL,GROUPE LEPINE;http://www.codage.ext.cnamts.fr/cgi/tips/cgi-fiche?p_code_tips=3181232&p_date_jo_arrete=%25&p_menu=FICHE&p_site=AMELI
3181752;LIGAMENT ARTICULAIRE ARTIFICIEL, SYSTEME FIXATION OU SERTISSAGE,PROTHEOS OUEST;http://www.codage.ext.cnamts.fr/cgi/tips/cgi-fiche?p_code_tips=3181752&p_date_jo_arrete=%25&p_menu=FICHE&p_site=AMELI
3181870;GENOU, IMPL BICOMPARTIMENT OU INSERT TIBIAL EN POLYETHYLENE SEUL,B.BRAUN MEDICAL;http://www.codage.ext.cnamts.fr/cgi/tips/cgi-fiche?p_code_tips=3181870&p_date_jo_arrete=%25&p_menu=FICHE&p_site=AMELI
3182697;HANCHE, TIGE STANDARD, COL INCLUS, DROITE, MODULAIR NON CIMENTEE,ORTHO OUEST;http://www.codage.ext.cnamts.fr/cgi/tips/cgi-fiche?p_code_tips=3182697&p_date_jo_arrete=%25&p_menu=FICHE&p_site=AMELI
3183142;IMPLANT EXOVASCULAIRE DE FERMETURE DE MALFORMATIONS CONGENITALES,ABBOTT MEDICAL;http://www.codage.ext.cnamts.fr/cgi/tips/cgi-fiche?p_code_tips=3183142&p_date_jo_arrete=%25&p_menu=FICHE&p_site=AMELI
3183389;OSTEOSYNTHESE, SYST ANCRAGE TENDINEUX OU LIGAMENT, RESORB,VID INTERV MED;http://www.codage.ext.cnamts.fr/cgi/tips/cgi-fiche?p_code_tips=3183389&p_date_jo_arrete=%25&p_menu=FICHE&p_site=AMELI
3183633;HANCHE, DOUBLE MOBILITE, DEDIENNE SANTE, DUAL MOBILITY PE LINER, INSERT 22,2 MM.;http://www.codage.ext.cnamts.fr/cgi/tips/cgi-fiche?p_code_tips=3183633&p_date_jo_arrete=%25&p_menu=FICHE&p_site=AMELI
3183998;IMPLANT PLASTIE ENDOCAN., TRACHEAL OU BRONCHIQUE, METAL COUVERT.,LIFE PARTNERS;http://www.codage.ext.cnamts.fr/cgi/tips/cgi-fiche?p_code_tips=3183998&p_date_jo_arrete=%25&p_menu=FICHE&p_site=AMELI
3184058;HANCHE, CUPULE BIPOLAIRE MOBILE OU CUPULE FEMORALE UNIPOLAIRE,SMITH ET NEPHEW;http://www.codage.ext.cnamts.fr/cgi/tips/cgi-fiche?p_code_tips=3184058&p_date_jo_arrete=%25&p_menu=FICHE&p_site=AMELI
3185336;RACHIS, RECONSTR CORP CERVICAL - VERROUILLAGE - SUBSTITUT OSSEUX,COLIGNE AG;http://www.codage.ext.cnamts.fr/cgi/tips/cgi-fiche?p_code_tips=3185336&p_date_jo_arrete=%25&p_menu=FICHE&p_site=AMELI
3185394;HANCHE, TIGE DE RECONSTRUCTION, COL INCLUS, DROITE, NON CIMENTEE,GRP BIOIMPIANTI;http://www.codage.ext.cnamts.fr/cgi/tips/cgi-fiche?p_code_tips=3185394&p_date_jo_arrete=%25&p_menu=FICHE&p_site=AMELI
3185767;LIGAMENT ARTICULAIRE ARTIFICIEL RACHIS, REMPLACEMENT OU RENFORT,A C O FRANCE;http://www.codage.ext.cnamts.fr/cgi/tips/cgi-fiche?p_code_tips=3185767&p_date_jo_arrete=%25&p_menu=FICHE&p_site=AMELI
3186293;HANCHE, CUPULE ACETABULAIRE RECOUVERTE D HYDROXYAPATITE, SMITH, BHR RESURFACAGE.;http://www.codage.ext.cnamts.fr/cgi/tips/cgi-fiche?p_code_tips=3186293&p_date_jo_arrete=%25&p_menu=FICHE&p_site=AMELI
3186554;GENOU, IMPLANT UNICOMPART OU INSERT TIBIAL POLYETHYLENE SEUL,OSTEAL MEDICAL;http://www.codage.ext.cnamts.fr/cgi/tips/cgi-fiche?p_code_tips=3186554&p_date_jo_arrete=%25&p_menu=FICHE&p_site=AMELI
3187045;ACC. POUR IMPLANT ARTICULAIRE, OBTURATEUR A CIMENT CENTRO-MEDULL,CORIN FRANCE;http://www.codage.ext.cnamts.fr/cgi/tips/cgi-fiche?p_code_tips=3187045&p_date_jo_arrete=%25&p_menu=FICHE&p_site=AMELI
3187068;IMPLANT PLASTIE ENDOCANALAIRE, URINAIRES, METALLIQUE NU.,BARD FRANCE SAS;http://www.codage.ext.cnamts.fr/cgi/tips/cgi-fiche?p_code_tips=3187068&p_date_jo_arrete=%25&p_menu=FICHE&p_site=AMELI
3187097;LIGAMENT ARTICULAIRE ARTIFICIEL, SYSTEME FIXATION OU SERTISSAGE,SOC AIXOISE;http://www.codage.ext.cnamts.fr/cgi/tips/cgi-fiche?p_code_tips=3187097&p_date_jo_arrete=%25&p_menu=FICHE&p_site=AMELI
3187134;IMPLANT VASCULAIRE DE PONTAGE NON TEXTILE, BIFURQUE OU MULTIFURQUE;http://www.codage.ext.cnamts.fr/cgi/tips/cgi-fiche?p_code_tips=3187134&p_date_jo_arrete=%25&p_menu=FICHE&p_site=AMELI
3187157;OSTEOSYNTHESE, VIS D'INTERFERENCE, RESORBABLE, LIGAMENTOPLASTIE,B.BRAUN MEDICAL;http://www.codage.ext.cnamts.fr/cgi/tips/cgi-fiche?p_code_tips=3187157&p_date_jo_arrete=%25&p_menu=FICHE&p_site=AMELI
3187938;LIGAMENT ARTICULAIRE ARTIFICIEL, SYSTEME FIXATION OU SERTISSAGE,BACKBONE;http://www.codage.ext.cnamts.fr/cgi/tips/cgi-fiche?p_code_tips=3187938&p_date_jo_arrete=%25&p_menu=FICHE&p_site=AMELI
3188441;RACHIS, IMPLANT D UNION LONGITUDINALE AVEC APPUI SACRE, MONOBLOC,ULRICH MED;http://www.codage.ext.cnamts.fr/cgi/tips/cgi-fiche?p_code_tips=3188441&p_date_jo_arrete=%25&p_menu=FICHE&p_site=AMELI
3188560;GENOU, IMPL TIBIAL BICOMPART, EMBASE METALLIQUE, NON CIMENTEE,B.BRAUN MEDICAL;http://www.codage.ext.cnamts.fr/cgi/tips/cgi-fiche?p_code_tips=3188560&p_date_jo_arrete=%25&p_menu=FICHE&p_site=AMELI
3189200;ENDOPROTHESE CORONAIRE, STENT LIB. EVEROLIUMUS, BOSTON, SYNERGY MEGATRON, D. 4,5;http://www.codage.ext.cnamts.fr/cgi/tips/cgi-fiche?p_code_tips=3189200&p_date_jo_arrete=%25&p_menu=FICHE&p_site=AMELI
3189771;ENDOPROTHESE AORTIQUE, WL GORE ET ASSOCIES, EXCLUDER, CORPS BIFURQUE GORE C3.;http://www.codage.ext.cnamts.fr/cgi/tips/cgi-fiche?p_code_tips=3189771&p_date_jo_arrete=%25&p_menu=FICHE&p_site=AMELI
3190857;OSTEOSYNTHESE, VIS D'INTERFERENCE, RESORBABLE, LIGAMENTOPLASTIE,SMITH ET NEPHEW;http://www.codage.ext.cnamts.fr/cgi/tips/cgi-fiche?p_code_tips=3190857&p_date_jo_arrete=%25&p_menu=FICHE&p_site=AMELI
3191756;HANCHE, TIGE STANDARD, COL INCLUS, DROITE, MODULAIR NON CIMENTEE,GRP BIOIMPIANTI;http://www.codage.ext.cnamts.fr/cgi/tips/cgi-fiche?p_code_tips=3191756&p_date_jo_arrete=%25&p_menu=FICHE&p_site=AMELI
3191845;IMPLANT NEUROLOGIQUE, VALVE D'HYDROCEPHALIE PREREGLEE, REGULATION DE DEBIT;http://www.codage.ext.cnamts.fr/cgi/tips/cgi-fiche?p_code_tips=3191845&p_date_jo_arrete=%25&p_menu=FICHE&p_site=AMELI
3192017;ENDOPROTHESE CORONAIRE,STENT A LIB. DE SIROLIMUS,CORDIS,CYPHER SELECT,DIAM2,75MM;http://www.codage.ext.cnamts.fr/cgi/tips/cgi-fiche?p_code_tips=3192017&p_date_jo_arrete=%25&p_menu=FICHE&p_site=AMELI
3192030;RACHIS, RECONSTR CORP CERVICAL - VERROUILLAGE - SUBSTITUT OSSEUX,MEDTRONIC;http://www.codage.ext.cnamts.fr/cgi/tips/cgi-fiche?p_code_tips=3192030&p_date_jo_arrete=%25&p_menu=FICHE&p_site=AMELI
3192891;IMPLANT PLASTIE ENDOCANALAIRE, DIGESTIVE, METALLIQUE COUVERT.,COUSIN ENDOSURG;http://www.codage.ext.cnamts.fr/cgi/tips/cgi-fiche?p_code_tips=3192891&p_date_jo_arrete=%25&p_menu=FICHE&p_site=AMELI
3193519;IMPLANT OSSEUX, ANATOMIQUE, CHIRURGIE NON ORTHOPEDIQUE,S.B.M;http://www.codage.ext.cnamts.fr/cgi/tips/cgi-fiche?p_code_tips=3193519&p_date_jo_arrete=%25&p_menu=FICHE&p_site=AMELI
3194045;MICROSPIRES, PLATINE OU ALLIAGE OU ACIER INOX, DETACH MECANIQUE,PENUMBRA FRANCE;http://www.codage.ext.cnamts.fr/cgi/tips/cgi-fiche?p_code_tips=3194045&p_date_jo_arrete=%25&p_menu=FICHE&p_site=AMELI
3194192;GENOU, IMPL BICOMPARTIMENT OU INSERT TIBIAL EN POLYETHYLENE SEUL,CORIN FRANCE;http://www.codage.ext.cnamts.fr/cgi/tips/cgi-fiche?p_code_tips=3194192&p_date_jo_arrete=%25&p_menu=FICHE&p_site=AMELI
3195375;HANCHE, TIGE DE REPRISE, COL INCLUS, DROITE, MODULAIRE, CIMENTEE,ETNA MEDICAL;http://www.codage.ext.cnamts.fr/cgi/tips/cgi-fiche?p_code_tips=3195375&p_date_jo_arrete=%25&p_menu=FICHE&p_site=AMELI
3195932;IMPLANT CMF, VIS MICRO, MINI OU MAXI,AUTOFOREUSE OU A AILETTES,OSTEOMED FRANCE;http://www.codage.ext.cnamts.fr/cgi/tips/cgi-fiche?p_code_tips=3195932&p_date_jo_arrete=%25&p_menu=FICHE&p_site=AMELI
3196009;ENDOPROTHESE CORONAIRE, STENT LIB. BIOLIMUS, BIOSENSORS, BIOMATRIX, DIAM 3,50 MM;http://www.codage.ext.cnamts.fr/cgi/tips/cgi-fiche?p_code_tips=3196009&p_date_jo_arrete=%25&p_menu=FICHE&p_site=AMELI
3196133;HANCHE, TIGE DE REPRISE, COL INCLUS, DROITE, MODULAIRE, CIMENTEE,B.BRAUN MEDICAL;http://www.codage.ext.cnamts.fr/cgi/tips/cgi-fiche?p_code_tips=3196133&p_date_jo_arrete=%25&p_menu=FICHE&p_site=AMELI
3197753;HANCHE, TIGE DE REPRISE, COL INCLUS, DROITE, MODULAIRE, CIMENTEE,GROUPE LEPINE;http://www.codage.ext.cnamts.fr/cgi/tips/cgi-fiche?p_code_tips=3197753&p_date_jo_arrete=%25&p_menu=FICHE&p_site=AMELI
3198244;IMPL. SUR MESURE PR RECONS. TETE DU FEMUR AVEC APPUI ISCHIATIQUE,LINK S.A.R.L.;http://www.codage.ext.cnamts.fr/cgi/tips/cgi-fiche?p_code_tips=3198244&p_date_jo_arrete=%25&p_menu=FICHE&p_site=AMELI
3198528;HANCHE, TIGE DE REPRISE, COL INCLUS, DROITE, MODULAIRE, CIMENTEE,UNITED ORTHOPED;http://www.codage.ext.cnamts.fr/cgi/tips/cgi-fiche?p_code_tips=3198528&p_date_jo_arrete=%25&p_menu=FICHE&p_site=AMELI
3198764;OSTEOSYNTHESE, SYST ANCRAGE TENDINEUX OU LIGAMENT, NON RESORB,B.BRAUN MEDICAL;http://www.codage.ext.cnamts.fr/cgi/tips/cgi-fiche?p_code_tips=3198764&p_date_jo_arrete=%25&p_menu=FICHE&p_site=AMELI
3198994;RACHIS, PROTHESE DISQUE LOMBAIRE, LDR, MOBIDISC, PLATEAU INFERIEUR.;http://www.codage.ext.cnamts.fr/cgi/tips/cgi-fiche?p_code_tips=3198994&p_date_jo_arrete=%25&p_menu=FICHE&p_site=AMELI
3199321;HANCHE, TIGE STANDARD, COL INCLUS, DROITE, MODULAIR NON CIMENTEE,UNITED ORTHOPED;http://www.codage.ext.cnamts.fr/cgi/tips/cgi-fiche?p_code_tips=3199321&p_date_jo_arrete=%25&p_menu=FICHE&p_site=AMELI
3199491;IMPLANT CRANIO-MAXILLO-FACIAL, VIS MICRO, MINI OU MAXI,AUTOFOREUSE OU A AILETTES;http://www.codage.ext.cnamts.fr/cgi/tips/cgi-fiche?p_code_tips=3199491&p_date_jo_arrete=%25&p_menu=FICHE&p_site=AMELI
3199522;IMPLANT CMF, VIS MICRO, MINI OU MAXI,AUTOFOREUSE OU A AILETTES,B.BRAUN MEDICAL;http://www.codage.ext.cnamts.fr/cgi/tips/cgi-fiche?p_code_tips=3199522&p_date_jo_arrete=%25&p_menu=FICHE&p_site=AMELI
3211275;ENDOPROTHESE CORONAIRE, STENT LIB. BIOLIMUS, CARDINAL, LUMENO ALPHA, 3,5 MM.;http://www.codage.ext.cnamts.fr/cgi/tips/cgi-fiche?p_code_tips=3211275&p_date_jo_arrete=%25&p_menu=FICHE&p_site=AMELI
3279110;D01.2;http://www.codage.ext.cnamts.fr/cgi/tips/cgi-fiche?p_code_tips=3279110&p_date_jo_arrete=%25&p_menu=FICHE&p_site=AMELI
3280106;LIGAMENT ARTICULAIRE ARTIFICIEL DU RACHIS, DE REMPLACEMENT OU DE RENFORT;http://www.codage.ext.cnamts.fr/cgi/tips/cgi-fiche?p_code_tips=3280106&p_date_jo_arrete=%25&p_menu=FICHE&p_site=AMELI
3283613;ENDOPROTHESE CORONAIRE, STENT LIB. EVEROLIUMUS, BOSTON, SYNERGY MEGATRON, D. 5,0;http://www.codage.ext.cnamts.fr/cgi/tips/cgi-fiche?p_code_tips=3283613&p_date_jo_arrete=%25&p_menu=FICHE&p_site=AMELI
3283866;ENDOPROTHESE CORONAIRE, STENT LIB. BIOLIMUS, BIOSENSORS, BIOFREEDOM, DIAM 3,50MM;http://www.codage.ext.cnamts.fr/cgi/tips/cgi-fiche?p_code_tips=3283866&p_date_jo_arrete=%25&p_menu=FICHE&p_site=AMELI
3287396;ENDOPROTHESE CORONAIRE, STENT LIB. BIOLIMUS, BIOSENSORS, BIOMATRIX ALPHA, 3,00MM;http://www.codage.ext.cnamts.fr/cgi/tips/cgi-fiche?p_code_tips=3287396&p_date_jo_arrete=%25&p_menu=FICHE&p_site=AMELI
3288310;ENDOPROT CORONAIRE, STENT LIB. ZOTAROLIMUS, MEDTRONIC, RESOLUTE INTEGRITY, 3MM.;http://www.codage.ext.cnamts.fr/cgi/tips/cgi-fiche?p_code_tips=3288310&p_date_jo_arrete=%25&p_menu=FICHE&p_site=AMELI
3292747;ENDOPROTHESE CORONAIRE, STENT LIB. BIOLIMUS, BIOSENSORS, BIOMATRIX ALPHA, 3,00MM;http://www.codage.ext.cnamts.fr/cgi/tips/cgi-fiche?p_code_tips=3292747&p_date_jo_arrete=%25&p_menu=FICHE&p_site=AMELI
3294350;ENDOPROT CORONAIRE, STENT LIB. ZOTAROLIMUS, MEDTRONIC, RESOLUTE INTEGRITY, 3MM.;http://www.codage.ext.cnamts.fr/cgi/tips/cgi-fiche?p_code_tips=3294350&p_date_jo_arrete=%25&p_menu=FICHE&p_site=AMELI
3298649;ENDOPROTHESE CORONAIRE, STENT LIB. BIOLIMUS, BIOSENSORS, BIOMATRIX ALPHA, 3,00MM;http://www.codage.ext.cnamts.fr/cgi/tips/cgi-fiche?p_code_tips=3298649&p_date_jo_arrete=%25&p_menu=FICHE&p_site=AMELI
3299531;IMPLANT CRANIO-MAXILLO-FACIAL,PLAQUE CONSTRUCTION PARTIELLE MANDIBULE,NON DROITE;http://www.codage.ext.cnamts.fr/cgi/tips/cgi-fiche?p_code_tips=3299531&p_date_jo_arrete=%25&p_menu=FICHE&p_site=AMELI
3318151;SONDES TRANSVEINEUSES STIM VENT. G, FILOGUIDEES, CONFORMES,MICROPORT CRM;http://www.codage.ext.cnamts.fr/cgi/tips/cgi-fiche?p_code_tips=3318151&p_date_jo_arrete=%25&p_menu=FICHE&p_site=AMELI
3333073;ALLOGREFFE VASCULAIRE, VEINE SAPHENE, NON CRYOCONSERV BIOPROTECT,EFS;http://www.codage.ext.cnamts.fr/cgi/tips/cgi-fiche?p_code_tips=3333073&p_date_jo_arrete=%25&p_menu=FICHE&p_site=AMELI
3402087;STIMULAT CARD. DE RE-SYNCHRO VENTRICULAIRE,MEDTRONIC,PERCEPTA CRT-P MRI SURESCAN;http://www.codage.ext.cnamts.fr/cgi/tips/cgi-fiche?p_code_tips=3402087&p_date_jo_arrete=%25&p_menu=FICHE&p_site=AMELI
3402271;SONDES STIM VENTRICULAIRE DROITE HORS VDD, UNIPOLAIRES,ABBOTT MEDICAL;http://www.codage.ext.cnamts.fr/cgi/tips/cgi-fiche?p_code_tips=3402271&p_date_jo_arrete=%25&p_menu=FICHE&p_site=AMELI
3405565;STIMULATEUR CARDIAQUE DOUBLE CHAMBRE, TYPE DDDR,ABBOTT MEDICAL;http://www.codage.ext.cnamts.fr/cgi/tips/cgi-fiche?p_code_tips=3405565&p_date_jo_arrete=%25&p_menu=FICHE&p_site=AMELI
3407073;DEFIBRILLATEUR CARDIAQUE SIMPLE CHAMBRE FREQ.ASSERV., MEDTRONIC, MARQUIS VR 7230;http://www.codage.ext.cnamts.fr/cgi/tips/cgi-fiche?p_code_tips=3407073&p_date_jo_arrete=%25&p_menu=FICHE&p_site=AMELI
3415919;STIMULATEUR CARDIAQUE DE RE-SYNCHRO VENTRICULAIRE, BIOTRONIK, AMVIA SKY HF-T QP.;http://www.codage.ext.cnamts.fr/cgi/tips/cgi-fiche?p_code_tips=3415919&p_date_jo_arrete=%25&p_menu=FICHE&p_site=AMELI
3416340;SONDES STIM ATRIALE OU VENTRICULAIRE DROITE HORS VDD, BIPOLAIRES,ABBOTT MEDICAL;http://www.codage.ext.cnamts.fr/cgi/tips/cgi-fiche?p_code_tips=3416340&p_date_jo_arrete=%25&p_menu=FICHE&p_site=AMELI
3418823;SONDE POUR DEFIBRILLATION VENTRICULAIRE DROITE,ABBOTT MEDICAL;http://www.codage.ext.cnamts.fr/cgi/tips/cgi-fiche?p_code_tips=3418823&p_date_jo_arrete=%25&p_menu=FICHE&p_site=AMELI
3422486;SONDES TRANSVEINEUSES STIM VENT. G, FILOGUIDEES, CONFORMES,ABBOTT MEDICAL;http://www.codage.ext.cnamts.fr/cgi/tips/cgi-fiche?p_code_tips=3422486&p_date_jo_arrete=%25&p_menu=FICHE&p_site=AMELI
3427986;SONDES EPICARDIQUES UNI OU BI-POLAIRES, STIM DROITE OU GAUCHE,ABBOTT MEDICAL;http://www.codage.ext.cnamts.fr/cgi/tips/cgi-fiche?p_code_tips=3427986&p_date_jo_arrete=%25&p_menu=FICHE&p_site=AMELI
3436956;SONDES EPICARDIQUES UNI OU BI-POLAIRES, STIM DROITE OU GAUCHE,ABBOTT MEDICAL;http://www.codage.ext.cnamts.fr/cgi/tips/cgi-fiche?p_code_tips=3436956&p_date_jo_arrete=%25&p_menu=FICHE&p_site=AMELI
3442106;STIMULATEUR CARDIAQUE SIMPLE CHAMBRE FREQ.ASSERV., ELA MEDICAL, OPUS G 4621;http://www.codage.ext.cnamts.fr/cgi/tips/cgi-fiche?p_code_tips=3442106&p_date_jo_arrete=%25&p_menu=FICHE&p_site=AMELI
3442750;STIM CARD DOUBLE CHAMBRE MONOSONDE FREQ. ASSERV, TYPE VDDR,ABBOTT MEDICAL;http://www.codage.ext.cnamts.fr/cgi/tips/cgi-fiche?p_code_tips=3442750&p_date_jo_arrete=%25&p_menu=FICHE&p_site=AMELI
3444364;STIMULATEUR CARDIAQUE DOUBLE CHAMBRE MONOSONDE, TYPE VDD,MEDTRONIC;http://www.codage.ext.cnamts.fr/cgi/tips/cgi-fiche?p_code_tips=3444364&p_date_jo_arrete=%25&p_menu=FICHE&p_site=AMELI
3451714;SONDES STIM ATRIALE OU VENTRICULAIRE DROITE HORS VDD, BIPOLAIRES,BIOTRONIK;http://www.codage.ext.cnamts.fr/cgi/tips/cgi-fiche?p_code_tips=3451714&p_date_jo_arrete=%25&p_menu=FICHE&p_site=AMELI
3453802;STIMULAT CARD.DE RE-SYNCHRO VENTRICUL,MEDTRONIC,PERCEPTA QUAD CRT-P MRI SURESCAN;http://www.codage.ext.cnamts.fr/cgi/tips/cgi-fiche?p_code_tips=3453802&p_date_jo_arrete=%25&p_menu=FICHE&p_site=AMELI
3458024;STIMULATEUR CARDIAQUE, SIMPLE CHAMBRE FREQ.ASSERV, GUIDANT, INSIGNA U SR 1190;http://www.codage.ext.cnamts.fr/cgi/tips/cgi-fiche?p_code_tips=3458024&p_date_jo_arrete=%25&p_menu=FICHE&p_site=AMELI
3460736;SYSTEME DE TELESURVEILLANCE POUR DAI A SONDE SOUS-CUT EMBLEM,BOSTON,LATITUDE NXT;http://www.codage.ext.cnamts.fr/cgi/tips/cgi-fiche?p_code_tips=3460736&p_date_jo_arrete=%25&p_menu=FICHE&p_site=AMELI
3462824;STIMULATEUR CARDIAQUE DOUBLE CHAMBRE FREQ.ASSERV., MEDTRONIC, KAPPA KDR 401;http://www.codage.ext.cnamts.fr/cgi/tips/cgi-fiche?p_code_tips=3462824&p_date_jo_arrete=%25&p_menu=FICHE&p_site=AMELI
3476430;DEFIBRILLATEUR CARDIAQUE DOUBLE CHAMBRE FREQ.ASSERV., MEDTRONIC, MARQUIS DR 7274;http://www.codage.ext.cnamts.fr/cgi/tips/cgi-fiche?p_code_tips=3476430&p_date_jo_arrete=%25&p_menu=FICHE&p_site=AMELI
3485825;NUT. ENT., AD, MEL POLY NPHE CONC,NUTRICIA, NUTRISON CONCENTRATED 2 KCAL, 500 ML;http://www.codage.ext.cnamts.fr/cgi/tips/cgi-fiche?p_code_tips=3485825&p_date_jo_arrete=%25&p_menu=FICHE&p_site=AMELI
3488864;STIM CARD DOUBLE CHAMBRE MONOSONDE FREQ. ASSERV, TYPE VDDR,ABBOTT MEDICAL;http://www.codage.ext.cnamts.fr/cgi/tips/cgi-fiche?p_code_tips=3488864&p_date_jo_arrete=%25&p_menu=FICHE&p_site=AMELI
3489875;SONDES STIM ATRIALE OU VENTRICULAIRE DROITE HORS VDD, BIPOLAIRES,MICROPORT CRM;http://www.codage.ext.cnamts.fr/cgi/tips/cgi-fiche?p_code_tips=3489875&p_date_jo_arrete=%25&p_menu=FICHE&p_site=AMELI
3490051;VHP,  ELEC, ASSISE ADAPTEE, DOSSIER REGLABLE, PLATINES CRANTEES,ELI INNOV FR;http://www.codage.ext.cnamts.fr/cgi/tips/cgi-fiche?p_code_tips=3490051&p_date_jo_arrete=%25&p_menu=FICHE&p_site=AMELI
3492239;STIM CEREBRALE, BOSTON, VERCISE GENUS P32, STIMULATION PROFONDE NON RECHARGEABLE;http://www.codage.ext.cnamts.fr/cgi/tips/cgi-fiche?p_code_tips=3492239&p_date_jo_arrete=%25&p_menu=FICHE&p_site=AMELI
4101353;VHP,  ELEC, ASSISE ADAPTEE, DOSSIER REGLABLE, VERIN PNEUMATIQUE,4POWER4;http://www.codage.ext.cnamts.fr/cgi/tips/cgi-fiche?p_code_tips=4101353&p_date_jo_arrete=%25&p_menu=FICHE&p_site=AMELI
4107723;VHP,  ELEC, ASSISE ADAPTEE, DOSSIER REGLABLE, VERIN PNEUMATIQUE,DRIVE DEVILBISS;http://www.codage.ext.cnamts.fr/cgi/tips/cgi-fiche?p_code_tips=4107723&p_date_jo_arrete=%25&p_menu=FICHE&p_site=AMELI
4111854;VHP, PROPULSION MANUELLE, POUR ACTIVITES PHYSIQUES ET SPORTIVES,MOTION COMPO;http://www.codage.ext.cnamts.fr/cgi/tips/cgi-fiche?p_code_tips=4111854&p_date_jo_arrete=%25&p_menu=FICHE&p_site=AMELI
4118193;VHP,  ELEC, ASSISE ADAPTEE, DOSSIER REGLABLE, VERIN PNEUMATIQUE,ALU REHAB APS;http://www.codage.ext.cnamts.fr/cgi/tips/cgi-fiche?p_code_tips=4118193&p_date_jo_arrete=%25&p_menu=FICHE&p_site=AMELI
4122473;VHP, MANUEL, PLIANT, DOSS. NON INCLINABLE, ARTICULATION MEDIANE,IDENTITES 49;http://www.codage.ext.cnamts.fr/cgi/tips/cgi-fiche?p_code_tips=4122473&p_date_jo_arrete=%25&p_menu=FICHE&p_site=AMELI
4122757;VHP,  ELEC, ASSISE ADAPTEE, DOSSIER REGLABLE, VERIN PNEUMATIQUE,PRIDE MOBILITY;http://www.codage.ext.cnamts.fr/cgi/tips/cgi-fiche?p_code_tips=4122757&p_date_jo_arrete=%25&p_menu=FICHE&p_site=AMELI
4130136;VHP,  ELEC, ASSISE ADAPTEE, DOSSIER REGLABLE, PLATINES CRANTEES,NEW LIVE MOBIL;http://www.codage.ext.cnamts.fr/cgi/tips/cgi-fiche?p_code_tips=4130136&p_date_jo_arrete=%25&p_menu=FICHE&p_site=AMELI
4134364;VHP, MANUEL, PLIANT, DOSS. NON INCLINABLE, ARTICULATION MEDIANE,BESCO MEDICAL;http://www.codage.ext.cnamts.fr/cgi/tips/cgi-fiche?p_code_tips=4134364&p_date_jo_arrete=%25&p_menu=FICHE&p_site=AMELI
4142530;VHP,  ELEC, ASSISE ADAPTEE, DOSSIER REGLABLE, PLATINES CRANTEES,LIFE MOBILITY;http://www.codage.ext.cnamts.fr/cgi/tips/cgi-fiche?p_code_tips=4142530&p_date_jo_arrete=%25&p_menu=FICHE&p_site=AMELI
4147668;VHP, PROPULSION MANUELLE, POUR ACTIVITES PHYSIQUES ET SPORTIVES,AMI AUTONOMIE;http://www.codage.ext.cnamts.fr/cgi/tips/cgi-fiche?p_code_tips=4147668&p_date_jo_arrete=%25&p_menu=FICHE&p_site=AMELI
4164566;VHP, MANUEL, EVOLUTIF, POUR ENFANT A PARTIR DE 18 MOIS,ARIA WHEELS;http://www.codage.ext.cnamts.fr/cgi/tips/cgi-fiche?p_code_tips=4164566&p_date_jo_arrete=%25&p_menu=FICHE&p_site=AMELI
4168966;VHP,  ELEC, ASSISE ADAPTEE, DOSSIER REGLABLE, PLATINES CRANTEES,DRIVE DEVILBISS;http://www.codage.ext.cnamts.fr/cgi/tips/cgi-fiche?p_code_tips=4168966&p_date_jo_arrete=%25&p_menu=FICHE&p_site=AMELI
4179540;VHP, MANUEL, PLIANT, DOSS. NON INCLINABLE, ARTICULATION MEDIANE,PERFORM HEALTH;http://www.codage.ext.cnamts.fr/cgi/tips/cgi-fiche?p_code_tips=4179540&p_date_jo_arrete=%25&p_menu=FICHE&p_site=AMELI
4183434;VHP, MANUEL, VERTICALISATION MANUELLE ASSISTEE, USAGE D'UNE MAIN,LIFE MOBILITY;http://www.codage.ext.cnamts.fr/cgi/tips/cgi-fiche?p_code_tips=4183434&p_date_jo_arrete=%25&p_menu=FICHE&p_site=AMELI
4184899;VHP,  ELEC, ASSISE ADAPTEE, DOSSIER REGLABLE, PLATINES CRANTEES,SUNRISE MED;http://www.codage.ext.cnamts.fr/cgi/tips/cgi-fiche?p_code_tips=4184899&p_date_jo_arrete=%25&p_menu=FICHE&p_site=AMELI
4195615;VHP, MANUEL, VERTICALISATION MANUELLE ASSISTEE, USAGE D'UNE MAIN,VASSILLI FR;http://www.codage.ext.cnamts.fr/cgi/tips/cgi-fiche?p_code_tips=4195615&p_date_jo_arrete=%25&p_menu=FICHE&p_site=AMELI
4222803;VHP, POUS. OU FAUTEUIL NON REGLABL, DOSS. OU SIEGE RIGIDE OU NON,L.C.D CONCEPT;http://www.codage.ext.cnamts.fr/cgi/tips/cgi-fiche?p_code_tips=4222803&p_date_jo_arrete=%25&p_menu=FICHE&p_site=AMELI
4233570;VHP, POUS. OU FAUTEUIL NON REGLABL, DOSS. OU SIEGE RIGIDE OU NON,L.C.D CONCEPT;http://www.codage.ext.cnamts.fr/cgi/tips/cgi-fiche?p_code_tips=4233570&p_date_jo_arrete=%25&p_menu=FICHE&p_site=AMELI
4252810;VHP, POUS. OU FAUTEUIL NON REGLABL, DOSS. OU SIEGE RIGIDE OU NON,DRIVE DEVILBISS;http://www.codage.ext.cnamts.fr/cgi/tips/cgi-fiche?p_code_tips=4252810&p_date_jo_arrete=%25&p_menu=FICHE&p_site=AMELI
4255116;VHP, POUS. OU FAUTEUIL NON REGLABL, DOSS. OU SIEGE RIGIDE OU NON,L.C.D CONCEPT;http://www.codage.ext.cnamts.fr/cgi/tips/cgi-fiche?p_code_tips=4255116&p_date_jo_arrete=%25&p_menu=FICHE&p_site=AMELI
4261051;VHP, POUS. OU FAUTEUIL NON REGLABL, DOSS. OU SIEGE RIGIDE OU NON,DRIVE DEVILBISS;http://www.codage.ext.cnamts.fr/cgi/tips/cgi-fiche?p_code_tips=4261051&p_date_jo_arrete=%25&p_menu=FICHE&p_site=AMELI
4263950;VHP, POUS. OU FAUTEUIL NON REGLABL, DOSS. OU SIEGE RIGIDE OU NON,LA CENTRALE MED;http://www.codage.ext.cnamts.fr/cgi/tips/cgi-fiche?p_code_tips=4263950&p_date_jo_arrete=%25&p_menu=FICHE&p_site=AMELI
4300348;VHP, MANUEL, PLIANT, COUSSIN DE SIEGE OU DE DOSSIER AVEC HOUSSE,L.C.D CONCEPT;http://www.codage.ext.cnamts.fr/cgi/tips/cgi-fiche?p_code_tips=4300348&p_date_jo_arrete=%25&p_menu=FICHE&p_site=AMELI
4308597;VHP, MANUEL, PLIANT, COUSSIN DE SIEGE OU DE DOSSIER AVEC HOUSSE,SYST ASSIST MED;http://www.codage.ext.cnamts.fr/cgi/tips/cgi-fiche?p_code_tips=4308597&p_date_jo_arrete=%25&p_menu=FICHE&p_site=AMELI
4309674;VHP, PROPULSION ELECTRIQUE, BOITIER DE COMMANDE PERSONNALISE,DECON WHEEL;http://www.codage.ext.cnamts.fr/cgi/tips/cgi-fiche?p_code_tips=4309674&p_date_jo_arrete=%25&p_menu=FICHE&p_site=AMELI
4314853;VHP, MANUEL, REPOSE-JAMBE DROIT OU GAUCHE, REPOSE-PIED ARTICULE,EUROMOVE;http://www.codage.ext.cnamts.fr/cgi/tips/cgi-fiche?p_code_tips=4314853&p_date_jo_arrete=%25&p_menu=FICHE&p_site=AMELI
4324739;VHP, PROPULSION MANUELLE, TABLETTE COMPLETE AVEC SON MONTAGE,DRIVE DEVILBISS;http://www.codage.ext.cnamts.fr/cgi/tips/cgi-fiche?p_code_tips=4324739&p_date_jo_arrete=%25&p_menu=FICHE&p_site=AMELI
4325302;VHP, MANUEL, PLIANT, COUSSIN DE SIEGE OU DE DOSSIER AVEC HOUSSE,WINNCARE FRANCE;http://www.codage.ext.cnamts.fr/cgi/tips/cgi-fiche?p_code_tips=4325302&p_date_jo_arrete=%25&p_menu=FICHE&p_site=AMELI
4327382;VHP, MANUEL, PLIANT, COUSSIN DE SIEGE OU DE DOSSIER AVEC HOUSSE,APEX MEDICAL;http://www.codage.ext.cnamts.fr/cgi/tips/cgi-fiche?p_code_tips=4327382&p_date_jo_arrete=%25&p_menu=FICHE&p_site=AMELI
4328542;VHP, MANUEL, PLIANT, COUSSIN DE SIEGE OU DE DOSSIER AVEC HOUSSE,ALU REHAB APS;http://www.codage.ext.cnamts.fr/cgi/tips/cgi-fiche?p_code_tips=4328542&p_date_jo_arrete=%25&p_menu=FICHE&p_site=AMELI
4329040;VHP, MANUEL, PLIANT,TOILE,MONTANTS DOSSIER COMPLEMENTAIRES LONGS,ALU REHAB APS;http://www.codage.ext.cnamts.fr/cgi/tips/cgi-fiche?p_code_tips=4329040&p_date_jo_arrete=%25&p_menu=FICHE&p_site=AMELI
4329330;VHP, MANUEL, REPOSE-JAMBE DROIT OU GAUCHE, REPOSE-PIED ARTICULE,DRIVE DEVILBISS;http://www.codage.ext.cnamts.fr/cgi/tips/cgi-fiche?p_code_tips=4329330&p_date_jo_arrete=%25&p_menu=FICHE&p_site=AMELI
4330036;VHP, MANUEL, REPOSE-JAMBE DROIT OU GAUCHE, REPOSE-PIED ARTICULE,EUROMOVE;http://www.codage.ext.cnamts.fr/cgi/tips/cgi-fiche?p_code_tips=4330036&p_date_jo_arrete=%25&p_menu=FICHE&p_site=AMELI
4331024;VHP, MANUEL, PLIANT, SYSTEME DE CONDUITE A DOUBLE MAIN COURANTE,SUNRISE MED;http://www.codage.ext.cnamts.fr/cgi/tips/cgi-fiche?p_code_tips=4331024&p_date_jo_arrete=%25&p_menu=FICHE&p_site=AMELI
4339681;VHP, PROPULSION ELECTRIQUE, BOITIER DE COMMANDE PERSONNALISE,NEW LIVE MOBIL;http://www.codage.ext.cnamts.fr/cgi/tips/cgi-fiche?p_code_tips=4339681&p_date_jo_arrete=%25&p_menu=FICHE&p_site=AMELI
4342654;VHP, MANUEL, REPOSE-JAMBE DROIT OU GAUCHE, REPOSE-PIED ARTICULE,DRIVE DEVILBISS;http://www.codage.ext.cnamts.fr/cgi/tips/cgi-fiche?p_code_tips=4342654&p_date_jo_arrete=%25&p_menu=FICHE&p_site=AMELI
4349142;VHP, MANUEL, PLIANT, SYSTEME DE CONDUITE A DOUBLE MAIN COURANTE,DRIVE DEVILBISS;http://www.codage.ext.cnamts.fr/cgi/tips/cgi-fiche?p_code_tips=4349142&p_date_jo_arrete=%25&p_menu=FICHE&p_site=AMELI
4357319;VHP, MANUEL, PLIANT, SYSTEME DE CONDUITE A DOUBLE MAIN COURANTE,SUNRISE MED;http://www.codage.ext.cnamts.fr/cgi/tips/cgi-fiche?p_code_tips=4357319&p_date_jo_arrete=%25&p_menu=FICHE&p_site=AMELI
4359293;VHP, MANUEL, PLIANT, SYSTEME DE CONDUITE A LEVIER LATERAL,INVACARE;http://www.codage.ext.cnamts.fr/cgi/tips/cgi-fiche?p_code_tips=4359293&p_date_jo_arrete=%25&p_menu=FICHE&p_site=AMELI
4360215;VHP, MANUEL, PLIANT, SYSTEME DE CONDUITE A DOUBLE MAIN COURANTE,OTTO BOCK;http://www.codage.ext.cnamts.fr/cgi/tips/cgi-fiche?p_code_tips=4360215&p_date_jo_arrete=%25&p_menu=FICHE&p_site=AMELI
4370886;VHP, PROPULSION ELECTRIQUE, BOITIER DE COMMANDE PERSONNALISE,ERGOFLIX;http://www.codage.ext.cnamts.fr/cgi/tips/cgi-fiche?p_code_tips=4370886&p_date_jo_arrete=%25&p_menu=FICHE&p_site=AMELI
4371408;VHP, MANUEL, REPOSE-JAMBE DROIT OU GAUCHE, REPOSE-PIED ARTICULE,DPZ SERVICES;http://www.codage.ext.cnamts.fr/cgi/tips/cgi-fiche?p_code_tips=4371408&p_date_jo_arrete=%25&p_menu=FICHE&p_site=AMELI
4371555;VHP, MANUEL, PLIANT,TOILE,MONTANTS DOSSIER COMPLEMENTAIRES LONGS,DRIVE DEVILBISS;http://www.codage.ext.cnamts.fr/cgi/tips/cgi-fiche?p_code_tips=4371555&p_date_jo_arrete=%25&p_menu=FICHE&p_site=AMELI
4375116;VHP, MANUEL, PLIANT, COUSSIN DE SIEGE OU DE DOSSIER AVEC HOUSSE,DRIVE DEVILBISS;http://www.codage.ext.cnamts.fr/cgi/tips/cgi-fiche?p_code_tips=4375116&p_date_jo_arrete=%25&p_menu=FICHE&p_site=AMELI
4375613;VHP, MANUEL, DISPOSITIF DE PROPULSION PAR MOTEUR ELECTRIQUE,BENOIT SYSTEMES;http://www.codage.ext.cnamts.fr/cgi/tips/cgi-fiche?p_code_tips=4375613&p_date_jo_arrete=%25&p_menu=FICHE&p_site=AMELI
4376386;VHP, PROPULSION MANUELLE, TABLETTE COMPLETE AVEC SON MONTAGE,L.C.D CONCEPT;http://www.codage.ext.cnamts.fr/cgi/tips/cgi-fiche?p_code_tips=4376386&p_date_jo_arrete=%25&p_menu=FICHE&p_site=AMELI
4380637;VHP, MANUEL, REPOSE-JAMBE DROIT OU GAUCHE, REPOSE-PIED ARTICULE,DRIVE DEVILBISS;http://www.codage.ext.cnamts.fr/cgi/tips/cgi-fiche?p_code_tips=4380637&p_date_jo_arrete=%25&p_menu=FICHE&p_site=AMELI
4385787;VHP,  ELEC, DEPLACEMENT DU BOITIER DE COMMANDE STANDARD,DRIVE DEVILBISS;http://www.codage.ext.cnamts.fr/cgi/tips/cgi-fiche?p_code_tips=4385787&p_date_jo_arrete=%25&p_menu=FICHE&p_site=AMELI
4396035;VHP, MANUEL, REPOSE-JAMBE DROIT OU GAUCHE, REPOSE-PIED ARTICULE,EUROMOVE;http://www.codage.ext.cnamts.fr/cgi/tips/cgi-fiche?p_code_tips=4396035&p_date_jo_arrete=%25&p_menu=FICHE&p_site=AMELI
4505889;VPH, ACHAT NEUF, POU_S, POUSSETTE STANDARD,OTTO BOCK;http://www.codage.ext.cnamts.fr/cgi/tips/cgi-fiche?p_code_tips=4505889&p_date_jo_arrete=%25&p_menu=FICHE&p_site=AMELI
4507210;VPH, ACHAT NEUF, BASE, BASE ROULANTE MODULAIRE,INVACARE;http://www.codage.ext.cnamts.fr/cgi/tips/cgi-fiche?p_code_tips=4507210&p_date_jo_arrete=%25&p_menu=FICHE&p_site=AMELI
4515072;VPH, ACHAT NEUF, SCO-B, SCOOTER CLASSE B,LIFE MOBILITY;http://www.codage.ext.cnamts.fr/cgi/tips/cgi-fiche?p_code_tips=4515072&p_date_jo_arrete=%25&p_menu=FICHE&p_site=AMELI
4518410;VPH, ACHAT NEUF, FREV, MODULAIRE ELECTRIQUE DE VERTICALISATION,MEYRA NETTI;http://www.codage.ext.cnamts.fr/cgi/tips/cgi-fiche?p_code_tips=4518410&p_date_jo_arrete=%25&p_menu=FICHE&p_site=AMELI
4520972;VPH, ACHAT NEUF, FRMS, MODULAIRE A PROPULSION MANUELLE DE SPORT,INVACARE;http://www.codage.ext.cnamts.fr/cgi/tips/cgi-fiche?p_code_tips=4520972&p_date_jo_arrete=%25&p_menu=FICHE&p_site=AMELI
4521010;VPH, ACHAT NEUF, FMPR, NON-MODULAIRE, ASSISE RIGIDE, MANUEL OU POUSSER,INVACARE;http://www.codage.ext.cnamts.fr/cgi/tips/cgi-fiche?p_code_tips=4521010&p_date_jo_arrete=%25&p_menu=FICHE&p_site=AMELI
4521687;VPH, ACHAT NEUF, FRMA, MODULAIRE A PROPULSION MANUELLE ACTIFS,DPZ SERVICES;http://www.codage.ext.cnamts.fr/cgi/tips/cgi-fiche?p_code_tips=4521687&p_date_jo_arrete=%25&p_menu=FICHE&p_site=AMELI
4530982;VPH, ACHAT NEUF, FMPR, NON-MODULAIRE, ASSISE RIGIDE, MANUEL OU POUSSER,INVACARE;http://www.codage.ext.cnamts.fr/cgi/tips/cgi-fiche?p_code_tips=4530982&p_date_jo_arrete=%25&p_menu=FICHE&p_site=AMELI
4540153;VPH, ACHAT NEUF, CYC, CYCLES MODULAIRES A ROUES MULTIPLES,SCHUCHMANN;http://www.codage.ext.cnamts.fr/cgi/tips/cgi-fiche?p_code_tips=4540153&p_date_jo_arrete=%25&p_menu=FICHE&p_site=AMELI
4544151;VPH, ACHAT NEUF, FMP, NON-MODULAIRE A PROPULSION MANUELLE OU A POUSSER,VERMEIREN;http://www.codage.ext.cnamts.fr/cgi/tips/cgi-fiche?p_code_tips=4544151&p_date_jo_arrete=%25&p_menu=FICHE&p_site=AMELI
4544777;VPH, ACHAT NEUF, FRE-A, MODULAIRE PAR MOTEUR ELECTRIQUE CLASSE A,PRIDE MOBILITY;http://www.codage.ext.cnamts.fr/cgi/tips/cgi-fiche?p_code_tips=4544777&p_date_jo_arrete=%25&p_menu=FICHE&p_site=AMELI
4544910;VPH, ACHAT NEUF, FRMV, MODULAIRE MANUEL DE VERTICALISATION,LIFE MOBILITY;http://www.codage.ext.cnamts.fr/cgi/tips/cgi-fiche?p_code_tips=4544910&p_date_jo_arrete=%25&p_menu=FICHE&p_site=AMELI
4545512;VPH, ACHAT NEUF, FRE-B, MODULAIRE PAR MOTEUR ELECTRIQUE - CLASSE B,LIFE MOBILITY;http://www.codage.ext.cnamts.fr/cgi/tips/cgi-fiche?p_code_tips=4545512&p_date_jo_arrete=%25&p_menu=FICHE&p_site=AMELI
4551530;VPH, ACHAT NEUF, FRE-B, MODULAIRE PAR MOTEUR ELECTRIQUE - CLASSE B,LIFE MOBILITY;http://www.codage.ext.cnamts.fr/cgi/tips/cgi-fiche?p_code_tips=4551530&p_date_jo_arrete=%25&p_menu=FICHE&p_site=AMELI
4563467;VPH, ACHAT NEUF, FREV, MODULAIRE ELECTRIQUE DE VERTICALISATION,LIFE MOBILITY;http://www.codage.ext.cnamts.fr/cgi/tips/cgi-fiche?p_code_tips=4563467&p_date_jo_arrete=%25&p_menu=FICHE&p_site=AMELI
4567040;VPH, ACHAT NEUF, POU_MRE,POUSSETTE MODUL MULTIREGLABLE EVOLUTIVE,SUNRISE MED;http://www.codage.ext.cnamts.fr/cgi/tips/cgi-fiche?p_code_tips=4567040&p_date_jo_arrete=%25&p_menu=FICHE&p_site=AMELI
4567229;VPH, ACHAT NEUF, CYC, CYCLES MODULAIRES A ROUES MULTIPLES,SCHUCHMANN;http://www.codage.ext.cnamts.fr/cgi/tips/cgi-fiche?p_code_tips=4567229&p_date_jo_arrete=%25&p_menu=FICHE&p_site=AMELI
4568000;VPH, ACHAT NEUF, SCO-C, SCOOTER CLASSE C,PRIDE MOBILITY;http://www.codage.ext.cnamts.fr/cgi/tips/cgi-fiche?p_code_tips=4568000&p_date_jo_arrete=%25&p_menu=FICHE&p_site=AMELI
4592457;VPH, ACHAT NEUF, FRE-B, MODULAIRE PAR MOTEUR ELECTRIQUE CLASSE B,SUNRISE MED;http://www.codage.ext.cnamts.fr/cgi/tips/cgi-fiche?p_code_tips=4592457&p_date_jo_arrete=%25&p_menu=FICHE&p_site=AMELI
4594077;VPH, ACHAT NEUF, FRMC, MODULAIRE MANUEL MULTI-CONFIGURABLE,LIFE MOBILITY;http://www.codage.ext.cnamts.fr/cgi/tips/cgi-fiche?p_code_tips=4594077&p_date_jo_arrete=%25&p_menu=FICHE&p_site=AMELI
4902165;VPH, ADJ, SUPP. FAUTEUIL ROULANT BARIATRIQUE FRE FREP FREV SCO,PRIDE MOBILITY;http://www.codage.ext.cnamts.fr/cgi/tips/cgi-fiche?p_code_tips=4902165&p_date_jo_arrete=%25&p_menu=FICHE&p_site=AMELI
4922720;VPH FRM, SUPPLEMENT POUR FAUTEUIL ROULANT BARIATRIQUE,DPZ SERVICES;http://www.codage.ext.cnamts.fr/cgi/tips/cgi-fiche?p_code_tips=4922720&p_date_jo_arrete=%25&p_menu=FICHE&p_site=AMELI
4925054;VPH, ADJ., ACHAT DISPOSITIF ASSISTANCE ELEC,COM PAR ACCOMPAGNANT,BENOIT SYSTEMES;http://www.codage.ext.cnamts.fr/cgi/tips/cgi-fiche?p_code_tips=4925054&p_date_jo_arrete=%25&p_menu=FICHE&p_site=AMELI
4928928;VPH, ADJ, SYST DE CONDUITE LEVIER LATERAL-FRM FRMC FRMA FRMS FRMP FRMV,INVACARE;http://www.codage.ext.cnamts.fr/cgi/tips/cgi-fiche?p_code_tips=4928928&p_date_jo_arrete=%25&p_menu=FICHE&p_site=AMELI
4929796;VPH, ADJ., ACHAT KIT PROP. ELEC., COMMANDE PAR UTILISATEUR,BENOIT SYSTEMES;http://www.codage.ext.cnamts.fr/cgi/tips/cgi-fiche?p_code_tips=4929796&p_date_jo_arrete=%25&p_menu=FICHE&p_site=AMELI
4933505;PATTE HYPOGASTRIQUE TIRANTS REGLABLES- 2 TIRANTS BILATERAUX MIN 21 CM L, 12 CM H;http://www.codage.ext.cnamts.fr/cgi/tips/cgi-fiche?p_code_tips=4933505&p_date_jo_arrete=%25&p_menu=FICHE&p_site=AMELI
4933507;CSA SUR MESURE, BORD SUP DU PUBIS A MI-DISTANCE ENTRE OMBILIC APPENDICE XIPHOIDE;http://www.codage.ext.cnamts.fr/cgi/tips/cgi-fiche?p_code_tips=4933507&p_date_jo_arrete=%25&p_menu=FICHE&p_site=AMELI
4936922;VPH, ADJONCTION, HARNAIS 4 POINTS OU PLUS POUR POU_MRE,SUNRISE MED;http://www.codage.ext.cnamts.fr/cgi/tips/cgi-fiche?p_code_tips=4936922&p_date_jo_arrete=%25&p_menu=FICHE&p_site=AMELI
4937991;VPH, ADJ., ACHAT DISPOSITIF ASSISTANCE ELEC,COM PAR ACCOMPAGNANT,BENOIT SYSTEMES;http://www.codage.ext.cnamts.fr/cgi/tips/cgi-fiche?p_code_tips=4937991&p_date_jo_arrete=%25&p_menu=FICHE&p_site=AMELI
4938766;VPH, ADJONCTION, LEVIER DE BASCULEMENT - FRM FRMC FRMA FRMS FRMP FRMV,INVACARE;http://www.codage.ext.cnamts.fr/cgi/tips/cgi-fiche?p_code_tips=4938766&p_date_jo_arrete=%25&p_menu=FICHE&p_site=AMELI
4941700;VPH, ADJ., BOITIER DE COMMANDE PERSONNALISE POUR FRE, FREP,FREV,SUNRISE MED;http://www.codage.ext.cnamts.fr/cgi/tips/cgi-fiche?p_code_tips=4941700&p_date_jo_arrete=%25&p_menu=FICHE&p_site=AMELI
4947601;VPH, ADJONCTION, PAP FORFAIT B ADJONCTIONS MEMBRE INFERIEUR,DRIVE DEVILBISS;http://www.codage.ext.cnamts.fr/cgi/tips/cgi-fiche?p_code_tips=4947601&p_date_jo_arrete=%25&p_menu=FICHE&p_site=AMELI
4954096;VPH, ADJONCTION, PAP, FORFAIT A ADJONCTIONS MEMBRE SUPERIEUR,WINNCARE FRANCE;http://www.codage.ext.cnamts.fr/cgi/tips/cgi-fiche?p_code_tips=4954096&p_date_jo_arrete=%25&p_menu=FICHE&p_site=AMELI
4954630;VPH, ADJONCTION, SUPPLEMENT APPUI-TETE REGLABLE,DRIVE DEVILBISS;http://www.codage.ext.cnamts.fr/cgi/tips/cgi-fiche?p_code_tips=4954630&p_date_jo_arrete=%25&p_menu=FICHE&p_site=AMELI
4965183;VPH, ADJ., BOITIER DE COMMANDE PERSONNALISE POUR FRE, FREP,FREV,PRIDE MOBILITY;http://www.codage.ext.cnamts.fr/cgi/tips/cgi-fiche?p_code_tips=4965183&p_date_jo_arrete=%25&p_menu=FICHE&p_site=AMELI
4965705;VPH, ADJONCTION, CEINTURE DE MAINTIEN 2 POINTS POUR POU,OTTO BOCK;http://www.codage.ext.cnamts.fr/cgi/tips/cgi-fiche?p_code_tips=4965705&p_date_jo_arrete=%25&p_menu=FICHE&p_site=AMELI
4970497;VPH, ADJONCTION, TABLETTE COMPLETE,DIETZ POWER BV;http://www.codage.ext.cnamts.fr/cgi/tips/cgi-fiche?p_code_tips=4970497&p_date_jo_arrete=%25&p_menu=FICHE&p_site=AMELI
4978547;VPH, ADJ,SYST CONDUITE DBLE MAIN COURANT -FRM FRMC FRMA FRMS FRMP FRMV,INVACARE;http://www.codage.ext.cnamts.fr/cgi/tips/cgi-fiche?p_code_tips=4978547&p_date_jo_arrete=%25&p_menu=FICHE&p_site=AMELI
4987500;VPH, ADJ, SUPP. FAUTEUIL ROULANT BARIATRIQUE FRE FREP FREV SCO,SUNRISE MED;http://www.codage.ext.cnamts.fr/cgi/tips/cgi-fiche?p_code_tips=4987500&p_date_jo_arrete=%25&p_menu=FICHE&p_site=AMELI
